Flow Duration,Total Fwd Packets,Total Backward Packets,Total Length of Fwd Packets,Total Length of Bwd Packets,Fwd Packet Length Max,Fwd Packet Length Min,Fwd Packet Length Mean,Fwd Packet Length Std,Bwd Packet Length Max,Bwd Packet Length Min,Bwd Packet Length Mean,Bwd Packet Length Std,Flow Bytes/s,Flow Packets/s,Flow IAT Mean,Flow IAT Std,Flow IAT Max,Flow IAT Min,Fwd IAT Total,Fwd IAT Mean,Fwd IAT Std,Fwd IAT Max,Fwd IAT Min,Bwd IAT Total,Bwd IAT Mean,Bwd IAT Std,Bwd IAT Max,Bwd IAT Min,Fwd PSH Flags,Bwd PSH Flags,Fwd URG Flags,Bwd URG Flags,Fwd Header Length,Bwd Header Length,Fwd Packets/s,Bwd Packets/s,Min Packet Length,Max Packet Length,Packet Length Mean,Packet Length Std,Packet Length Variance,FIN Flag Count,SYN Flag Count,RST Flag Count,PSH Flag Count,ACK Flag Count,URG Flag Count,CWE Flag Count,ECE Flag Count,Down/Up Ratio,Average Packet Size,Avg Fwd Segment Size,Avg Bwd Segment Size,Fwd Header Length.1,Fwd Avg Bytes/Bulk,Fwd Avg Packets/Bulk,Fwd Avg Bulk Rate,Bwd Avg Bytes/Bulk,Bwd Avg Packets/Bulk,Bwd Avg Bulk Rate,Subflow Fwd Packets,Subflow Fwd Bytes,Subflow Bwd Packets,Subflow Bwd Bytes,Init_Win_bytes_forward,Init_Win_bytes_backward,act_data_pkt_fwd,min_seg_size_forward,Active Mean,Active Std,Active Max,Active Min,Idle Mean,Idle Std,Idle Max,Idle Min,Label
80,1,1,0,0,0,0,0.0,0.0,0,0,0.0,0.0,0.0,25000.0,80.0,0.0,80,80,0,0.0,0.0,0,0,0,0.0,0.0,0,0,0,0,0,0,32,32,12500.0,12500.0,0,0,0.0,0.0,0.0,0,0,0,0,1,1,0,0,1,0.0,0.0,0.0,32,0,0,0,0,0,0,1,0,1,0,229,227,0,32,0.0,0.0,0,0,0.0,0.0,0,0,BruteForce
47,1,1,0,0,0,0,0.0,0.0,0,0,0.0,0.0,0.0,42553.19149,47.0,0.0,47,47,0,0.0,0.0,0,0,0,0.0,0.0,0,0,0,0,0,0,32,32,21276.59574,21276.59574,0,0,0.0,0.0,0.0,0,0,0,0,1,1,0,0,1,0.0,0.0,0.0,32,0,0,0,0,0,0,1,0,1,0,229,227,0,32,0.0,0.0,0,0,0.0,0.0,0,0,BruteForce
289,2,1,14,0,14,0,7.0,9.899494937,0,0,0.0,0.0,48442.90657,10380.62284,144.5,101.1162697,216,73,289,289.0,0.0,289,289,0,0.0,0.0,0,0,1,0,0,0,64,20,6920.415225,3460.2076119999997,0,14,7.0,8.082903769,65.33333333,0,1,0,0,1,0,0,0,0,9.333333333,7.0,0.0,64,0,0,0,0,0,0,2,14,1,0,229,0,0,32,0.0,0.0,0,0,0.0,0.0,0,0,BruteForce
335,2,1,14,0,14,0,7.0,9.899494937,0,0,0.0,0.0,41791.04478,8955.223881,167.5,122.3294731,254,81,335,335.0,0.0,335,335,0,0.0,0.0,0,0,1,0,0,0,64,20,5970.149254,2985.074627,0,14,7.0,8.082903769,65.33333333,0,1,0,0,1,0,0,0,0,9.333333333,7.0,0.0,64,0,0,0,0,0,0,2,14,1,0,229,0,0,32,0.0,0.0,0,0,0.0,0.0,0,0,BruteForce
4,2,0,14,0,14,0,7.0,9.899494937,0,0,0.0,0.0,3500000.0,500000.0,4.0,0.0,4,4,4,4.0,0.0,4,4,0,0.0,0.0,0,0,1,0,0,0,64,0,500000.0,0.0,0,14,9.333333333,8.082903769,65.33333333,0,1,0,0,1,0,0,0,0,14.0,7.0,0.0,64,0,0,0,0,0,0,2,14,0,0,229,-1,0,32,0.0,0.0,0,0,0.0,0.0,0,0,BruteForce
4,2,0,14,0,14,0,7.0,9.899494937,0,0,0.0,0.0,3500000.0,500000.0,4.0,0.0,4,4,4,4.0,0.0,4,4,0,0.0,0.0,0,0,1,0,0,0,64,0,500000.0,0.0,0,14,9.333333333,8.082903769,65.33333333,0,1,0,0,1,0,0,0,0,14.0,7.0,0.0,64,0,0,0,0,0,0,2,14,0,0,229,-1,0,32,0.0,0.0,0,0,0.0,0.0,0,0,BruteForce
245,2,1,14,0,14,0,7.0,9.899494937,0,0,0.0,0.0,57142.85714,12244.89796,122.5,12.02081528,131,114,245,245.0,0.0,245,245,0,0.0,0.0,0,0,1,0,0,0,64,20,8163.265306,4081.632653,0,14,7.0,8.082903769,65.33333333,0,1,0,0,1,0,0,0,0,9.333333333,7.0,0.0,64,0,0,0,0,0,0,2,14,1,0,229,0,0,32,0.0,0.0,0,0,0.0,0.0,0,0,BruteForce
234,2,1,14,0,14,0,7.0,9.899494937,0,0,0.0,0.0,59829.05983,12820.51282,117.0,41.01219331,146,88,234,234.0,0.0,234,234,0,0.0,0.0,0,0,1,0,0,0,64,20,8547.008547,4273.504274,0,14,7.0,8.082903769,65.33333333,0,1,0,0,1,0,0,0,0,9.333333333,7.0,0.0,64,0,0,0,0,0,0,2,14,1,0,229,0,0,32,0.0,0.0,0,0,0.0,0.0,0,0,BruteForce
9258254,9,15,111,188,27,0,12.33333333,10.23474475,34,0,12.53333333,14.54975045,32.29550626,2.592281439,402532.7826,1046675.831,3229798,3,5985686,748210.75,1385340.886,3117097,246,9258132,661295.1429,1292171.835,3229798,3,0,0,0,0,296,488,0.97210554,1.620175899,0,34,11.96,12.83056247,164.6233333,0,0,0,1,0,0,0,0,1,12.45833333,12.33333333,12.53333333,296,0,0,0,0,0,0,9,111,15,188,29200,227,6,32,0.0,0.0,0,0,0.0,0.0,0,0,BruteForce
233,2,1,14,0,14,0,7.0,9.899494937,0,0,0.0,0.0,60085.836910000005,12875.53648,116.5,43.13351365,147,86,233,233.0,0.0,233,233,0,0.0,0.0,0,0,1,0,0,0,64,20,8583.690987,4291.845494,0,14,7.0,8.082903769,65.33333333,0,1,0,0,1,0,0,0,0,9.333333333,7.0,0.0,64,0,0,0,0,0,0,2,14,1,0,229,0,0,32,0.0,0.0,0,0,0.0,0.0,0,0,BruteForce
313,2,1,14,0,14,0,7.0,9.899494937,0,0,0.0,0.0,44728.4345,9584.664537,156.5,98.28784258,226,87,313,313.0,0.0,313,313,0,0.0,0.0,0,0,1,0,0,0,64,20,6389.776358,3194.888179,0,14,7.0,8.082903769,65.33333333,0,1,0,0,1,0,0,0,0,9.333333333,7.0,0.0,64,0,0,0,0,0,0,2,14,1,0,229,0,0,32,0.0,0.0,0,0,0.0,0.0,0,0,BruteForce
8761958,9,15,109,188,26,0,12.11111111,9.980536614,34,0,12.53333333,14.54975045,33.89653317,2.739113792,380954.6957,991653.2595,3134396,4,6100823,762602.875,1411637.566,3175646,48,8761837,625845.5,1224392.299,3134396,4,0,0,0,0,296,488,1.027167672,1.71194612,0,34,11.88,12.76166133,162.86,0,0,0,1,0,0,0,0,1,12.375,12.11111111,12.53333333,296,0,0,0,0,0,0,9,109,15,188,29200,227,6,32,0.0,0.0,0,0,0.0,0.0,0,0,BruteForce
203,2,1,14,0,14,0,7.0,9.899494937,0,0,0.0,0.0,68965.51724,14778.32512,101.5,113.8441918,182,21,203,203.0,0.0,203,203,0,0.0,0.0,0,0,1,0,0,0,64,20,9852.216749,4926.108374,0,14,7.0,8.082903769,65.33333333,0,1,0,0,1,0,0,0,0,9.333333333,7.0,0.0,64,0,0,0,0,0,0,2,14,1,0,229,0,0,32,0.0,0.0,0,0,0.0,0.0,0,0,BruteForce
8868400,9,15,113,188,29,0,12.55555556,10.60791109,34,0,12.53333333,14.54975045,33.94073339,2.706237878,385582.6087,1001624.932,3129509,3,5946446,743305.75,1377793.708,3174049,228,8868286,633449.0,1236421.747,3129509,3,0,0,0,0,296,488,1.014839204,1.691398674,0,34,12.04,12.93406355,167.29,0,0,0,1,0,0,0,0,1,12.54166667,12.55555556,12.53333333,296,0,0,0,0,0,0,9,113,15,188,29200,227,6,32,0.0,0.0,0,0,0.0,0.0,0,0,BruteForce
9742971,9,15,108,188,24,0,12.0,9.797958971,34,0,12.53333333,14.54975045,30.38087663,2.463314322,423607.4348,1105953.69,3584216,3,6816325,852040.625,1580206.606,3626192,3,9742846,695917.5714,1365961.719,3584216,49,0,0,0,0,296,488,0.923742871,1.539571451,0,34,11.84,12.71377206,161.64,0,0,0,1,0,0,0,0,1,12.33333333,12.0,12.53333333,296,0,0,0,0,0,0,9,108,15,188,29200,227,6,32,0.0,0.0,0,0,0.0,0.0,0,0,BruteForce
9742188,9,15,108,188,23,0,12.0,9.682458366,34,0,12.53333333,14.54975045,30.38331841,2.463512303,423573.3913,1105491.044,3584162,3,6815260,851907.5,1580108.73,3626158,3,9742143,695867.3571,1365336.424,3584162,48,0,0,0,0,296,488,0.923817114,1.53969519,0,34,11.84,12.68424219,160.89,0,0,0,1,0,0,0,0,1,12.33333333,12.0,12.53333333,296,0,0,0,0,0,0,9,108,15,188,29200,227,6,32,0.0,0.0,0,0,0.0,0.0,0,0,BruteForce
9647930,9,15,109,188,25,0,12.11111111,9.955456349,34,0,12.53333333,14.54975045,30.78380544,2.487580237,419475.2174,1095705.785,3580707,3,6025825,753228.125,1394267.8590000002,3134689,3,9647826,689130.4286,1353376.868,3580707,3,0,0,0,0,296,488,0.932842589,1.554737648,0,34,11.88,12.75512969,162.6933333,0,0,0,1,0,0,0,0,1,12.375,12.11111111,12.53333333,296,0,0,0,0,0,0,9,109,15,188,29200,227,6,32,0.0,0.0,0,0,0.0,0.0,0,0,BruteForce
8764012,9,15,109,188,23,0,12.11111111,9.778093429,34,0,12.53333333,14.54975045,33.88858892,2.7384718319999997,381044.0,989943.3088,3093907,1,5869971,733746.375,1361379.738,3138023,1,8763924,625994.5714,1222015.368,3093907,3,0,0,0,0,296,488,1.026926937,1.711544895,0,34,11.88,12.70931417,161.5266667,0,0,0,1,0,0,0,0,1,12.375,12.11111111,12.53333333,296,0,0,0,0,0,0,9,109,15,188,29200,227,6,32,0.0,0.0,0,0,0.0,0.0,0,0,BruteForce
8897840,9,15,116,188,28,0,12.88888889,10.99368506,34,0,12.53333333,14.54975045,34.16559525,2.697283835,386862.6087,997453.7026,3156629,3,6212376,776547.0,1417346.091,3203845,4,8897762,635554.4286,1230246.745,3156629,3,0,0,0,0,296,488,1.011481438,1.6858023969999998,0,34,12.16,13.04696644,170.2233333,0,0,0,1,0,0,0,0,1,12.66666667,12.88888889,12.53333333,296,0,0,0,0,0,0,9,116,15,188,29200,227,6,32,0.0,0.0,0,0,0.0,0.0,0,0,BruteForce
9785070,9,15,109,188,25,0,12.11111111,9.892477501,34,0,12.53333333,14.54975045,30.35236335,2.45271623,425437.8261,1110280.157,3605116,3,6848206,856025.75,1587969.581,3649194,260,9784914,698922.4286,1371245.3180000002,3605116,3,0,0,0,0,296,488,0.919768586,1.532947644,0,34,11.88,12.73878592,162.2766667,0,0,0,1,0,0,0,0,1,12.375,12.11111111,12.53333333,296,0,0,0,0,0,0,9,109,15,188,29200,227,6,32,0.0,0.0,0,0,0.0,0.0,0,0,BruteForce
314,2,1,14,0,14,0,7.0,9.899494937,0,0,0.0,0.0,44585.98726,9554.140127,157.0,94.75230868,224,90,314,314.0,0.0,314,314,0,0.0,0.0,0,0,1,0,0,0,64,20,6369.426752,3184.713376,0,14,7.0,8.082903769,65.33333333,0,1,0,0,1,0,0,0,0,9.333333333,7.0,0.0,64,0,0,0,0,0,0,2,14,1,0,229,0,0,32,0.0,0.0,0,0,0.0,0.0,0,0,BruteForce
8211996,9,15,100,188,23,0,11.11111111,8.823894328,34,0,12.53333333,14.54975045,35.07064543,2.9225537860000004,357043.3043,924508.765,2733836,3,5491905,686488.125,1268868.564,2780816,223,8211854,586561.0,1140822.888,2733836,3,0,0,0,0,296,488,1.09595767,1.826596116,0,34,11.52,12.47704559,155.6766667,0,0,0,1,0,0,0,0,1,12.0,11.11111111,12.53333333,296,0,0,0,0,0,0,9,100,15,188,29200,227,6,32,0.0,0.0,0,0,0.0,0.0,0,0,BruteForce
8224921,9,15,114,188,28,0,12.66666667,10.68877916,34,0,12.53333333,14.54975045,36.7176779,2.9179611569999997,357605.2609,925352.3412,2738990,3,5498612,687326.5,1268960.3590000002,2782453,252,8224858,587489.8571,1141777.002,2738990,3,0,0,0,0,296,488,1.094235434,1.823725723,0,34,12.08,12.95800911,167.91,0,0,0,1,0,0,0,0,1,12.58333333,12.66666667,12.53333333,296,0,0,0,0,0,0,9,114,15,188,29200,227,6,32,0.0,0.0,0,0,0.0,0.0,0,0,BruteForce
8234522,9,15,121,188,28,0,13.44444444,11.50120767,34,0,12.53333333,14.54975045,37.5249468,2.914558975,358022.6957,925967.9297,2744539,3,5513969,689246.125,1270394.557,2786404,290,8234373,588169.5,1142475.815,2744539,3,0,0,0,0,296,488,1.092959616,1.821599359,0,34,12.36,13.20631162,174.4066667,0,0,0,1,0,0,0,0,1,12.875,13.44444444,12.53333333,296,0,0,0,0,0,0,9,121,15,188,29200,227,6,32,0.0,0.0,0,0,0.0,0.0,0,0,BruteForce
253,2,1,14,0,14,0,7.0,9.899494937,0,0,0.0,0.0,55335.96838,11857.70751,126.5,43.13351365,157,96,253,253.0,0.0,253,253,0,0.0,0.0,0,0,1,0,0,0,64,20,7905.13834,3952.56917,0,14,7.0,8.082903769,65.33333333,0,1,0,0,1,0,0,0,0,9.333333333,7.0,0.0,64,0,0,0,0,0,0,2,14,1,0,229,0,0,32,0.0,0.0,0,0,0.0,0.0,0,0,BruteForce
8458307,9,15,107,188,26,0,11.88888889,9.726824308,34,0,12.53333333,14.54975045,34.87695587,2.837447257,367752.4783,954000.762,2924669,3,5678438,709804.75,1314374.769,2969349,3,8458180,604155.7143,1177456.107,2924669,3,0,0,0,0,296,488,1.064042722,1.773404536,0,34,11.8,12.69514343,161.16666669999995,0,0,0,1,0,0,0,0,1,12.29166667,11.88888889,12.53333333,296,0,0,0,0,0,0,9,107,15,188,29200,227,6,32,0.0,0.0,0,0,0.0,0.0,0,0,BruteForce
8803729,9,15,106,188,23,0,11.77777778,9.497075573,34,0,12.53333333,14.54975045,33.394939799999996,2.726117535,382770.8261,994139.2174,3109319,3,5907117,738389.625,1368567.05,3153569,3,8803606,628829.0,1227156.862,3109319,18,0,0,0,0,296,488,1.022294076,1.703823459,0,34,11.76,12.63685087,159.69,0,0,0,1,0,0,0,0,1,12.25,11.77777778,12.53333333,296,0,0,0,0,0,0,9,106,15,188,29200,227,6,32,0.0,0.0,0,0,0.0,0.0,0,0,BruteForce
271,2,1,14,0,14,0,7.0,9.899494937,0,0,0.0,0.0,51660.51661,11070.1107,135.5,33.23401872,159,112,271,271.0,0.0,271,271,0,0.0,0.0,0,0,1,0,0,0,64,20,7380.073801,3690.0369,0,14,7.0,8.082903769,65.33333333,0,1,0,0,1,0,0,0,0,9.333333333,7.0,0.0,64,0,0,0,0,0,0,2,14,1,0,229,0,0,32,0.0,0.0,0,0,0.0,0.0,0,0,BruteForce
8993490,9,15,99,188,19,0,11.0,8.529361055,34,0,12.53333333,14.54975045,31.91197188,2.6685969519999997,391021.3043,1019335.318,3286350,3,6252411,781551.375,1449569.5890000004,3328990,230,8993403,642385.9286,1258770.08,3286350,3,0,0,0,0,296,488,1.000723857,1.667873095,0,34,11.48,12.41007655,154.01,0,0,0,1,0,0,0,0,1,11.95833333,11.0,12.53333333,296,0,0,0,0,0,0,9,99,15,188,29200,227,6,32,0.0,0.0,0,0,0.0,0.0,0,0,BruteForce
9445931,9,15,107,188,25,0,11.88888889,9.636447017,34,0,12.53333333,14.54975045,31.23037846,2.540776552,410692.6522,1065694.678,3286568,3,6117526,764690.75,1409392.196,3174198,4,9445775,674698.2143,1315354.262,3286568,3,0,0,0,0,296,488,0.952791207,1.587985345,0,34,11.8,12.67214794,160.58333330000005,0,0,0,1,0,0,0,0,1,12.29166667,11.88888889,12.53333333,296,0,0,0,0,0,0,9,107,15,188,29200,227,6,32,0.0,0.0,0,0,0.0,0.0,0,0,BruteForce
246,2,1,14,0,14,0,7.0,9.899494937,0,0,0.0,0.0,56910.56911,12195.12195,123.0,7.071067812000001,128,118,246,246.0,0.0,246,246,0,0.0,0.0,0,0,1,0,0,0,64,20,8130.081301,4065.04065,0,14,7.0,8.082903769,65.33333333,0,1,0,0,1,0,0,0,0,9.333333333,7.0,0.0,64,0,0,0,0,0,0,2,14,1,0,229,0,0,32,0.0,0.0,0,0,0.0,0.0,0,0,BruteForce
3,2,0,14,0,14,0,7.0,9.899494937,0,0,0.0,0.0,4666666.666999999,666666.6667,3.0,0.0,3,3,3,3.0,0.0,3,3,0,0.0,0.0,0,0,1,0,0,0,64,0,666666.6667,0.0,0,14,9.333333333,8.082903769,65.33333333,0,1,0,0,1,0,0,0,0,14.0,7.0,0.0,64,0,0,0,0,0,0,2,14,0,0,229,-1,0,32,0.0,0.0,0,0,0.0,0.0,0,0,BruteForce
9490509,9,15,104,188,24,0,11.55555556,9.248122933,34,0,12.53333333,14.54975045,30.76758054,2.528842236,412630.8261,1073907.022,3306025,31,6142044,767755.5,1421405.539,3197656,240,9490465,677890.3571,1325919.239,3306025,48,0,0,0,0,296,488,0.948315838,1.580526397,0,34,11.68,12.57550529,158.14333330000005,0,0,0,1,0,0,0,0,1,12.16666667,11.55555556,12.53333333,296,0,0,0,0,0,0,9,104,15,188,29200,227,6,32,0.0,0.0,0,0,0.0,0.0,0,0,BruteForce
9585360,9,15,105,188,25,0,11.66666667,9.420721841,34,0,12.53333333,14.54975045,30.56744869,2.503818323,416754.7826,1062995.027,3163547,3,6502001,812750.125,1456633.245,3205316,42,9585280,684662.8571,1309479.495,3163547,3,0,0,0,0,296,488,0.938931871,1.564886452,0,34,11.72,12.61784451,159.21,0,0,0,1,0,0,0,0,1,12.20833333,11.66666667,12.53333333,296,0,0,0,0,0,0,9,105,15,188,29200,227,6,32,0.0,0.0,0,0,0.0,0.0,0,0,BruteForce
8381214,9,15,100,188,23,0,11.11111111,8.823894328,34,0,12.53333333,14.54975045,34.3625637,2.863546975,364400.6087,958525.2456,3071018,3,5268801,658600.125,1242656.203,3094380,3,8381095,598649.6429,1184836.316,3071018,3,0,0,0,0,296,488,1.073830116,1.78971686,0,34,11.52,12.47704559,155.6766667,0,0,0,1,0,0,0,0,1,12.0,11.11111111,12.53333333,296,0,0,0,0,0,0,9,100,15,188,29200,227,6,32,0.0,0.0,0,0,0.0,0.0,0,0,BruteForce
8383522,9,15,106,188,26,0,11.77777778,9.601793814,34,0,12.53333333,14.54975045,35.06879328,2.862758635,364500.9565,958635.7306,3072038,3,5271058,658882.25,1243019.833,3094877,49,8383404,598814.5714,1184952.283,3072038,3,0,0,0,0,296,488,1.073534488,1.789224147,0,34,11.76,12.66320128,160.35666669999995,0,0,0,1,0,0,0,0,1,12.25,11.77777778,12.53333333,296,0,0,0,0,0,0,9,106,15,188,29200,227,6,32,0.0,0.0,0,0,0.0,0.0,0,0,BruteForce
4,2,0,14,0,14,0,7.0,9.899494937,0,0,0.0,0.0,3500000.0,500000.0,4.0,0.0,4,4,4,4.0,0.0,4,4,0,0.0,0.0,0,0,1,0,0,0,64,0,500000.0,0.0,0,14,9.333333333,8.082903769,65.33333333,0,1,0,0,1,0,0,0,0,14.0,7.0,0.0,64,0,0,0,0,0,0,2,14,0,0,229,-1,0,32,0.0,0.0,0,0,0.0,0.0,0,0,BruteForce
4,2,0,14,0,14,0,7.0,9.899494937,0,0,0.0,0.0,3500000.0,500000.0,4.0,0.0,4,4,4,4.0,0.0,4,4,0,0.0,0.0,0,0,1,0,0,0,64,0,500000.0,0.0,0,14,9.333333333,8.082903769,65.33333333,0,1,0,0,1,0,0,0,0,14.0,7.0,0.0,64,0,0,0,0,0,0,2,14,0,0,229,-1,0,32,0.0,0.0,0,0,0.0,0.0,0,0,BruteForce
9208230,9,15,101,188,23,0,11.22222222,8.941165721,34,0,12.53333333,14.54975045,31.38496758,2.60636409,400357.8261,1048344.642,3500936,3,6175125,771890.625,1448229.804,3545452,4,9208131,657723.6429,1295224.999,3500936,3,0,0,0,0,296,488,0.977386534,1.628977556,0,34,11.56,12.50359948,156.34,0,0,0,1,0,0,0,0,1,12.04166667,11.22222222,12.53333333,296,0,0,0,0,0,0,9,101,15,188,29200,227,6,32,0.0,0.0,0,0,0.0,0.0,0,0,BruteForce
258,2,1,14,0,14,0,7.0,9.899494937,0,0,0.0,0.0,54263.56589,11627.90698,129.0,59.39696962,171,87,258,258.0,0.0,258,258,0,0.0,0.0,0,0,1,0,0,0,64,20,7751.937984,3875.968992,0,14,7.0,8.082903769,65.33333333,0,1,0,0,1,0,0,0,0,9.333333333,7.0,0.0,64,0,0,0,0,0,0,2,14,1,0,229,0,0,32,0.0,0.0,0,0,0.0,0.0,0,0,BruteForce
290,2,1,14,0,14,0,7.0,9.899494937,0,0,0.0,0.0,48275.86207,10344.82759,145.0,70.71067812,195,95,290,290.0,0.0,290,290,0,0.0,0.0,0,0,1,0,0,0,64,20,6896.551723999999,3448.2758619999995,0,14,7.0,8.082903769,65.33333333,0,1,0,0,1,0,0,0,0,9.333333333,7.0,0.0,64,0,0,0,0,0,0,2,14,1,0,229,0,0,32,0.0,0.0,0,0,0.0,0.0,0,0,BruteForce
244,2,1,14,0,14,0,7.0,9.899494937,0,0,0.0,0.0,57377.049179999995,12295.08197,122.0,94.75230868,189,55,244,244.0,0.0,244,244,0,0.0,0.0,0,0,1,0,0,0,64,20,8196.721311,4098.360656,0,14,7.0,8.082903769,65.33333333,0,1,0,0,1,0,0,0,0,9.333333333,7.0,0.0,64,0,0,0,0,0,0,2,14,1,0,229,0,0,32,0.0,0.0,0,0,0.0,0.0,0,0,BruteForce
270,2,1,14,0,14,0,7.0,9.899494937,0,0,0.0,0.0,51851.85185,11111.11111,135.0,53.74011537,173,97,270,270.0,0.0,270,270,0,0.0,0.0,0,0,1,0,0,0,64,20,7407.407407,3703.703704,0,14,7.0,8.082903769,65.33333333,0,1,0,0,1,0,0,0,0,9.333333333,7.0,0.0,64,0,0,0,0,0,0,2,14,1,0,229,0,0,32,0.0,0.0,0,0,0.0,0.0,0,0,BruteForce
250,2,1,14,0,14,0,7.0,9.899494937,0,0,0.0,0.0,56000.0,12000.0,125.0,14.14213562,135,115,250,250.0,0.0,250,250,0,0.0,0.0,0,0,1,0,0,0,64,20,8000.0,4000.0,0,14,7.0,8.082903769,65.33333333,0,1,0,0,1,0,0,0,0,9.333333333,7.0,0.0,64,0,0,0,0,0,0,2,14,1,0,229,0,0,32,0.0,0.0,0,0,0.0,0.0,0,0,BruteForce
8179920,9,15,113,188,28,0,12.55555556,10.4774891,34,0,12.53333333,14.54975045,36.79742589,2.934014025,355648.6957,926629.6937,3098753,3,5383702,672962.75,1256799.493,3142313,10,8179810,584272.1429,1144226.204,3098753,3,0,0,0,0,296,488,1.100255259,1.833758765,0,34,12.04,12.89857873,166.3733333,0,0,0,1,0,0,0,0,1,12.54166667,12.55555556,12.53333333,296,0,0,0,0,0,0,9,113,15,188,29200,227,6,32,0.0,0.0,0,0,0.0,0.0,0,0,BruteForce
8242263,9,15,98,188,20,0,10.88888889,8.432740427,34,0,12.53333333,14.54975045,34.69920822,2.911821668,358359.2609,921978.455,3070979,3,5445042,680630.25,1242440.7659999998,3113953,4,8242156,588725.4286,1136886.927,3070979,3,0,0,0,0,296,488,1.091933126,1.819888543,0,34,11.44,12.38978074,153.50666669999995,0,0,0,1,0,0,0,0,1,11.91666667,10.88888889,12.53333333,296,0,0,0,0,0,0,9,98,15,188,29200,227,6,32,0.0,0.0,0,0,0.0,0.0,0,0,BruteForce
3,2,0,14,0,14,0,7.0,9.899494937,0,0,0.0,0.0,4666666.666999999,666666.6667,3.0,0.0,3,3,3,3.0,0.0,3,3,0,0.0,0.0,0,0,1,0,0,0,64,0,666666.6667,0.0,0,14,9.333333333,8.082903769,65.33333333,0,1,0,0,1,0,0,0,0,14.0,7.0,0.0,64,0,0,0,0,0,0,2,14,0,0,229,-1,0,32,0.0,0.0,0,0,0.0,0.0,0,0,BruteForce
9034637,9,15,110,188,24,0,12.22222222,9.934507761,34,0,12.53333333,14.54975045,32.984169699999995,2.656443197,392810.3043,1028071.014,3540412,3,6825250,853156.25,1552149.803,3584849,3,9034542,645324.4286,1270113.746,3540412,3,0,0,0,0,296,488,0.996166199,1.660276998,0,34,11.92,12.75055554,162.5766667,0,0,0,1,0,0,0,0,1,12.41666667,12.22222222,12.53333333,296,0,0,0,0,0,0,9,110,15,188,29200,227,6,32,0.0,0.0,0,0,0.0,0.0,0,0,BruteForce
9336166,9,15,109,188,26,0,12.11111111,9.93031274,34,0,12.53333333,14.54975045,31.811773699999996,2.57064838,405920.2609,1061524.057,3541023,3,6264351,783043.875,1465596.382,3585466,3,9336043,666860.2143,1311323.598,3541023,3,0,0,0,0,296,488,0.963993142,1.6066552369999998,0,34,11.88,12.74859469,162.5266667,0,0,0,1,0,0,0,0,1,12.375,12.11111111,12.53333333,296,0,0,0,0,0,0,9,109,15,188,29200,227,6,32,0.0,0.0,0,0,0.0,0.0,0,0,BruteForce
8775454,9,15,108,188,25,0,12.0,9.810708435,34,0,12.53333333,14.54975045,33.73044859,2.734901237,381541.4783,974434.9015,3088792,4,5643477,705434.625,1263334.007,2779854,4,8775379,626812.7857,1200562.796,3088792,4,0,0,0,0,296,488,1.025587964,1.709313273,0,34,11.84,12.71704892,161.7233333,0,0,0,1,0,0,0,0,1,12.33333333,12.0,12.53333333,296,0,0,0,0,0,0,9,108,15,188,29200,227,6,32,0.0,0.0,0,0,0.0,0.0,0,0,BruteForce
8781110,9,15,105,188,22,0,11.66666667,9.300537619,34,0,12.53333333,14.54975045,33.36708002,2.73313966,381787.3913,975666.0538,3090727,3,5647696,705962.0,1265419.999,2779640,216,8781046,627217.5714,1202161.717,3090727,3,0,0,0,0,296,488,1.024927373,1.708212288,0,34,11.72,12.58808961,158.46,0,0,0,1,0,0,0,0,1,12.20833333,11.66666667,12.53333333,296,0,0,0,0,0,0,9,105,15,188,29200,227,6,32,0.0,0.0,0,0,0.0,0.0,0,0,BruteForce
8042536,9,15,115,188,30,0,12.77777778,10.88321848,34,0,12.53333333,14.54975045,37.67468371,2.984133363,349675.4783,905540.7284,2676586,3,5372215,671526.875,1241738.81,2721515,3,8042419,574458.5,1117431.205,2676586,3,0,0,0,0,296,488,1.119050011,1.865083352,0,34,12.12,13.01383879,169.36,0,0,0,1,0,0,0,0,1,12.625,12.77777778,12.53333333,296,0,0,0,0,0,0,9,115,15,188,29200,227,6,32,0.0,0.0,0,0,0.0,0.0,0,0,BruteForce
273,2,1,14,0,14,0,7.0,9.899494937,0,0,0.0,0.0,51282.05128,10989.01099,136.5,118.0868325,220,53,273,273.0,0.0,273,273,0,0.0,0.0,0,0,1,0,0,0,64,20,7326.007326000001,3663.003663,0,14,7.0,8.082903769,65.33333333,0,1,0,0,1,0,0,0,0,9.333333333,7.0,0.0,64,0,0,0,0,0,0,2,14,1,0,229,0,0,32,0.0,0.0,0,0,0.0,0.0,0,0,BruteForce
3,2,0,14,0,14,0,7.0,9.899494937,0,0,0.0,0.0,4666666.666999999,666666.6667,3.0,0.0,3,3,3,3.0,0.0,3,3,0,0.0,0.0,0,0,1,0,0,0,64,0,666666.6667,0.0,0,14,9.333333333,8.082903769,65.33333333,0,1,0,0,1,0,0,0,0,14.0,7.0,0.0,64,0,0,0,0,0,0,2,14,0,0,229,-1,0,32,0.0,0.0,0,0,0.0,0.0,0,0,BruteForce
8679949,9,15,112,188,28,0,12.44444444,10.38160767,34,0,12.53333333,14.54975045,34.56241506,2.7649932039999996,377389.08700000006,973722.6948,3247587,3,6312709,789088.625,1427398.762,3289136,228,8679826,619987.5714,1201078.118,3247587,3,0,0,0,0,296,488,1.036872452,1.728120753,0,34,12.0,12.87115638,165.66666669999995,0,0,0,1,0,0,0,0,1,12.5,12.44444444,12.53333333,296,0,0,0,0,0,0,9,112,15,188,29200,227,6,32,0.0,0.0,0,0,0.0,0.0,0,0,BruteForce
231,2,1,14,0,14,0,7.0,9.899494937,0,0,0.0,0.0,60606.06061,12987.01299,115.5,36.06244584,141,90,231,231.0,0.0,231,231,0,0.0,0.0,0,0,1,0,0,0,64,20,8658.008658,4329.004329,0,14,7.0,8.082903769,65.33333333,0,1,0,0,1,0,0,0,0,9.333333333,7.0,0.0,64,0,0,0,0,0,0,2,14,1,0,229,0,0,32,0.0,0.0,0,0,0.0,0.0,0,0,BruteForce
259,2,1,14,0,14,0,7.0,9.899494937,0,0,0.0,0.0,54054.05405,11583.01158,129.5,102.5304833,202,57,259,259.0,0.0,259,259,0,0.0,0.0,0,0,1,0,0,0,64,20,7722.007722,3861.003861,0,14,7.0,8.082903769,65.33333333,0,1,0,0,1,0,0,0,0,9.333333333,7.0,0.0,64,0,0,0,0,0,0,2,14,1,0,229,0,0,32,0.0,0.0,0,0,0.0,0.0,0,0,BruteForce
239,2,1,14,0,14,0,7.0,9.899494937,0,0,0.0,0.0,58577.40586,12552.30126,119.5,57.27564928,160,79,239,239.0,0.0,239,239,0,0.0,0.0,0,0,1,0,0,0,64,20,8368.200837,4184.100418,0,14,7.0,8.082903769,65.33333333,0,1,0,0,1,0,0,0,0,9.333333333,7.0,0.0,64,0,0,0,0,0,0,2,14,1,0,229,0,0,32,0.0,0.0,0,0,0.0,0.0,0,0,BruteForce
8696911,9,15,104,188,23,0,11.55555556,9.221050796,34,0,12.53333333,14.54975045,33.57513949,2.7596005060000004,378126.5652,989604.9712,3260953,3,5704662,713082.75,1340796.892,3307297,4,8696815,621201.0714,1222582.804,3260953,3,0,0,0,0,296,488,1.03485019,1.7247503169999998,0,34,11.68,12.56887691,157.97666669999995,0,0,0,1,0,0,0,0,1,12.16666667,11.55555556,12.53333333,296,0,0,0,0,0,0,9,104,15,188,29200,227,6,32,0.0,0.0,0,0,0.0,0.0,0,0,BruteForce
8523494,9,15,105,188,23,0,11.66666667,9.354143467,34,0,12.53333333,14.54975045,34.37557415,2.815746688,370586.6957,969652.2342,3264657,5,5712455,714056.875,1340799.73,3308582,48,8523388,608813.4286,1197903.758,3264657,5,0,0,0,0,296,488,1.055905008,1.75984168,0,34,11.72,12.60132268,158.7933333,0,0,0,1,0,0,0,0,1,12.20833333,11.66666667,12.53333333,296,0,0,0,0,0,0,9,105,15,188,29200,227,6,32,0.0,0.0,0,0,0.0,0.0,0,0,BruteForce
8973333,9,15,104,188,25,0,11.55555556,9.408920118,34,0,12.53333333,14.54975045,32.54086302,2.674591481,390144.91299999994,1015809.529,3265105,3,5665132,708141.5,1309905.041,2953301,246,8973243,640945.9286,1254248.1509999998,3265105,3,0,0,0,0,296,488,1.002971805,1.671619676,0,34,11.68,12.61520247,159.14333330000005,0,0,0,1,0,0,0,0,1,12.16666667,11.55555556,12.53333333,296,0,0,0,0,0,0,9,104,15,188,29200,227,6,32,0.0,0.0,0,0,0.0,0.0,0,0,BruteForce
258,2,1,14,0,14,0,7.0,9.899494937,0,0,0.0,0.0,54263.56589,11627.90698,129.0,72.12489168,180,78,258,258.0,0.0,258,258,0,0.0,0.0,0,0,1,0,0,0,64,20,7751.937984,3875.968992,0,14,7.0,8.082903769,65.33333333,0,1,0,0,1,0,0,0,0,9.333333333,7.0,0.0,64,0,0,0,0,0,0,2,14,1,0,229,0,0,32,0.0,0.0,0,0,0.0,0.0,0,0,BruteForce
239,2,1,14,0,14,0,7.0,9.899494937,0,0,0.0,0.0,58577.40586,12552.30126,119.5,94.0452019,186,53,239,239.0,0.0,239,239,0,0.0,0.0,0,0,1,0,0,0,64,20,8368.200837,4184.100418,0,14,7.0,8.082903769,65.33333333,0,1,0,0,1,0,0,0,0,9.333333333,7.0,0.0,64,0,0,0,0,0,0,2,14,1,0,229,0,0,32,0.0,0.0,0,0,0.0,0.0,0,0,BruteForce
8995651,9,15,107,188,24,0,11.88888889,9.571369344,34,0,12.53333333,14.54975045,32.79362439,2.667955882,391115.2609,1026481.763,3292553,3,6590755,823844.375,1523604.9,3335183,3,8995536,642538.2857,1268527.983,3292553,3,0,0,0,0,296,488,1.000483456,1.667472426,0,34,11.8,12.655697,160.16666669999995,0,0,0,1,0,0,0,0,1,12.29166667,11.88888889,12.53333333,296,0,0,0,0,0,0,9,107,15,188,29200,227,6,32,0.0,0.0,0,0,0.0,0.0,0,0,BruteForce
48,2,0,14,0,14,0,7.0,9.899494937,0,0,0.0,0.0,291666.6667,41666.66667,48.0,0.0,48,48,48,48.0,0.0,48,48,0,0.0,0.0,0,0,1,0,0,0,64,0,41666.66667,0.0,0,14,9.333333333,8.082903769,65.33333333,0,1,0,0,1,0,0,0,0,14.0,7.0,0.0,64,0,0,0,0,0,0,2,14,0,0,229,-1,0,32,0.0,0.0,0,0,0.0,0.0,0,0,BruteForce
1,2,0,14,0,14,0,7.0,9.899494937,0,0,0.0,0.0,14000000.0,2000000.0,1.0,0.0,1,1,1,1.0,0.0,1,1,0,0.0,0.0,0,0,1,0,0,0,64,0,2000000.0,0.0,0,14,9.333333333,8.082903769,65.33333333,0,1,0,0,1,0,0,0,0,14.0,7.0,0.0,64,0,0,0,0,0,0,2,14,0,0,229,-1,0,32,0.0,0.0,0,0,0.0,0.0,0,0,BruteForce
1,2,0,14,0,14,0,7.0,9.899494937,0,0,0.0,0.0,14000000.0,2000000.0,1.0,0.0,1,1,1,1.0,0.0,1,1,0,0.0,0.0,0,0,1,0,0,0,64,0,2000000.0,0.0,0,14,9.333333333,8.082903769,65.33333333,0,1,0,0,1,0,0,0,0,14.0,7.0,0.0,64,0,0,0,0,0,0,2,14,0,0,229,-1,0,32,0.0,0.0,0,0,0.0,0.0,0,0,BruteForce
1,2,0,14,0,14,0,7.0,9.899494937,0,0,0.0,0.0,14000000.0,2000000.0,1.0,0.0,1,1,1,1.0,0.0,1,1,0,0.0,0.0,0,0,1,0,0,0,64,0,2000000.0,0.0,0,14,9.333333333,8.082903769,65.33333333,0,1,0,0,1,0,0,0,0,14.0,7.0,0.0,64,0,0,0,0,0,0,2,14,0,0,229,-1,0,32,0.0,0.0,0,0,0.0,0.0,0,0,BruteForce
2,2,0,14,0,14,0,7.0,9.899494937,0,0,0.0,0.0,7000000.0,1000000.0,2.0,0.0,2,2,2,2.0,0.0,2,2,0,0.0,0.0,0,0,1,0,0,0,64,0,1000000.0,0.0,0,14,9.333333333,8.082903769,65.33333333,0,1,0,0,1,0,0,0,0,14.0,7.0,0.0,64,0,0,0,0,0,0,2,14,0,0,229,-1,0,32,0.0,0.0,0,0,0.0,0.0,0,0,BruteForce
8909742,9,15,103,188,22,0,11.44444444,9.043106644,34,0,12.53333333,14.54975045,32.6608784,2.693680692,387380.08700000006,1004733.251,3377785,3,6346832,793354.0,1453100.042,3420969,3,8909713,636408.0714,1240044.897,3377785,48,0,0,0,0,296,488,1.01013026,1.6835504330000002,0,34,11.64,12.52623913,156.9066667,0,0,0,1,0,0,0,0,1,12.125,11.44444444,12.53333333,296,0,0,0,0,0,0,9,103,15,188,29200,227,6,32,0.0,0.0,0,0,0.0,0.0,0,0,BruteForce
211,2,1,14,0,14,0,7.0,9.899494937,0,0,0.0,0.0,66350.7109,14218.00948,105.5,12.02081528,114,97,211,211.0,0.0,211,211,0,0.0,0.0,0,0,1,0,0,0,64,20,9478.672986,4739.336493,0,14,7.0,8.082903769,65.33333333,0,1,0,0,1,0,0,0,0,9.333333333,7.0,0.0,64,0,0,0,0,0,0,2,14,1,0,229,0,0,32,0.0,0.0,0,0,0.0,0.0,0,0,BruteForce
3,2,0,14,0,14,0,7.0,9.899494937,0,0,0.0,0.0,4666666.666999999,666666.6667,3.0,0.0,3,3,3,3.0,0.0,3,3,0,0.0,0.0,0,0,1,0,0,0,64,0,666666.6667,0.0,0,14,9.333333333,8.082903769,65.33333333,0,1,0,0,1,0,0,0,0,14.0,7.0,0.0,64,0,0,0,0,0,0,2,14,0,0,229,-1,0,32,0.0,0.0,0,0,0.0,0.0,0,0,BruteForce
4,2,0,14,0,14,0,7.0,9.899494937,0,0,0.0,0.0,3500000.0,500000.0,4.0,0.0,4,4,4,4.0,0.0,4,4,0,0.0,0.0,0,0,1,0,0,0,64,0,500000.0,0.0,0,14,9.333333333,8.082903769,65.33333333,0,1,0,0,1,0,0,0,0,14.0,7.0,0.0,64,0,0,0,0,0,0,2,14,0,0,229,-1,0,32,0.0,0.0,0,0,0.0,0.0,0,0,BruteForce
237,2,1,14,0,14,0,7.0,9.899494937,0,0,0.0,0.0,59071.72996,12658.22785,118.5,19.09188309,132,105,237,237.0,0.0,237,237,0,0.0,0.0,0,0,1,0,0,0,64,20,8438.818565000001,4219.409283,0,14,7.0,8.082903769,65.33333333,0,1,0,0,1,0,0,0,0,9.333333333,7.0,0.0,64,0,0,0,0,0,0,2,14,1,0,229,0,0,32,0.0,0.0,0,0,0.0,0.0,0,0,BruteForce
3,2,0,14,0,14,0,7.0,9.899494937,0,0,0.0,0.0,4666666.666999999,666666.6667,3.0,0.0,3,3,3,3.0,0.0,3,3,0,0.0,0.0,0,0,1,0,0,0,64,0,666666.6667,0.0,0,14,9.333333333,8.082903769,65.33333333,0,1,0,0,1,0,0,0,0,14.0,7.0,0.0,64,0,0,0,0,0,0,2,14,0,0,229,-1,0,32,0.0,0.0,0,0,0.0,0.0,0,0,BruteForce
1,2,0,14,0,14,0,7.0,9.899494937,0,0,0.0,0.0,14000000.0,2000000.0,1.0,0.0,1,1,1,1.0,0.0,1,1,0,0.0,0.0,0,0,1,0,0,0,64,0,2000000.0,0.0,0,14,9.333333333,8.082903769,65.33333333,0,1,0,0,1,0,0,0,0,14.0,7.0,0.0,64,0,0,0,0,0,0,2,14,0,0,229,-1,0,32,0.0,0.0,0,0,0.0,0.0,0,0,BruteForce
259,2,1,14,0,14,0,7.0,9.899494937,0,0,0.0,0.0,54054.05405,11583.01158,129.5,21.92031022,145,114,259,259.0,0.0,259,259,0,0.0,0.0,0,0,1,0,0,0,64,20,7722.007722,3861.003861,0,14,7.0,8.082903769,65.33333333,0,1,0,0,1,0,0,0,0,9.333333333,7.0,0.0,64,0,0,0,0,0,0,2,14,1,0,229,0,0,32,0.0,0.0,0,0,0.0,0.0,0,0,BruteForce
9058388,9,15,100,188,22,0,11.11111111,8.724168219,34,0,12.53333333,14.54975045,31.79373637,2.649478031,393842.9565,1028936.36,3388014,3,5627247,703405.875,1304489.498,3012087,257,9058255,647018.2143,1270932.459,3388014,3,0,0,0,0,296,488,0.993554262,1.6559237690000002,0,34,11.52,12.45364739,155.0933333,0,0,0,1,0,0,0,0,1,12.0,11.11111111,12.53333333,296,0,0,0,0,0,0,9,100,15,188,29200,227,6,32,0.0,0.0,0,0,0.0,0.0,0,0,BruteForce
336,2,1,14,0,14,0,7.0,9.899494937,0,0,0.0,0.0,41666.66667,8928.571429000001,168.0,115.9655121,250,86,336,336.0,0.0,336,336,0,0.0,0.0,0,0,1,0,0,0,64,20,5952.380952,2976.190476,0,14,7.0,8.082903769,65.33333333,0,1,0,0,1,0,0,0,0,9.333333333,7.0,0.0,64,0,0,0,0,0,0,2,14,1,0,229,0,0,32,0.0,0.0,0,0,0.0,0.0,0,0,BruteForce
229,2,1,14,0,14,0,7.0,9.899494937,0,0,0.0,0.0,61135.371179999995,13100.43668,114.5,55.86143571,154,75,229,229.0,0.0,229,229,0,0.0,0.0,0,0,1,0,0,0,64,20,8733.624454,4366.812227,0,14,7.0,8.082903769,65.33333333,0,1,0,0,1,0,0,0,0,9.333333333,7.0,0.0,64,0,0,0,0,0,0,2,14,1,0,229,0,0,32,0.0,0.0,0,0,0.0,0.0,0,0,BruteForce
8996458,9,15,107,188,26,0,11.88888889,9.778093429,34,0,12.53333333,14.54975045,32.79068273,2.667716561,391150.3478,1012783.822,3164677,1,6037727,754715.875,1391382.5,3207198,1,8996344,642596.0,1249744.85,3164677,3,0,0,0,0,296,488,1.000393711,1.667322851,0,34,11.8,12.70826503,161.5,0,0,0,1,0,0,0,0,1,12.29166667,11.88888889,12.53333333,296,0,0,0,0,0,0,9,107,15,188,29200,227,6,32,0.0,0.0,0,0,0.0,0.0,0,0,BruteForce
9220262,9,15,100,188,22,0,11.11111111,8.781293247999999,34,0,12.53333333,14.54975045,31.23555491,2.602962909,400880.9565,1011471.798,3164770,3,6269753,783719.125,1379956.8269999998,3208057,42,9220198,658585.5714,1244437.254,3164770,3,0,0,0,0,296,488,0.976111091,1.6268518180000002,0,34,11.52,12.46702317,155.4266667,0,0,0,1,0,0,0,0,1,12.0,11.11111111,12.53333333,296,0,0,0,0,0,0,9,100,15,188,29200,227,6,32,0.0,0.0,0,0,0.0,0.0,0,0,BruteForce
9253863,9,15,99,188,20,0,11.0,8.5732141,34,0,12.53333333,14.54975045,31.01407488,2.5935114880000003,402341.8696,1014564.735,3186458,1,6301530,787691.25,1386215.9519999998,3230039,1,9253841,660988.6429,1248154.365,3186458,3,0,0,0,0,296,488,0.972566808,1.62094468,0,34,11.48,12.42014493,154.26,0,0,0,1,0,0,0,0,1,11.95833333,11.0,12.53333333,296,0,0,0,0,0,0,9,99,15,188,29200,227,6,32,0.0,0.0,0,0,0.0,0.0,0,0,BruteForce
258,2,1,14,0,14,0,7.0,9.899494937,0,0,0.0,0.0,54263.56589,11627.90698,129.0,55.15432893,168,90,258,258.0,0.0,258,258,0,0.0,0.0,0,0,1,0,0,0,64,20,7751.937984,3875.968992,0,14,7.0,8.082903769,65.33333333,0,1,0,0,1,0,0,0,0,9.333333333,7.0,0.0,64,0,0,0,0,0,0,2,14,1,0,229,0,0,32,0.0,0.0,0,0,0.0,0.0,0,0,BruteForce
251,2,1,14,0,14,0,7.0,9.899494937,0,0,0.0,0.0,55776.89242999999,11952.19124,125.5,95.45941546,193,58,251,251.0,0.0,251,251,0,0.0,0.0,0,0,1,0,0,0,64,20,7968.127490000003,3984.063745,0,14,7.0,8.082903769,65.33333333,0,1,0,0,1,0,0,0,0,9.333333333,7.0,0.0,64,0,0,0,0,0,0,2,14,1,0,229,0,0,32,0.0,0.0,0,0,0.0,0.0,0,0,BruteForce
8286772,9,15,106,188,25,0,11.77777778,9.523363085,34,0,12.53333333,14.54975045,35.47822964,2.8961820119999997,360294.4348,950091.4553,3400774,3,5956205,744525.625,1397851.3380000002,3443241,49,8286633,591902.3571,1174726.688,3400774,3,0,0,0,0,296,488,1.086068254,1.810113757,0,34,11.76,12.64344362,159.85666669999995,0,0,0,1,0,0,0,0,1,12.25,11.77777778,12.53333333,296,0,0,0,0,0,0,9,106,15,188,29200,227,6,32,0.0,0.0,0,0,0.0,0.0,0,0,BruteForce
24,2,0,14,0,14,0,7.0,9.899494937,0,0,0.0,0.0,583333.3333,83333.33333,24.0,0.0,24,24,24,24.0,0.0,24,24,0,0.0,0.0,0,0,1,0,0,0,64,0,83333.33333,0.0,0,14,9.333333333,8.082903769,65.33333333,0,1,0,0,1,0,0,0,0,14.0,7.0,0.0,64,0,0,0,0,0,0,2,14,0,0,229,-1,0,32,0.0,0.0,0,0,0.0,0.0,0,0,BruteForce
9142166,9,15,103,188,22,0,11.44444444,9.043106644,34,0,12.53333333,14.54975045,31.83053119,2.625198449,397485.4783,1050253.355,3547079,4,5552308,694038.5,1305405.796,3233881,235,9142107,653007.6429,1298842.044,3547079,4,0,0,0,0,296,488,0.984449418,1.64074903,0,34,11.64,12.52623913,156.9066667,0,0,0,1,0,0,0,0,1,12.125,11.44444444,12.53333333,296,0,0,0,0,0,0,9,103,15,188,29200,227,6,32,0.0,0.0,0,0,0.0,0.0,0,0,BruteForce
9146403,9,15,109,188,25,0,12.11111111,9.854496999,34,0,12.53333333,14.54975045,32.47178153,2.623982346,397669.6957,1050707.956,3555047,4,5551106,693888.25,1303811.745,3229981,221,9146294,653306.7143,1299401.741,3555047,4,0,0,0,0,296,488,0.98399338,1.639988966,0,34,11.88,12.72896958,162.0266667,0,0,0,1,0,0,0,0,1,12.375,12.11111111,12.53333333,296,0,0,0,0,0,0,9,109,15,188,29200,227,6,32,0.0,0.0,0,0,0.0,0.0,0,0,BruteForce
9148728,9,15,101,188,23,0,11.22222222,8.941165721,34,0,12.53333333,14.54975045,31.58909086,2.623315504,397770.7826,1024426.076,3339500,3,5765974,720746.75,1302623.309,3253395,3,9148680,653477.1429,1263355.885,3339500,3,0,0,0,0,296,488,0.983743314,1.63957219,0,34,11.56,12.50359948,156.34,0,0,0,1,0,0,0,0,1,12.04166667,11.22222222,12.53333333,296,0,0,0,0,0,0,9,101,15,188,29200,227,6,32,0.0,0.0,0,0,0.0,0.0,0,0,BruteForce
8727107,9,15,98,188,21,0,10.88888889,8.506533437,34,0,12.53333333,14.54975045,32.77145565,2.750052222,379439.4348,1001802.812,3560832,3,5962821,745352.625,1415709.217,3601848,217,8726987,623356.2143,1238825.843,3560832,3,0,0,0,0,296,488,1.031269583,1.718782639,0,34,11.44,12.40658427,153.9233333,0,0,0,1,0,0,0,0,1,11.91666667,10.88888889,12.53333333,296,0,0,0,0,0,0,9,98,15,188,29200,227,6,32,0.0,0.0,0,0,0.0,0.0,0,0,BruteForce
240,2,1,14,0,14,0,7.0,9.899494937,0,0,0.0,0.0,58333.333329999994,12500.0,120.0,67.88225099,168,72,240,240.0,0.0,240,240,0,0.0,0.0,0,0,1,0,0,0,64,20,8333.333333,4166.666667,0,14,7.0,8.082903769,65.33333333,0,1,0,0,1,0,0,0,0,9.333333333,7.0,0.0,64,0,0,0,0,0,0,2,14,1,0,229,0,0,32,0.0,0.0,0,0,0.0,0.0,0,0,BruteForce
8146384,9,15,111,188,26,0,12.33333333,10.19803903,34,0,12.53333333,14.54975045,36.70340117,2.946092401,354190.6087,919238.6001,2800165,3,5625628,703203.5,1300142.357,2841544,48,8146228,581873.4286,1134610.423,2800165,3,0,0,0,0,296,488,1.10478465,1.841307751,0,34,11.96,12.82081641,164.3733333,0,0,0,1,0,0,0,0,1,12.45833333,12.33333333,12.53333333,296,0,0,0,0,0,0,9,111,15,188,29200,227,6,32,0.0,0.0,0,0,0.0,0.0,0,0,BruteForce
9727032,9,15,102,188,23,0,11.33333333,9.013878189,34,0,12.53333333,14.54975045,29.81382193,2.467350781,422914.4348,1104419.593,3576841,4,6478286,809785.75,1511488.897,3618688,258,9726982,694784.4286,1364101.123,3576841,4,0,0,0,0,296,488,0.925256543,1.5420942380000002,0,34,11.6,12.51998403,156.75,0,0,0,1,0,0,0,0,1,12.08333333,11.33333333,12.53333333,296,0,0,0,0,0,0,9,102,15,188,29200,227,6,32,0.0,0.0,0,0,0.0,0.0,0,0,BruteForce
244,2,1,14,0,14,0,7.0,9.899494937,0,0,0.0,0.0,57377.049179999995,12295.08197,122.0,77.78174593,177,67,244,244.0,0.0,244,244,0,0.0,0.0,0,0,1,0,0,0,64,20,8196.721311,4098.360656,0,14,7.0,8.082903769,65.33333333,0,1,0,0,1,0,0,0,0,9.333333333,7.0,0.0,64,0,0,0,0,0,0,2,14,1,0,229,0,0,32,0.0,0.0,0,0,0.0,0.0,0,0,BruteForce
9723497,9,15,105,188,23,0,11.66666667,9.354143467,34,0,12.53333333,14.54975045,30.13319179,2.4682477919999997,422760.7391,1103912.399,3577214,3,6472505,809063.125,1508529.123,3620485,3,9723396,694528.2857,1363463.095,3577214,3,0,0,0,0,296,488,0.925592922,1.54265487,0,34,11.72,12.60132268,158.7933333,0,0,0,1,0,0,0,0,1,12.20833333,11.66666667,12.53333333,296,0,0,0,0,0,0,9,105,15,188,29200,227,6,32,0.0,0.0,0,0,0.0,0.0,0,0,BruteForce
3,2,0,14,0,14,0,7.0,9.899494937,0,0,0.0,0.0,4666666.666999999,666666.6667,3.0,0.0,3,3,3,3.0,0.0,3,3,0,0.0,0.0,0,0,1,0,0,0,64,0,666666.6667,0.0,0,14,9.333333333,8.082903769,65.33333333,0,1,0,0,1,0,0,0,0,14.0,7.0,0.0,64,0,0,0,0,0,0,2,14,0,0,229,-1,0,32,0.0,0.0,0,0,0.0,0.0,0,0,BruteForce
237,2,1,14,0,14,0,7.0,9.899494937,0,0,0.0,0.0,59071.72996,12658.22785,118.5,60.1040764,161,76,237,237.0,0.0,237,237,0,0.0,0.0,0,0,1,0,0,0,64,20,8438.818565000001,4219.409283,0,14,7.0,8.082903769,65.33333333,0,1,0,0,1,0,0,0,0,9.333333333,7.0,0.0,64,0,0,0,0,0,0,2,14,1,0,229,0,0,32,0.0,0.0,0,0,0.0,0.0,0,0,BruteForce
235,2,1,14,0,14,0,7.0,9.899494937,0,0,0.0,0.0,59574.468089999995,12765.95745,117.5,37.4766594,144,91,235,235.0,0.0,235,235,0,0.0,0.0,0,0,1,0,0,0,64,20,8510.638298,4255.319149,0,14,7.0,8.082903769,65.33333333,0,1,0,0,1,0,0,0,0,9.333333333,7.0,0.0,64,0,0,0,0,0,0,2,14,1,0,229,0,0,32,0.0,0.0,0,0,0.0,0.0,0,0,BruteForce
8910189,9,15,102,188,21,0,11.33333333,8.902246907,34,0,12.53333333,14.54975045,32.54700882,2.6935455580000003,387399.5217,1004634.93,3064674,3,5977608,747201.0,1380353.8369999998,3109251,48,8910037,636431.2143,1239904.877,3064674,3,0,0,0,0,296,488,1.010079584,1.683465974,0,34,11.6,12.49333155,156.08333330000005,0,0,0,1,0,0,0,0,1,12.08333333,11.33333333,12.53333333,296,0,0,0,0,0,0,9,102,15,188,29200,227,6,32,0.0,0.0,0,0,0.0,0.0,0,0,BruteForce
8662680,9,15,108,188,24,0,12.0,9.695359715,34,0,12.53333333,14.54975045,34.16956415,2.770505202,376638.2609,978807.8881,3065748,3,5811141,726392.625,1347585.0880000002,3108475,224,8662567,618754.7857,1208313.001,3065748,3,0,0,0,0,296,488,1.0389394509999998,1.731565751,0,34,11.84,12.68752668,160.9733333,0,0,0,1,0,0,0,0,1,12.33333333,12.0,12.53333333,296,0,0,0,0,0,0,9,108,15,188,29200,227,6,32,0.0,0.0,0,0,0.0,0.0,0,0,BruteForce
8531878,9,15,103,188,21,0,11.44444444,9.015418891,34,0,12.53333333,14.54975045,34.10737941,2.812979745,370951.2174,962328.8842,2910869,3,5831537,728942.125,1348111.832,2953303,49,8531741,609410.0714,1187739.244,2910869,3,0,0,0,0,296,488,1.054867404,1.758112341,0,34,11.64,12.51958466,156.74,0,0,0,1,0,0,0,0,1,12.125,11.44444444,12.53333333,296,0,0,0,0,0,0,9,103,15,188,29200,227,6,32,0.0,0.0,0,0,0.0,0.0,0,0,BruteForce
235,2,1,14,0,14,0,7.0,9.899494937,0,0,0.0,0.0,59574.468089999995,12765.95745,117.5,50.20458146,153,82,235,235.0,0.0,235,235,0,0.0,0.0,0,0,1,0,0,0,64,20,8510.638298,4255.319149,0,14,7.0,8.082903769,65.33333333,0,1,0,0,1,0,0,0,0,9.333333333,7.0,0.0,64,0,0,0,0,0,0,2,14,1,0,229,0,0,32,0.0,0.0,0,0,0.0,0.0,0,0,BruteForce
8813271,9,15,104,188,22,0,11.55555556,9.166666667,34,0,12.53333333,14.54975045,33.13185309,2.7231660069999997,383185.6957,983987.367,3084838,4,5942501,742812.625,1350083.256,3127363,4,8813164,629511.7143,1213085.96,3084838,4,0,0,0,0,296,488,1.021187253,1.701978755,0,34,11.68,12.55560964,157.64333330000005,0,0,0,1,0,0,0,0,1,12.16666667,11.55555556,12.53333333,296,0,0,0,0,0,0,9,104,15,188,29200,227,6,32,0.0,0.0,0,0,0.0,0.0,0,0,BruteForce
8588122,9,15,103,188,24,0,11.44444444,9.153020145,34,0,12.53333333,14.54975045,33.88400863,2.794557413,373396.6087,969261.1859,2930260,3,5870936,733867.0,1357213.069,2971885,216,8587991,613427.9286,1196375.253,2930260,3,0,0,0,0,296,488,1.04795903,1.746598383,0,34,11.64,12.55282173,157.5733333,0,0,0,1,0,0,0,0,1,12.125,11.44444444,12.53333333,296,0,0,0,0,0,0,9,103,15,188,29200,227,6,32,0.0,0.0,0,0,0.0,0.0,0,0,BruteForce
238,2,1,14,0,14,0,7.0,9.899494937,0,0,0.0,0.0,58823.52941,12605.04202,119.0,2.828427125,121,117,238,238.0,0.0,238,238,0,0.0,0.0,0,0,1,0,0,0,64,20,8403.361345000001,4201.6806719999995,0,14,7.0,8.082903769,65.33333333,0,1,0,0,1,0,0,0,0,9.333333333,7.0,0.0,64,0,0,0,0,0,0,2,14,1,0,229,0,0,32,0.0,0.0,0,0,0.0,0.0,0,0,BruteForce
217,2,1,14,0,14,0,7.0,9.899494937,0,0,0.0,0.0,64516.12903,13824.88479,108.5,74.24621202,161,56,217,217.0,0.0,217,217,0,0.0,0.0,0,0,1,0,0,0,64,20,9216.589862,4608.294931,0,14,7.0,8.082903769,65.33333333,0,1,0,0,1,0,0,0,0,9.333333333,7.0,0.0,64,0,0,0,0,0,0,2,14,1,0,229,0,0,32,0.0,0.0,0,0,0.0,0.0,0,0,BruteForce
9026670,9,15,105,188,22,0,11.66666667,9.273618495,34,0,12.53333333,14.54975045,32.45936763,2.658787792,392463.91299999994,1018430.159,3104030,3,6051757,756469.625,1399026.158,3148465,48,9026519,644751.3571,1257021.366,3104030,3,0,0,0,0,296,488,0.997045422,1.66174237,0,34,11.72,12.58146785,158.2933333,0,0,0,1,0,0,0,0,1,12.20833333,11.66666667,12.53333333,296,0,0,0,0,0,0,9,105,15,188,29200,227,6,32,0.0,0.0,0,0,0.0,0.0,0,0,BruteForce
9102070,9,15,111,188,25,0,12.33333333,10.0871205,34,0,12.53333333,14.54975045,32.84967046,2.636762846,395742.1739,1019135.139,3110187,3,6122142,765267.75,1395606.937,3154556,3,9101961,650140.0714,1256820.755,3110187,3,0,0,0,0,296,488,0.988786067,1.6479767790000002,0,34,11.96,12.79153366,163.6233333,0,0,0,1,0,0,0,0,1,12.45833333,12.33333333,12.53333333,296,0,0,0,0,0,0,9,111,15,188,29200,227,6,32,0.0,0.0,0,0,0.0,0.0,0,0,BruteForce
206,2,1,14,0,14,0,7.0,9.899494937,0,0,0.0,0.0,67961.16505,14563.1068,103.0,41.01219331,132,74,206,206.0,0.0,206,206,0,0.0,0.0,0,0,1,0,0,0,64,20,9708.737864,4854.368932,0,14,7.0,8.082903769,65.33333333,0,1,0,0,1,0,0,0,0,9.333333333,7.0,0.0,64,0,0,0,0,0,0,2,14,1,0,229,0,0,32,0.0,0.0,0,0,0.0,0.0,0,0,BruteForce
9229592,9,15,110,188,27,0,12.22222222,10.08436634,34,0,12.53333333,14.54975045,32.28745106,2.6003316290000003,401286.6087,1044031.015,3280739,23,6082436,760304.5,1411430.112,3324555,227,9229511,659250.7857,1288986.45,3280739,47,0,0,0,0,296,488,0.975124361,1.625207268,0,34,11.92,12.78970941,163.5766667,0,0,0,1,0,0,0,0,1,12.41666667,12.22222222,12.53333333,296,0,0,0,0,0,0,9,110,15,188,29200,227,6,32,0.0,0.0,0,0,0.0,0.0,0,0,BruteForce
260,2,1,14,0,14,0,7.0,9.899494937,0,0,0.0,0.0,53846.15385,11538.46154,130.0,38.18376618,157,103,260,260.0,0.0,260,260,0,0.0,0.0,0,0,1,0,0,0,64,20,7692.307692,3846.153846,0,14,7.0,8.082903769,65.33333333,0,1,0,0,1,0,0,0,0,9.333333333,7.0,0.0,64,0,0,0,0,0,0,2,14,1,0,229,0,0,32,0.0,0.0,0,0,0.0,0.0,0,0,BruteForce
9005597,9,15,109,188,26,0,12.11111111,9.905105305,34,0,12.53333333,14.54975045,32.97949042,2.665009327,391547.6957,1019525.617,3288030,3,6263740,782967.5,1450806.211,3330716,210,9005535,643252.5,1258845.263,3288030,3,0,0,0,0,296,488,0.999378498,1.665630829,0,34,11.88,12.74205635,162.36,0,0,0,1,0,0,0,0,1,12.375,12.11111111,12.53333333,296,0,0,0,0,0,0,9,109,15,188,29200,227,6,32,0.0,0.0,0,0,0.0,0.0,0,0,BruteForce
9615305,9,15,110,188,29,0,12.22222222,10.42566278,34,0,12.53333333,14.54975045,30.99225662,2.496020667,418056.7391,1087982.406,3325140,3,6293667,786708.375,1458093.9740000004,3369475,48,9615162,686797.2857,1343295.458,3325140,3,0,0,0,0,296,488,0.93600775,1.560012917,0,34,11.92,12.88060558,165.91,0,0,0,1,0,0,0,0,1,12.41666667,12.22222222,12.53333333,296,0,0,0,0,0,0,9,110,15,188,29200,227,6,32,0.0,0.0,0,0,0.0,0.0,0,0,BruteForce
264,2,1,14,0,14,0,7.0,9.899494937,0,0,0.0,0.0,53030.30303,11363.63636,132.0,25.45584412,150,114,264,264.0,0.0,264,264,0,0.0,0.0,0,0,1,0,0,0,64,20,7575.757576000001,3787.878788,0,14,7.0,8.082903769,65.33333333,0,1,0,0,1,0,0,0,0,9.333333333,7.0,0.0,64,0,0,0,0,0,0,2,14,1,0,229,0,0,32,0.0,0.0,0,0,0.0,0.0,0,0,BruteForce
3,2,0,14,0,14,0,7.0,9.899494937,0,0,0.0,0.0,4666666.666999999,666666.6667,3.0,0.0,3,3,3,3.0,0.0,3,3,0,0.0,0.0,0,0,1,0,0,0,64,0,666666.6667,0.0,0,14,9.333333333,8.082903769,65.33333333,0,1,0,0,1,0,0,0,0,14.0,7.0,0.0,64,0,0,0,0,0,0,2,14,0,0,229,-1,0,32,0.0,0.0,0,0,0.0,0.0,0,0,BruteForce
49,2,0,14,0,14,0,7.0,9.899494937,0,0,0.0,0.0,285714.2857,40816.32653,49.0,0.0,49,49,49,49.0,0.0,49,49,0,0.0,0.0,0,0,1,0,0,0,64,0,40816.32653,0.0,0,14,9.333333333,8.082903769,65.33333333,0,1,0,0,1,0,0,0,0,14.0,7.0,0.0,64,0,0,0,0,0,0,2,14,0,0,229,-1,0,32,0.0,0.0,0,0,0.0,0.0,0,0,BruteForce
9204725,9,15,109,188,24,0,12.11111111,9.829095132,34,0,12.53333333,14.54975045,32.26603728,2.6073565480000003,400205.4348,1057089.068,3496702,3,5841243,730155.375,1388516.931,3540632,219,9204627,657473.3571,1307251.188,3496702,3,0,0,0,0,296,488,0.977758705,1.629597842,0,34,11.88,12.72242115,161.86,0,0,0,1,0,0,0,0,1,12.375,12.11111111,12.53333333,296,0,0,0,0,0,0,9,109,15,188,29200,227,6,32,0.0,0.0,0,0,0.0,0.0,0,0,BruteForce
9448834,9,15,105,188,23,0,11.66666667,9.354143467,34,0,12.53333333,14.54975045,31.009117100000005,2.53999594,410818.8696,1071103.573,3495924,3,6693244,836655.5,1545610.869,3538847,3,9448725,674908.9286,1322721.148,3495924,3,0,0,0,0,296,488,0.952498478,1.587497463,0,34,11.72,12.60132268,158.7933333,0,0,0,1,0,0,0,0,1,12.20833333,11.66666667,12.53333333,296,0,0,0,0,0,0,9,105,15,188,29200,227,6,32,0.0,0.0,0,0,0.0,0.0,0,0,BruteForce
9418909,9,15,99,188,22,0,11.0,8.631338251,34,0,12.53333333,14.54975045,30.47062032,2.548065811,409517.7826,1070038.307,3493491,3,5878780,734847.5,1363209.1090000002,3138720,262,9418774,672769.5714,1321720.594,3493491,3,0,0,0,0,296,488,0.955524679,1.5925411319999998,0,34,11.48,12.43355675,154.5933333,0,0,0,1,0,0,0,0,1,11.95833333,11.0,12.53333333,296,0,0,0,0,0,0,9,99,15,188,29200,227,6,32,0.0,0.0,0,0,0.0,0.0,0,0,BruteForce
8338110,9,15,117,188,32,0,13.0,11.29158979,34,0,12.53333333,14.54975045,36.579032899999994,2.87835013,362526.5217,944037.0631,3087740,3,5206041,650755.125,1204204.6409999998,2730344,3,8338055,595575.3571,1165647.108,3087740,3,0,0,0,0,296,488,1.079381299,1.798968831,0,34,12.2,13.13392554,172.5,0,0,0,1,0,0,0,0,1,12.70833333,13.0,12.53333333,296,0,0,0,0,0,0,9,117,15,188,29200,227,6,32,0.0,0.0,0,0,0.0,0.0,0,0,BruteForce
8358886,9,15,107,188,23,0,11.88888889,9.584420228,34,0,12.53333333,14.54975045,35.2917841,2.871195994,363429.8261,945797.5312,3096508,3,5219974,652496.75,1204910.889,2731116,49,8358749,597053.5,1167743.258,3096508,3,0,0,0,0,296,488,1.076698498,1.794497496,0,34,11.8,12.6589889,160.25,0,0,0,1,0,0,0,0,1,12.29166667,11.88888889,12.53333333,296,0,0,0,0,0,0,9,107,15,188,29200,227,6,32,0.0,0.0,0,0,0.0,0.0,0,0,BruteForce
8487660,9,15,108,188,25,0,12.0,9.733961167,34,0,12.53333333,14.54975045,34.87415848,2.8276344719999997,369028.6957,959963.7959,3085427,3,5360254,670031.75,1239113.45,2716533,49,8487538,606252.7143,1185178.132,3085427,3,0,0,0,0,296,488,1.060362927,1.767271545,0,34,11.84,12.69737506,161.2233333,0,0,0,1,0,0,0,0,1,12.33333333,12.0,12.53333333,296,0,0,0,0,0,0,9,108,15,188,29200,227,6,32,0.0,0.0,0,0,0.0,0.0,0,0,BruteForce
238,2,1,14,0,14,0,7.0,9.899494937,0,0,0.0,0.0,58823.52941,12605.04202,119.0,103.2375901,192,46,238,238.0,0.0,238,238,0,0.0,0.0,0,0,1,0,0,0,64,20,8403.361345000001,4201.6806719999995,0,14,7.0,8.082903769,65.33333333,0,1,0,0,1,0,0,0,0,9.333333333,7.0,0.0,64,0,0,0,0,0,0,2,14,1,0,229,0,0,32,0.0,0.0,0,0,0.0,0.0,0,0,BruteForce
17,2,0,14,0,14,0,7.0,9.899494937,0,0,0.0,0.0,823529.4118,117647.0588,17.0,0.0,17,17,17,17.0,0.0,17,17,0,0.0,0.0,0,0,1,0,0,0,64,0,117647.0588,0.0,0,14,9.333333333,8.082903769,65.33333333,0,1,0,0,1,0,0,0,0,14.0,7.0,0.0,64,0,0,0,0,0,0,2,14,0,0,229,-1,0,32,0.0,0.0,0,0,0.0,0.0,0,0,BruteForce
9577343,9,15,106,188,24,0,11.77777778,9.510228412,34,0,12.53333333,14.54975045,30.69744918,2.505914219,416406.2174,1076142.906,3525482,22,6009109,751138.625,1363878.856,3159304,62,9577255,684089.6429,1327649.528,3525482,48,0,0,0,0,296,488,0.939717832,1.566196387,0,34,11.76,12.64014768,159.77333330000005,0,0,0,1,0,0,0,0,1,12.25,11.77777778,12.53333333,296,0,0,0,0,0,0,9,106,15,188,29200,227,6,32,0.0,0.0,0,0,0.0,0.0,0,0,BruteForce
3,2,0,14,0,14,0,7.0,9.899494937,0,0,0.0,0.0,4666666.666999999,666666.6667,3.0,0.0,3,3,3,3.0,0.0,3,3,0,0.0,0.0,0,0,1,0,0,0,64,0,666666.6667,0.0,0,14,9.333333333,8.082903769,65.33333333,0,1,0,0,1,0,0,0,0,14.0,7.0,0.0,64,0,0,0,0,0,0,2,14,0,0,229,-1,0,32,0.0,0.0,0,0,0.0,0.0,0,0,BruteForce
247,2,1,14,0,14,0,7.0,9.899494937,0,0,0.0,0.0,56680.16194,12145.74899,123.5,94.0452019,190,57,247,247.0,0.0,247,247,0,0.0,0.0,0,0,1,0,0,0,64,20,8097.165992,4048.582996,0,14,7.0,8.082903769,65.33333333,0,1,0,0,1,0,0,0,0,9.333333333,7.0,0.0,64,0,0,0,0,0,0,2,14,1,0,229,0,0,32,0.0,0.0,0,0,0.0,0.0,0,0,BruteForce
8738731,9,15,101,188,23,0,11.22222222,8.941165721,34,0,12.53333333,14.54975045,33.07116331,2.746394185,379944.8261,989431.8841,3200688,4,6082864,760358.0,1410327.0680000002,3243749,391,8738646,624189.0,1221703.769,3200688,4,0,0,0,0,296,488,1.029897819,1.716496365,0,34,11.56,12.50359948,156.34,0,0,0,1,0,0,0,0,1,12.04166667,11.22222222,12.53333333,296,0,0,0,0,0,0,9,101,15,188,29200,227,6,32,0.0,0.0,0,0,0.0,0.0,0,0,BruteForce
9931047,9,15,108,188,27,0,12.0,9.886859967,34,0,12.53333333,14.54975045,29.80551799,2.416663621,431784.6522,1123590.397,3515728,3,6879632,859954.0,1589796.1719999998,3559882,4,9930949,709353.5,1387241.451,3515728,3,0,0,0,0,296,488,0.906248858,1.5104147630000002,0,34,11.84,12.7366924,162.2233333,0,0,0,1,0,0,0,0,1,12.33333333,12.0,12.53333333,296,0,0,0,0,0,0,9,108,15,188,29200,227,6,32,0.0,0.0,0,0,0.0,0.0,0,0,BruteForce
226,2,1,14,0,14,0,7.0,9.899494937,0,0,0.0,0.0,61946.90265,13274.33628,113.0,43.84062043,144,82,226,226.0,0.0,226,226,0,0.0,0.0,0,0,1,0,0,0,64,20,8849.557522,4424.778761,0,14,7.0,8.082903769,65.33333333,0,1,0,0,1,0,0,0,0,9.333333333,7.0,0.0,64,0,0,0,0,0,0,2,14,1,0,229,0,0,32,0.0,0.0,0,0,0.0,0.0,0,0,BruteForce
8793103,9,15,109,188,28,0,12.11111111,10.08023368,34,0,12.53333333,14.54975045,33.77647231,2.7294119039999996,382308.8261,988344.4086,3225017,20,6374470,796808.75,1447171.169,3269596,262,8793002,628071.5714,1219377.84,3225017,47,0,0,0,0,296,488,1.023529464,1.70588244,0,34,11.88,12.78775456,163.5266667,0,0,0,1,0,0,0,0,1,12.375,12.11111111,12.53333333,296,0,0,0,0,0,0,9,109,15,188,29200,227,6,32,0.0,0.0,0,0,0.0,0.0,0,0,BruteForce
199,2,1,14,0,14,0,7.0,9.899494937,0,0,0.0,0.0,70351.75878999999,15075.376880000002,99.5,65.76093065,146,53,199,199.0,0.0,199,199,0,0.0,0.0,0,0,1,0,0,0,64,20,10050.25126,5025.125628,0,14,7.0,8.082903769,65.33333333,0,1,0,0,1,0,0,0,0,9.333333333,7.0,0.0,64,0,0,0,0,0,0,2,14,1,0,229,0,0,32,0.0,0.0,0,0,0.0,0.0,0,0,BruteForce
199,2,1,14,0,14,0,7.0,9.899494937,0,0,0.0,0.0,70351.75878999999,15075.376880000002,99.5,37.4766594,126,73,199,199.0,0.0,199,199,0,0.0,0.0,0,0,1,0,0,0,64,20,10050.25126,5025.125628,0,14,7.0,8.082903769,65.33333333,0,1,0,0,1,0,0,0,0,9.333333333,7.0,0.0,64,0,0,0,0,0,0,2,14,1,0,229,0,0,32,0.0,0.0,0,0,0.0,0.0,0,0,BruteForce
10155100,9,15,107,188,23,0,11.88888889,9.545214042,34,0,12.53333333,14.54975045,29.04944314,2.363344526,441526.08700000006,1148526.041,3496752,3,6871922,858990.25,1589710.301,3538773,48,10200000,725353.5,1417973.231,3496752,3,0,0,0,0,296,488,0.8862541970000001,1.477090329,0,34,11.8,12.64911064,160.0,0,0,0,1,0,0,0,0,1,12.29166667,11.88888889,12.53333333,296,0,0,0,0,0,0,9,107,15,188,29200,227,6,32,0.0,0.0,0,0,0.0,0.0,0,0,BruteForce
9152078,9,15,109,188,26,0,12.11111111,9.980536614,34,0,12.53333333,14.54975045,32.4516465,2.622355273,397916.4348,1034224.03,3241709,3,6145749,768218.625,1424465.7769999998,3284366,248,9151996,653714.0,1276737.16,3241709,3,0,0,0,0,296,488,0.983383227,1.638972045,0,34,11.88,12.76166133,162.86,0,0,0,1,0,0,0,0,1,12.375,12.11111111,12.53333333,296,0,0,0,0,0,0,9,109,15,188,29200,227,6,32,0.0,0.0,0,0,0.0,0.0,0,0,BruteForce
8904563,9,15,102,188,22,0,11.33333333,8.94427191,34,0,12.53333333,14.54975045,32.56757238,2.6952473689999996,387154.91299999994,1005988.293,3222459,3,5641860,705232.5,1301063.953,2852661,240,8904478,636034.1429,1241844.995,3222459,3,0,0,0,0,296,488,1.010717763,1.684529606,0,34,11.6,12.50333289,156.33333330000005,0,0,0,1,0,0,0,0,1,12.08333333,11.33333333,12.53333333,296,0,0,0,0,0,0,9,102,15,188,29200,227,6,32,0.0,0.0,0,0,0.0,0.0,0,0,BruteForce
8794789,9,15,108,188,23,0,12.0,9.682458366,34,0,12.53333333,14.54975045,33.65629352,2.728888664,382382.1304,992414.7221,2984669,3,5944046,743005.75,1374333.112,3027002,3,8794706,628193.2857,1224928.552,2984669,48,0,0,0,0,296,488,1.023333249,1.705555415,0,34,11.84,12.68424219,160.89,0,0,0,1,0,0,0,0,1,12.33333333,12.0,12.53333333,296,0,0,0,0,0,0,9,108,15,188,29200,227,6,32,0.0,0.0,0,0,0.0,0.0,0,0,BruteForce
9243612,9,15,106,188,23,0,11.77777778,9.417772796,34,0,12.53333333,14.54975045,31.80574866,2.596387646,401896.1739,1043338.47,3236023,3,6328709,791088.625,1462544.33,3284218,3,9243525,660251.7857,1287821.451,3236023,48,0,0,0,0,296,488,0.973645367,1.622742279,0,34,11.76,12.61705195,159.19,0,0,0,1,0,0,0,0,1,12.25,11.77777778,12.53333333,296,0,0,0,0,0,0,9,106,15,188,29200,227,6,32,0.0,0.0,0,0,0.0,0.0,0,0,BruteForce
269,2,1,14,0,14,0,7.0,9.899494937,0,0,0.0,0.0,52044.60967,11152.41636,134.5,75.66042559,188,81,269,269.0,0.0,269,269,0,0.0,0.0,0,0,1,0,0,0,64,20,7434.944237999999,3717.472119,0,14,7.0,8.082903769,65.33333333,0,1,0,0,1,0,0,0,0,9.333333333,7.0,0.0,64,0,0,0,0,0,0,2,14,1,0,229,0,0,32,0.0,0.0,0,0,0.0,0.0,0,0,BruteForce
219,2,1,14,0,14,0,7.0,9.899494937,0,0,0.0,0.0,63926.94064,13698.63014,109.5,105.3589104,184,35,219,219.0,0.0,219,219,0,0.0,0.0,0,0,1,0,0,0,64,20,9132.420091,4566.210046,0,14,7.0,8.082903769,65.33333333,0,1,0,0,1,0,0,0,0,9.333333333,7.0,0.0,64,0,0,0,0,0,0,2,14,1,0,229,0,0,32,0.0,0.0,0,0,0.0,0.0,0,0,BruteForce
8722885,9,15,110,188,27,0,12.22222222,10.08436634,34,0,12.53333333,14.54975045,34.16300914,2.751383287,379255.8696,983945.7774,3003514,3,5848735,731091.875,1353703.4419999998,3049889,3,8722793,623056.6429,1214427.856,3003514,3,0,0,0,0,296,488,1.031768732,1.719614554,0,34,11.92,12.78970941,163.5766667,0,0,0,1,0,0,0,0,1,12.41666667,12.22222222,12.53333333,296,0,0,0,0,0,0,9,110,15,188,29200,227,6,32,0.0,0.0,0,0,0.0,0.0,0,0,BruteForce
8745631,9,15,98,188,20,0,10.88888889,8.491826135,34,0,12.53333333,14.54975045,32.70204288,2.744227375,380244.8261,984754.9246,3017693,4,5874155,734269.375,1355662.1530000002,3061877,220,8745511,624679.3571,1215186.811,3017693,4,0,0,0,0,296,488,1.0290852659999998,1.715142109,0,34,11.44,12.40322539,153.84,0,0,0,1,0,0,0,0,1,11.91666667,10.88888889,12.53333333,296,0,0,0,0,0,0,9,98,15,188,29200,227,6,32,0.0,0.0,0,0,0.0,0.0,0,0,BruteForce
228,2,1,14,0,14,0,7.0,9.899494937,0,0,0.0,0.0,61403.50877000001,13157.89474,114.0,38.18376618,141,87,228,228.0,0.0,228,228,0,0.0,0.0,0,0,1,0,0,0,64,20,8771.929825,4385.9649119999995,0,14,7.0,8.082903769,65.33333333,0,1,0,0,1,0,0,0,0,9.333333333,7.0,0.0,64,0,0,0,0,0,0,2,14,1,0,229,0,0,32,0.0,0.0,0,0,0.0,0.0,0,0,BruteForce
240,2,1,14,0,14,0,7.0,9.899494937,0,0,0.0,0.0,58333.333329999994,12500.0,120.0,39.59797975,148,92,240,240.0,0.0,240,240,0,0.0,0.0,0,0,1,0,0,0,64,20,8333.333333,4166.666667,0,14,7.0,8.082903769,65.33333333,0,1,0,0,1,0,0,0,0,9.333333333,7.0,0.0,64,0,0,0,0,0,0,2,14,1,0,229,0,0,32,0.0,0.0,0,0,0.0,0.0,0,0,BruteForce
9176049,9,15,105,188,22,0,11.66666667,9.300537619,34,0,12.53333333,14.54975045,31.93095416,2.615504778,398958.6522,1045372.082,3478282,4,6107934,763491.75,1434051.5380000004,3521403,222,9175960,655425.7143,1291645.003,3478282,4,0,0,0,0,296,488,0.980814292,1.634690486,0,34,11.72,12.58808961,158.46,0,0,0,1,0,0,0,0,1,12.20833333,11.66666667,12.53333333,296,0,0,0,0,0,0,9,105,15,188,29200,227,6,32,0.0,0.0,0,0,0.0,0.0,0,0,BruteForce
8973094,9,15,104,188,22,0,11.55555556,9.207484878,34,0,12.53333333,14.54975045,32.54172975,2.674662719,390134.5217,1018889.423,3280889,3,5905673,738209.125,1379590.989,3323382,3,8972973,640926.6429,1258473.566,3280889,3,0,0,0,0,296,488,1.00299852,1.6716642,0,34,11.68,12.5655614,157.89333330000005,0,0,0,1,0,0,0,0,1,12.16666667,11.55555556,12.53333333,296,0,0,0,0,0,0,9,104,15,188,29200,227,6,32,0.0,0.0,0,0,0.0,0.0,0,0,BruteForce
9031496,9,15,107,188,27,0,11.88888889,9.905105305,34,0,12.53333333,14.54975045,32.66347015,2.657367063,392673.7391,1017678.282,3481439,3,5509011,688626.375,1246239.432,2831639,3,9031390,645099.2857,1255918.004,3481439,3,0,0,0,0,296,488,0.996512649,1.660854414,0,34,11.8,12.7410099,162.33333330000005,0,0,0,1,0,0,0,0,1,12.29166667,11.88888889,12.53333333,296,0,0,0,0,0,0,9,107,15,188,29200,227,6,32,0.0,0.0,0,0,0.0,0.0,0,0,BruteForce
8178908,9,15,123,188,30,0,13.66666667,11.7686023,34,0,12.53333333,14.54975045,38.02463605,2.9343770589999996,355604.6957,922143.2377,2796172,3,5596466,699558.25,1293766.874,2838043,217,8178815,584201.0714,1138088.502,2796172,3,0,0,0,0,296,488,1.100391397,1.833985662,0,34,12.44,13.29185214,176.6733333,0,0,0,1,0,0,0,0,1,12.95833333,13.66666667,12.53333333,296,0,0,0,0,0,0,9,123,15,188,29200,227,6,32,0.0,0.0,0,0,0.0,0.0,0,0,BruteForce
19,2,0,14,0,14,0,7.0,9.899494937,0,0,0.0,0.0,736842.1053,105263.1579,19.0,0.0,19,19,19,19.0,0.0,19,19,0,0.0,0.0,0,0,1,0,0,0,64,0,105263.1579,0.0,0,14,9.333333333,8.082903769,65.33333333,0,1,0,0,1,0,0,0,0,14.0,7.0,0.0,64,0,0,0,0,0,0,2,14,0,0,229,-1,0,32,0.0,0.0,0,0,0.0,0.0,0,0,BruteForce
223,2,1,14,0,14,0,7.0,9.899494937,0,0,0.0,0.0,62780.269060000006,13452.9148,111.5,36.06244584,137,86,223,223.0,0.0,223,223,0,0.0,0.0,0,0,1,0,0,0,64,20,8968.609865,4484.3049329999985,0,14,7.0,8.082903769,65.33333333,0,1,0,0,1,0,0,0,0,9.333333333,7.0,0.0,64,0,0,0,0,0,0,2,14,1,0,229,0,0,32,0.0,0.0,0,0,0.0,0.0,0,0,BruteForce
214,2,1,14,0,14,0,7.0,9.899494937,0,0,0.0,0.0,65420.56075,14018.69159,107.0,35.35533906,132,82,214,214.0,0.0,214,214,0,0.0,0.0,0,0,1,0,0,0,64,20,9345.794393,4672.897196,0,14,7.0,8.082903769,65.33333333,0,1,0,0,1,0,0,0,0,9.333333333,7.0,0.0,64,0,0,0,0,0,0,2,14,1,0,229,0,0,32,0.0,0.0,0,0,0.0,0.0,0,0,BruteForce
8617068,9,15,102,188,22,0,11.33333333,8.94427191,34,0,12.53333333,14.54975045,33.65413851,2.785170083,374655.1304,971564.9358,2970779,17,5779406,722425.75,1336977.177,3015053,17,8617006,615500.4286,1199084.818,2970779,49,0,0,0,0,296,488,1.044438781,1.740731302,0,34,11.6,12.50333289,156.33333330000005,0,0,0,1,0,0,0,0,1,12.08333333,11.33333333,12.53333333,296,0,0,0,0,0,0,9,102,15,188,29200,227,6,32,0.0,0.0,0,0,0.0,0.0,0,0,BruteForce
9226288,9,15,104,188,22,0,11.55555556,9.153020145,34,0,12.53333333,14.54975045,31.64869772,2.601262826,401142.9565,1046123.086,3415956,3,6475194,809399.25,1501240.144,3459867,217,9226154,659011.0,1291906.603,3415956,3,0,0,0,0,296,488,0.97547356,1.625789266,0,34,11.68,12.55229063,157.56,0,0,0,1,0,0,0,0,1,12.16666667,11.55555556,12.53333333,296,0,0,0,0,0,0,9,104,15,188,29200,227,6,32,0.0,0.0,0,0,0.0,0.0,0,0,BruteForce
319,2,1,14,0,14,0,7.0,9.899494937,0,0,0.0,0.0,43887.14734,9404.388715,159.5,88.38834765,222,97,319,319.0,0.0,319,319,0,0.0,0.0,0,0,1,0,0,0,64,20,6269.592476,3134.796238,0,14,7.0,8.082903769,65.33333333,0,1,0,0,1,0,0,0,0,9.333333333,7.0,0.0,64,0,0,0,0,0,0,2,14,1,0,229,0,0,32,0.0,0.0,0,0,0.0,0.0,0,0,BruteForce
210,2,1,14,0,14,0,7.0,9.899494937,0,0,0.0,0.0,66666.66667,14285.71429,105.0,29.69848481,126,84,210,210.0,0.0,210,210,0,0.0,0.0,0,0,1,0,0,0,64,20,9523.809524,4761.904762,0,14,7.0,8.082903769,65.33333333,0,1,0,0,1,0,0,0,0,9.333333333,7.0,0.0,64,0,0,0,0,0,0,2,14,1,0,229,0,0,32,0.0,0.0,0,0,0.0,0.0,0,0,BruteForce
3,2,0,14,0,14,0,7.0,9.899494937,0,0,0.0,0.0,4666666.666999999,666666.6667,3.0,0.0,3,3,3,3.0,0.0,3,3,0,0.0,0.0,0,0,1,0,0,0,64,0,666666.6667,0.0,0,14,9.333333333,8.082903769,65.33333333,0,1,0,0,1,0,0,0,0,14.0,7.0,0.0,64,0,0,0,0,0,0,2,14,0,0,229,-1,0,32,0.0,0.0,0,0,0.0,0.0,0,0,BruteForce
228,2,1,14,0,14,0,7.0,9.899494937,0,0,0.0,0.0,61403.50877000001,13157.89474,114.0,62.22539674,158,70,228,228.0,0.0,228,228,0,0.0,0.0,0,0,1,0,0,0,64,20,8771.929825,4385.9649119999995,0,14,7.0,8.082903769,65.33333333,0,1,0,0,1,0,0,0,0,9.333333333,7.0,0.0,64,0,0,0,0,0,0,2,14,1,0,229,0,0,32,0.0,0.0,0,0,0.0,0.0,0,0,BruteForce
283,2,1,14,0,14,0,7.0,9.899494937,0,0,0.0,0.0,49469.964660000005,10600.70671,141.5,70.00357134,191,92,283,283.0,0.0,283,283,0,0.0,0.0,0,0,1,0,0,0,64,20,7067.137809000003,3533.5689049999996,0,14,7.0,8.082903769,65.33333333,0,1,0,0,1,0,0,0,0,9.333333333,7.0,0.0,64,0,0,0,0,0,0,2,14,1,0,229,0,0,32,0.0,0.0,0,0,0.0,0.0,0,0,BruteForce
215,2,1,14,0,14,0,7.0,9.899494937,0,0,0.0,0.0,65116.27907,13953.48837,107.5,67.17514421,155,60,215,215.0,0.0,215,215,0,0.0,0.0,0,0,1,0,0,0,64,20,9302.325581,4651.162791,0,14,7.0,8.082903769,65.33333333,0,1,0,0,1,0,0,0,0,9.333333333,7.0,0.0,64,0,0,0,0,0,0,2,14,1,0,229,0,0,32,0.0,0.0,0,0,0.0,0.0,0,0,BruteForce
196,2,1,14,0,14,0,7.0,9.899494937,0,0,0.0,0.0,71428.57143,15306.12245,98.0,28.28427125,118,78,196,196.0,0.0,196,196,0,0.0,0.0,0,0,1,0,0,0,64,20,10204.08163,5102.040816,0,14,7.0,8.082903769,65.33333333,0,1,0,0,1,0,0,0,0,9.333333333,7.0,0.0,64,0,0,0,0,0,0,2,14,1,0,229,0,0,32,0.0,0.0,0,0,0.0,0.0,0,0,BruteForce
9223654,9,15,108,188,25,0,12.0,9.733961167,34,0,12.53333333,14.54975045,32.09140326,2.602005669,401028.4348,1039902.42,3168899,3,6188042,773505.25,1428029.369,3210619,216,9223635,658831.0714,1283415.593,3168899,3,0,0,0,0,296,488,0.975752126,1.626253543,0,34,11.84,12.69737506,161.2233333,0,0,0,1,0,0,0,0,1,12.33333333,12.0,12.53333333,296,0,0,0,0,0,0,9,108,15,188,29200,227,6,32,0.0,0.0,0,0,0.0,0.0,0,0,BruteForce
8681728,9,15,114,188,28,0,12.66666667,10.68877916,34,0,12.53333333,14.54975045,34.78570165,2.764426621,377466.4348,981193.0687,3099530,3,5538622,692327.75,1280310.892,2799769,3,8681612,620115.1429,1211289.147,3099530,3,0,0,0,0,296,488,1.036659983,1.727766638,0,34,12.08,12.95800911,167.91,0,0,0,1,0,0,0,0,1,12.58333333,12.66666667,12.53333333,296,0,0,0,0,0,0,9,114,15,188,29200,227,6,32,0.0,0.0,0,0,0.0,0.0,0,0,BruteForce
8762770,9,15,106,188,23,0,11.77777778,9.417772796,34,0,12.53333333,14.54975045,33.55103466,2.738859972,380990.0,985592.5007,3156590,3,5562291,695286.375,1272480.242,2800441,272,8762627,625901.9286,1216071.975,3156590,3,0,0,0,0,296,488,1.02707249,1.7117874830000002,0,34,11.76,12.61705195,159.19,0,0,0,1,0,0,0,0,1,12.25,11.77777778,12.53333333,296,0,0,0,0,0,0,9,106,15,188,29200,227,6,32,0.0,0.0,0,0,0.0,0.0,0,0,BruteForce
275,2,1,14,0,14,0,7.0,9.899494937,0,0,0.0,0.0,50909.09091,10909.09091,137.5,55.86143571,177,98,275,275.0,0.0,275,275,0,0.0,0.0,0,0,1,0,0,0,64,20,7272.727273,3636.363636,0,14,7.0,8.082903769,65.33333333,0,1,0,0,1,0,0,0,0,9.333333333,7.0,0.0,64,0,0,0,0,0,0,2,14,1,0,229,0,0,32,0.0,0.0,0,0,0.0,0.0,0,0,BruteForce
244,2,1,14,0,14,0,7.0,9.899494937,0,0,0.0,0.0,57377.049179999995,12295.08197,122.0,90.50966799,186,58,244,244.0,0.0,244,244,0,0.0,0.0,0,0,1,0,0,0,64,20,8196.721311,4098.360656,0,14,7.0,8.082903769,65.33333333,0,1,0,0,1,0,0,0,0,9.333333333,7.0,0.0,64,0,0,0,0,0,0,2,14,1,0,229,0,0,32,0.0,0.0,0,0,0.0,0.0,0,0,BruteForce
48,2,0,14,0,14,0,7.0,9.899494937,0,0,0.0,0.0,291666.6667,41666.66667,48.0,0.0,48,48,48,48.0,0.0,48,48,0,0.0,0.0,0,0,1,0,0,0,64,0,41666.66667,0.0,0,14,9.333333333,8.082903769,65.33333333,0,1,0,0,1,0,0,0,0,14.0,7.0,0.0,64,0,0,0,0,0,0,2,14,0,0,229,-1,0,32,0.0,0.0,0,0,0.0,0.0,0,0,BruteForce
312,2,1,14,0,14,0,7.0,9.899494937,0,0,0.0,0.0,44871.79487,9615.384615,156.0,154.1492783,265,47,312,312.0,0.0,312,312,0,0.0,0.0,0,0,1,0,0,0,64,20,6410.25641,3205.128205,0,14,7.0,8.082903769,65.33333333,0,1,0,0,1,0,0,0,0,9.333333333,7.0,0.0,64,0,0,0,0,0,0,2,14,1,0,229,0,0,32,0.0,0.0,0,0,0.0,0.0,0,0,BruteForce
3,2,0,14,0,14,0,7.0,9.899494937,0,0,0.0,0.0,4666666.666999999,666666.6667,3.0,0.0,3,3,3,3.0,0.0,3,3,0,0.0,0.0,0,0,1,0,0,0,64,0,666666.6667,0.0,0,14,9.333333333,8.082903769,65.33333333,0,1,0,0,1,0,0,0,0,14.0,7.0,0.0,64,0,0,0,0,0,0,2,14,0,0,229,-1,0,32,0.0,0.0,0,0,0.0,0.0,0,0,BruteForce
8989022,9,15,109,188,25,0,12.11111111,9.854496999,34,0,12.53333333,14.54975045,33.04030183,2.66992338,390827.0435,994192.4729,3180789,4,5766904,720863.0,1280137.302,2828900,48,8988907,642064.7857,1224346.058,3180789,4,0,0,0,0,296,488,1.001221267,1.6687021119999998,0,34,11.88,12.72896958,162.0266667,0,0,0,1,0,0,0,0,1,12.375,12.11111111,12.53333333,296,0,0,0,0,0,0,9,109,15,188,29200,227,6,32,0.0,0.0,0,0,0.0,0.0,0,0,BruteForce
8606965,9,15,106,188,24,0,11.77777778,9.510228412,34,0,12.53333333,14.54975045,34.15838219,2.788439363,374215.8696,962073.0136,2944665,3,5797523,724690.375,1320383.333,2988555,251,8606868,614776.2857,1186224.409,2944665,3,0,0,0,0,296,488,1.0456647609999998,1.742774602,0,34,11.76,12.64014768,159.77333330000005,0,0,0,1,0,0,0,0,1,12.25,11.77777778,12.53333333,296,0,0,0,0,0,0,9,106,15,188,29200,227,6,32,0.0,0.0,0,0,0.0,0.0,0,0,BruteForce
4,2,0,14,0,14,0,7.0,9.899494937,0,0,0.0,0.0,3500000.0,500000.0,4.0,0.0,4,4,4,4.0,0.0,4,4,0,0.0,0.0,0,0,1,0,0,0,64,0,500000.0,0.0,0,14,9.333333333,8.082903769,65.33333333,0,1,0,0,1,0,0,0,0,14.0,7.0,0.0,64,0,0,0,0,0,0,2,14,0,0,229,-1,0,32,0.0,0.0,0,0,0.0,0.0,0,0,BruteForce
232,2,1,14,0,14,0,7.0,9.899494937,0,0,0.0,0.0,60344.82759,12931.03448,116.0,101.8233765,188,44,232,232.0,0.0,232,232,0,0.0,0.0,0,0,1,0,0,0,64,20,8620.689655,4310.344828,0,14,7.0,8.082903769,65.33333333,0,1,0,0,1,0,0,0,0,9.333333333,7.0,0.0,64,0,0,0,0,0,0,2,14,1,0,229,0,0,32,0.0,0.0,0,0,0.0,0.0,0,0,BruteForce
4,2,0,14,0,14,0,7.0,9.899494937,0,0,0.0,0.0,3500000.0,500000.0,4.0,0.0,4,4,4,4.0,0.0,4,4,0,0.0,0.0,0,0,1,0,0,0,64,0,500000.0,0.0,0,14,9.333333333,8.082903769,65.33333333,0,1,0,0,1,0,0,0,0,14.0,7.0,0.0,64,0,0,0,0,0,0,2,14,0,0,229,-1,0,32,0.0,0.0,0,0,0.0,0.0,0,0,BruteForce
220,2,1,14,0,14,0,7.0,9.899494937,0,0,0.0,0.0,63636.36364,13636.36364,110.0,118.7939392,194,26,220,220.0,0.0,220,220,0,0.0,0.0,0,0,1,0,0,0,64,20,9090.909091,4545.454545000001,0,14,7.0,8.082903769,65.33333333,0,1,0,0,1,0,0,0,0,9.333333333,7.0,0.0,64,0,0,0,0,0,0,2,14,1,0,229,0,0,32,0.0,0.0,0,0,0.0,0.0,0,0,BruteForce
226,2,1,14,0,14,0,7.0,9.899494937,0,0,0.0,0.0,61946.90265,13274.33628,113.0,38.18376618,140,86,226,226.0,0.0,226,226,0,0.0,0.0,0,0,1,0,0,0,64,20,8849.557522,4424.778761,0,14,7.0,8.082903769,65.33333333,0,1,0,0,1,0,0,0,0,9.333333333,7.0,0.0,64,0,0,0,0,0,0,2,14,1,0,229,0,0,32,0.0,0.0,0,0,0.0,0.0,0,0,BruteForce
9608329,9,15,116,188,29,0,12.88888889,10.90234429,34,0,12.53333333,14.54975045,31.63921635,2.49783287,417753.4348,1085890.242,3319275,4,6616886,827110.75,1528252.469,3361382,4,9608290,686306.4286,1340531.179,3319275,4,0,0,0,0,296,488,0.936687326,1.5611455440000002,0,34,12.16,13.02139265,169.5566667,0,0,0,1,0,0,0,0,1,12.66666667,12.88888889,12.53333333,296,0,0,0,0,0,0,9,116,15,188,29200,227,6,32,0.0,0.0,0,0,0.0,0.0,0,0,BruteForce
254,2,1,14,0,14,0,7.0,9.899494937,0,0,0.0,0.0,55118.110239999995,11811.02362,127.0,14.14213562,137,117,254,254.0,0.0,254,254,0,0.0,0.0,0,0,1,0,0,0,64,20,7874.015748000003,3937.007874,0,14,7.0,8.082903769,65.33333333,0,1,0,0,1,0,0,0,0,9.333333333,7.0,0.0,64,0,0,0,0,0,0,2,14,1,0,229,0,0,32,0.0,0.0,0,0,0.0,0.0,0,0,BruteForce
4,2,0,14,0,14,0,7.0,9.899494937,0,0,0.0,0.0,3500000.0,500000.0,4.0,0.0,4,4,4,4.0,0.0,4,4,0,0.0,0.0,0,0,1,0,0,0,64,0,500000.0,0.0,0,14,9.333333333,8.082903769,65.33333333,0,1,0,0,1,0,0,0,0,14.0,7.0,0.0,64,0,0,0,0,0,0,2,14,0,0,229,-1,0,32,0.0,0.0,0,0,0.0,0.0,0,0,BruteForce
4,2,0,14,0,14,0,7.0,9.899494937,0,0,0.0,0.0,3500000.0,500000.0,4.0,0.0,4,4,4,4.0,0.0,4,4,0,0.0,0.0,0,0,1,0,0,0,64,0,500000.0,0.0,0,14,9.333333333,8.082903769,65.33333333,0,1,0,0,1,0,0,0,0,14.0,7.0,0.0,64,0,0,0,0,0,0,2,14,0,0,229,-1,0,32,0.0,0.0,0,0,0.0,0.0,0,0,BruteForce
8561087,9,15,117,188,29,0,13.0,10.98863049,34,0,12.53333333,14.54975045,35.62631708,2.803382328,372221.1739,965876.303,2910035,3,5609844,701230.5,1298497.81,2932093,227,8560967,611497.6429,1192151.8,2910035,3,0,0,0,0,296,488,1.051268373,1.752113955,0,34,12.2,13.04798835,170.25,0,0,0,1,0,0,0,0,1,12.70833333,13.0,12.53333333,296,0,0,0,0,0,0,9,117,15,188,29200,227,6,32,0.0,0.0,0,0,0.0,0.0,0,0,BruteForce
8475461,9,15,107,188,23,0,11.88888889,9.545214042,34,0,12.53333333,14.54975045,34.80636628,2.831704376,368498.3043,941667.4105,2892921,3,5724590,715573.75,1291827.407,2934366,235,8475380,605384.2857,1160266.313,2892921,3,0,0,0,0,296,488,1.061889141,1.769815235,0,34,11.8,12.64911064,160.0,0,0,0,1,0,0,0,0,1,12.29166667,11.88888889,12.53333333,296,0,0,0,0,0,0,9,107,15,188,29200,227,6,32,0.0,0.0,0,0,0.0,0.0,0,0,BruteForce
9296819,9,15,106,188,22,0,11.77777778,9.404490653,34,0,12.53333333,14.54975045,31.6237199,2.581528155,404209.5217,1051846.322,3346604,3,6369160,796145.0,1476091.104,3389368,48,9296713,664050.9286,1298665.913,3346604,3,0,0,0,0,296,488,0.968073058,1.613455097,0,34,11.76,12.61374911,159.10666669999995,0,0,0,1,0,0,0,0,1,12.25,11.77777778,12.53333333,296,0,0,0,0,0,0,9,106,15,188,29200,227,6,32,0.0,0.0,0,0,0.0,0.0,0,0,BruteForce
4,2,0,14,0,14,0,7.0,9.899494937,0,0,0.0,0.0,3500000.0,500000.0,4.0,0.0,4,4,4,4.0,0.0,4,4,0,0.0,0.0,0,0,1,0,0,0,64,0,500000.0,0.0,0,14,9.333333333,8.082903769,65.33333333,0,1,0,0,1,0,0,0,0,14.0,7.0,0.0,64,0,0,0,0,0,0,2,14,0,0,229,-1,0,32,0.0,0.0,0,0,0.0,0.0,0,0,BruteForce
220,2,1,14,0,14,0,7.0,9.899494937,0,0,0.0,0.0,63636.36364,13636.36364,110.0,82.02438662,168,52,220,220.0,0.0,220,220,0,0.0,0.0,0,0,1,0,0,0,64,20,9090.909091,4545.454545000001,0,14,7.0,8.082903769,65.33333333,0,1,0,0,1,0,0,0,0,9.333333333,7.0,0.0,64,0,0,0,0,0,0,2,14,1,0,229,0,0,32,0.0,0.0,0,0,0.0,0.0,0,0,BruteForce
232,2,1,14,0,14,0,7.0,9.899494937,0,0,0.0,0.0,60344.82759,12931.03448,116.0,65.05382387,162,70,232,232.0,0.0,232,232,0,0.0,0.0,0,0,1,0,0,0,64,20,8620.689655,4310.344828,0,14,7.0,8.082903769,65.33333333,0,1,0,0,1,0,0,0,0,9.333333333,7.0,0.0,64,0,0,0,0,0,0,2,14,1,0,229,0,0,32,0.0,0.0,0,0,0.0,0.0,0,0,BruteForce
8664797,9,15,111,188,29,0,12.33333333,10.55935604,34,0,12.53333333,14.54975045,34.50744432,2.7698283060000004,376730.3043,977636.8077,3067559,3,5818012,727251.5,1346672.7969999998,3110472,3,8664686,618906.1429,1206676.227,3067559,3,0,0,0,0,296,488,1.038685615,1.731142692,0,34,11.96,12.91794617,166.8733333,0,0,0,1,0,0,0,0,1,12.45833333,12.33333333,12.53333333,296,0,0,0,0,0,0,9,111,15,188,29200,227,6,32,0.0,0.0,0,0,0.0,0.0,0,0,BruteForce
9054588,9,15,107,188,29,0,11.88888889,10.14204669,34,0,12.53333333,14.54975045,32.580168199999996,2.650589955,393677.7391,1026883.09,3344666,3,5667905,708488.125,1312061.386,2966950,3,9054489,646749.2143,1268175.917,3344666,4,0,0,0,0,296,488,0.993971233,1.656618722,0,34,11.8,12.80299444,163.91666669999995,0,0,0,1,0,0,0,0,1,12.29166667,11.88888889,12.53333333,296,0,0,0,0,0,0,9,107,15,188,29200,227,6,32,0.0,0.0,0,0,0.0,0.0,0,0,BruteForce
4,2,0,14,0,14,0,7.0,9.899494937,0,0,0.0,0.0,3500000.0,500000.0,4.0,0.0,4,4,4,4.0,0.0,4,4,0,0.0,0.0,0,0,1,0,0,0,64,0,500000.0,0.0,0,14,9.333333333,8.082903769,65.33333333,0,1,0,0,1,0,0,0,0,14.0,7.0,0.0,64,0,0,0,0,0,0,2,14,0,0,229,-1,0,32,0.0,0.0,0,0,0.0,0.0,0,0,BruteForce
222,2,1,14,0,14,0,7.0,9.899494937,0,0,0.0,0.0,63063.06306,13513.51351,111.0,48.08326112,145,77,222,222.0,0.0,222,222,0,0.0,0.0,0,0,1,0,0,0,64,20,9009.009009,4504.504505,0,14,7.0,8.082903769,65.33333333,0,1,0,0,1,0,0,0,0,9.333333333,7.0,0.0,64,0,0,0,0,0,0,2,14,1,0,229,0,0,32,0.0,0.0,0,0,0.0,0.0,0,0,BruteForce
255,2,1,14,0,14,0,7.0,9.899494937,0,0,0.0,0.0,54901.960779999994,11764.70588,127.5,71.4177849,178,77,255,255.0,0.0,255,255,0,0.0,0.0,0,0,1,0,0,0,64,20,7843.137255,3921.568627,0,14,7.0,8.082903769,65.33333333,0,1,0,0,1,0,0,0,0,9.333333333,7.0,0.0,64,0,0,0,0,0,0,2,14,1,0,229,0,0,32,0.0,0.0,0,0,0.0,0.0,0,0,BruteForce
8951077,9,15,121,188,32,0,13.44444444,11.67380734,34,0,12.53333333,14.54975045,34.52098558,2.681241598,389177.2609,1010687.811,3081205,1,5997343,749667.875,1387952.284,3124527,1,8950968,639354.8571,1247571.476,3081205,3,0,0,0,0,296,488,1.005465599,1.675775999,0,34,12.36,13.25669642,175.74,0,0,0,1,0,0,0,0,1,12.875,13.44444444,12.53333333,296,0,0,0,0,0,0,9,121,15,188,29200,227,6,32,0.0,0.0,0,0,0.0,0.0,0,0,BruteForce
9037593,9,15,101,188,23,0,11.22222222,8.885068624,34,0,12.53333333,14.54975045,31.97754092,2.655574333,392938.8261,1008092.124,3078082,3,6090241,761280.125,1380892.593,3122292,204,9037485,645534.6429,1242670.86,3078082,3,0,0,0,0,296,488,0.995840375,1.659733958,0,34,11.56,12.49026287,156.00666669999995,0,0,0,1,0,0,0,0,1,12.04166667,11.22222222,12.53333333,296,0,0,0,0,0,0,9,101,15,188,29200,227,6,32,0.0,0.0,0,0,0.0,0.0,0,0,BruteForce
247,2,1,14,0,14,0,7.0,9.899494937,0,0,0.0,0.0,56680.16194,12145.74899,123.5,91.21677477,188,59,247,247.0,0.0,247,247,0,0.0,0.0,0,0,1,0,0,0,64,20,8097.165992,4048.582996,0,14,7.0,8.082903769,65.33333333,0,1,0,0,1,0,0,0,0,9.333333333,7.0,0.0,64,0,0,0,0,0,0,2,14,1,0,229,0,0,32,0.0,0.0,0,0,0.0,0.0,0,0,BruteForce
272,2,1,14,0,14,0,7.0,9.899494937,0,0,0.0,0.0,51470.58824,11029.41176,136.0,33.9411255,160,112,272,272.0,0.0,272,272,0,0.0,0.0,0,0,1,0,0,0,64,20,7352.941176,3676.470588,0,14,7.0,8.082903769,65.33333333,0,1,0,0,1,0,0,0,0,9.333333333,7.0,0.0,64,0,0,0,0,0,0,2,14,1,0,229,0,0,32,0.0,0.0,0,0,0.0,0.0,0,0,BruteForce
2,2,0,14,0,14,0,7.0,9.899494937,0,0,0.0,0.0,7000000.0,1000000.0,2.0,0.0,2,2,2,2.0,0.0,2,2,0,0.0,0.0,0,0,1,0,0,0,64,0,1000000.0,0.0,0,14,9.333333333,8.082903769,65.33333333,0,1,0,0,1,0,0,0,0,14.0,7.0,0.0,64,0,0,0,0,0,0,2,14,0,0,229,-1,0,32,0.0,0.0,0,0,0.0,0.0,0,0,BruteForce
4,2,0,14,0,14,0,7.0,9.899494937,0,0,0.0,0.0,3500000.0,500000.0,4.0,0.0,4,4,4,4.0,0.0,4,4,0,0.0,0.0,0,0,1,0,0,0,64,0,500000.0,0.0,0,14,9.333333333,8.082903769,65.33333333,0,1,0,0,1,0,0,0,0,14.0,7.0,0.0,64,0,0,0,0,0,0,2,14,0,0,229,-1,0,32,0.0,0.0,0,0,0.0,0.0,0,0,BruteForce
218,2,1,14,0,14,0,7.0,9.899494937,0,0,0.0,0.0,64220.18349,13761.46789,109.0,79.19595949,165,53,218,218.0,0.0,218,218,0,0.0,0.0,0,0,1,0,0,0,64,20,9174.311927,4587.155963,0,14,7.0,8.082903769,65.33333333,0,1,0,0,1,0,0,0,0,9.333333333,7.0,0.0,64,0,0,0,0,0,0,2,14,1,0,229,0,0,32,0.0,0.0,0,0,0.0,0.0,0,0,BruteForce
271,2,1,14,0,14,0,7.0,9.899494937,0,0,0.0,0.0,51660.51661,11070.1107,135.5,31.81980515,158,113,271,271.0,0.0,271,271,0,0.0,0.0,0,0,1,0,0,0,64,20,7380.073801,3690.0369,0,14,7.0,8.082903769,65.33333333,0,1,0,0,1,0,0,0,0,9.333333333,7.0,0.0,64,0,0,0,0,0,0,2,14,1,0,229,0,0,32,0.0,0.0,0,0,0.0,0.0,0,0,BruteForce
8593839,9,15,107,188,23,0,11.88888889,9.545214042,34,0,12.53333333,14.54975045,34.32691723,2.7926983510000003,373645.1739,969977.4138,3040754,4,5767121,720890.125,1336080.87,3084750,202,8593728,613837.7143,1197268.835,3040754,4,0,0,0,0,296,488,1.0472618809999998,1.7454364690000002,0,34,11.8,12.64911064,160.0,0,0,0,1,0,0,0,0,1,12.29166667,11.88888889,12.53333333,296,0,0,0,0,0,0,9,107,15,188,29200,227,6,32,0.0,0.0,0,0,0.0,0.0,0,0,BruteForce
225,2,1,14,0,14,0,7.0,9.899494937,0,0,0.0,0.0,62222.22222,13333.33333,112.5,61.51828996,156,69,225,225.0,0.0,225,225,0,0.0,0.0,0,0,1,0,0,0,64,20,8888.888889,4444.444444,0,14,7.0,8.082903769,65.33333333,0,1,0,0,1,0,0,0,0,9.333333333,7.0,0.0,64,0,0,0,0,0,0,2,14,1,0,229,0,0,32,0.0,0.0,0,0,0.0,0.0,0,0,BruteForce
8784101,9,15,110,188,26,0,12.22222222,10.05954494,34,0,12.53333333,14.54975045,33.92492869,2.7322090219999997,381917.4348,990445.6942,3100549,3,5897925,737240.625,1362777.7,3143429,3,8783959,627425.6429,1222397.128,3100549,3,0,0,0,0,296,488,1.024578383,1.707630639,0,34,11.92,12.78319209,163.41,0,0,0,1,0,0,0,0,1,12.41666667,12.22222222,12.53333333,296,0,0,0,0,0,0,9,110,15,188,29200,227,6,32,0.0,0.0,0,0,0.0,0.0,0,0,BruteForce
3,2,0,14,0,14,0,7.0,9.899494937,0,0,0.0,0.0,4666666.666999999,666666.6667,3.0,0.0,3,3,3,3.0,0.0,3,3,0,0.0,0.0,0,0,1,0,0,0,64,0,666666.6667,0.0,0,14,9.333333333,8.082903769,65.33333333,0,1,0,0,1,0,0,0,0,14.0,7.0,0.0,64,0,0,0,0,0,0,2,14,0,0,229,-1,0,32,0.0,0.0,0,0,0.0,0.0,0,0,BruteForce
224,2,1,14,0,14,0,7.0,9.899494937,0,0,0.0,0.0,62500.0,13392.85714,112.0,125.8650071,201,23,224,224.0,0.0,224,224,0,0.0,0.0,0,0,1,0,0,0,64,20,8928.571429000001,4464.285714,0,14,7.0,8.082903769,65.33333333,0,1,0,0,1,0,0,0,0,9.333333333,7.0,0.0,64,0,0,0,0,0,0,2,14,1,0,229,0,0,32,0.0,0.0,0,0,0.0,0.0,0,0,BruteForce
9610806,9,15,104,188,23,0,11.55555556,9.355628134,34,0,12.53333333,14.54975045,30.3824674,2.4971891019999997,417861.1304,1090713.413,3560376,3,6467924,808490.5,1507462.898,3601500,195,9610688,686477.7143,1347106.9519999998,3560376,3,0,0,0,0,296,488,0.936445913,1.5607431880000002,0,34,11.68,12.60198397,158.81,0,0,0,1,0,0,0,0,1,12.16666667,11.55555556,12.53333333,296,0,0,0,0,0,0,9,104,15,188,29200,227,6,32,0.0,0.0,0,0,0.0,0.0,0,0,BruteForce
3,2,0,14,0,14,0,7.0,9.899494937,0,0,0.0,0.0,4666666.666999999,666666.6667,3.0,0.0,3,3,3,3.0,0.0,3,3,0,0.0,0.0,0,0,1,0,0,0,64,0,666666.6667,0.0,0,14,9.333333333,8.082903769,65.33333333,0,1,0,0,1,0,0,0,0,14.0,7.0,0.0,64,0,0,0,0,0,0,2,14,0,0,229,-1,0,32,0.0,0.0,0,0,0.0,0.0,0,0,BruteForce
224,2,1,14,0,14,0,7.0,9.899494937,0,0,0.0,0.0,62500.0,13392.85714,112.0,41.01219331,141,83,224,224.0,0.0,224,224,0,0.0,0.0,0,0,1,0,0,0,64,20,8928.571429000001,4464.285714,0,14,7.0,8.082903769,65.33333333,0,1,0,0,1,0,0,0,0,9.333333333,7.0,0.0,64,0,0,0,0,0,0,2,14,1,0,229,0,0,32,0.0,0.0,0,0,0.0,0.0,0,0,BruteForce
48,2,0,14,0,14,0,7.0,9.899494937,0,0,0.0,0.0,291666.6667,41666.66667,48.0,0.0,48,48,48,48.0,0.0,48,48,0,0.0,0.0,0,0,1,0,0,0,64,0,41666.66667,0.0,0,14,9.333333333,8.082903769,65.33333333,0,1,0,0,1,0,0,0,0,14.0,7.0,0.0,64,0,0,0,0,0,0,2,14,0,0,229,-1,0,32,0.0,0.0,0,0,0.0,0.0,0,0,BruteForce
9521753,9,15,104,188,23,0,11.55555556,9.221050796,34,0,12.53333333,14.54975045,30.666621999999997,2.520544274,413989.2609,1070671.871,3571489,0,5907431,738428.875,1338588.37,3123364,243,9521667,680119.0714,1321007.48,3571489,0,0,0,0,0,296,488,0.945204103,1.575340171,0,34,11.68,12.56887691,157.97666669999995,0,0,0,1,0,0,0,0,1,12.16666667,11.55555556,12.53333333,296,0,0,0,0,0,0,9,104,15,188,29200,227,6,32,0.0,0.0,0,0,0.0,0.0,0,0,BruteForce
9611459,9,15,100,188,24,0,11.11111111,8.894442709,34,0,12.53333333,14.54975045,29.96423332,2.497019443,417889.5217,1090586.736,3566856,3,5996957,749619.625,1387865.657,3124267,272,9611337,686524.0714,1346923.007,3566856,3,0,0,0,0,296,488,0.936382291,1.560637152,0,34,11.52,12.49373176,156.0933333,0,0,0,1,0,0,0,0,1,12.0,11.11111111,12.53333333,296,0,0,0,0,0,0,9,100,15,188,29200,227,6,32,0.0,0.0,0,0,0.0,0.0,0,0,BruteForce
3,2,0,14,0,14,0,7.0,9.899494937,0,0,0.0,0.0,4666666.666999999,666666.6667,3.0,0.0,3,3,3,3.0,0.0,3,3,0,0.0,0.0,0,0,1,0,0,0,64,0,666666.6667,0.0,0,14,9.333333333,8.082903769,65.33333333,0,1,0,0,1,0,0,0,0,14.0,7.0,0.0,64,0,0,0,0,0,0,2,14,0,0,229,-1,0,32,0.0,0.0,0,0,0.0,0.0,0,0,BruteForce
210,2,1,14,0,14,0,7.0,9.899494937,0,0,0.0,0.0,66666.66667,14285.71429,105.0,74.95331881,158,52,210,210.0,0.0,210,210,0,0.0,0.0,0,0,1,0,0,0,64,20,9523.809524,4761.904762,0,14,7.0,8.082903769,65.33333333,0,1,0,0,1,0,0,0,0,9.333333333,7.0,0.0,64,0,0,0,0,0,0,2,14,1,0,229,0,0,32,0.0,0.0,0,0,0.0,0.0,0,0,BruteForce
8658110,9,15,101,188,20,0,11.22222222,8.771798245,34,0,12.53333333,14.54975045,33.379109299999996,2.7719675539999997,376439.5652,977807.6193,3079804,3,5982814,747851.75,1384625.608,3124427,245,8657980,618427.1429,1207013.395,3079804,3,0,0,0,0,296,488,1.039487833,1.732479721,0,34,11.56,12.46354685,155.34,0,0,0,1,0,0,0,0,1,12.04166667,11.22222222,12.53333333,296,0,0,0,0,0,0,9,101,15,188,29200,227,6,32,0.0,0.0,0,0,0.0,0.0,0,0,BruteForce
8808534,9,15,108,188,23,0,12.0,9.656603958,34,0,12.53333333,14.54975045,33.60377561,2.724630455,382979.7391,998069.9162,3248590,3,5513302,689162.75,1275999.951,2890428,3,8808442,629174.4286,1232470.424,3248590,3,0,0,0,0,296,488,1.021736421,1.702894034,0,34,11.84,12.67767066,160.7233333,0,0,0,1,0,0,0,0,1,12.33333333,12.0,12.53333333,296,0,0,0,0,0,0,9,108,15,188,29200,227,6,32,0.0,0.0,0,0,0.0,0.0,0,0,BruteForce
8790390,9,15,103,188,22,0,11.44444444,9.070709883,34,0,12.53333333,14.54975045,33.10433325,2.730254289,382190.8696,992499.5114,3099855,3,5900777,737597.125,1367696.351,3142474,223,8790261,627875.7857,1225115.014,3099855,3,0,0,0,0,296,488,1.023845358,1.706408931,0,34,11.64,12.53289006,157.0733333,0,0,0,1,0,0,0,0,1,12.125,11.44444444,12.53333333,296,0,0,0,0,0,0,9,103,15,188,29200,227,6,32,0.0,0.0,0,0,0.0,0.0,0,0,BruteForce
245,2,1,14,0,14,0,7.0,9.899494937,0,0,0.0,0.0,57142.85714,12244.89796,122.5,53.03300859,160,85,245,245.0,0.0,245,245,0,0.0,0.0,0,0,1,0,0,0,64,20,8163.265306,4081.632653,0,14,7.0,8.082903769,65.33333333,0,1,0,0,1,0,0,0,0,9.333333333,7.0,0.0,64,0,0,0,0,0,0,2,14,1,0,229,0,0,32,0.0,0.0,0,0,0.0,0.0,0,0,BruteForce
8274984,9,15,101,188,23,0,11.22222222,8.941165721,34,0,12.53333333,14.54975045,34.92453883,2.900307723,359781.91299999994,932551.9037,2822649,3,5663538,707942.25,1309256.3909999998,2867238,4,8274903,591064.5,1150876.15,2822649,3,0,0,0,0,296,488,1.087615396,1.812692327,0,34,11.56,12.50359948,156.34,0,0,0,1,0,0,0,0,1,12.04166667,11.22222222,12.53333333,296,0,0,0,0,0,0,9,101,15,188,29200,227,6,32,0.0,0.0,0,0,0.0,0.0,0,0,BruteForce
8669606,9,15,102,188,23,0,11.33333333,8.986100378,34,0,12.53333333,14.54975045,33.4501937,2.7682918919999997,376939.3913,979526.6335,3099339,3,5526683,690835.375,1277564.249,2789545,3,8669508,619250.5714,1209191.194,3099339,3,0,0,0,0,296,488,1.03810946,1.7301824330000002,0,34,11.6,12.51332623,156.58333330000005,0,0,0,1,0,0,0,0,1,12.08333333,11.33333333,12.53333333,296,0,0,0,0,0,0,9,102,15,188,29200,227,6,32,0.0,0.0,0,0,0.0,0.0,0,0,BruteForce
48,2,0,14,0,14,0,7.0,9.899494937,0,0,0.0,0.0,291666.6667,41666.66667,48.0,0.0,48,48,48,48.0,0.0,48,48,0,0.0,0.0,0,0,1,0,0,0,64,0,41666.66667,0.0,0,14,9.333333333,8.082903769,65.33333333,0,1,0,0,1,0,0,0,0,14.0,7.0,0.0,64,0,0,0,0,0,0,2,14,0,0,229,-1,0,32,0.0,0.0,0,0,0.0,0.0,0,0,BruteForce
3,2,0,14,0,14,0,7.0,9.899494937,0,0,0.0,0.0,4666666.666999999,666666.6667,3.0,0.0,3,3,3,3.0,0.0,3,3,0,0.0,0.0,0,0,1,0,0,0,64,0,666666.6667,0.0,0,14,9.333333333,8.082903769,65.33333333,0,1,0,0,1,0,0,0,0,14.0,7.0,0.0,64,0,0,0,0,0,0,2,14,0,0,229,-1,0,32,0.0,0.0,0,0,0.0,0.0,0,0,BruteForce
386,2,1,14,0,14,0,7.0,9.899494937,0,0,0.0,0.0,36269.43005,7772.020725,193.0,209.3036072,341,45,386,386.0,0.0,386,386,0,0.0,0.0,0,0,1,0,0,0,64,20,5181.34715,2590.673575,0,14,7.0,8.082903769,65.33333333,0,1,0,0,1,0,0,0,0,9.333333333,7.0,0.0,64,0,0,0,0,0,0,2,14,1,0,229,0,0,32,0.0,0.0,0,0,0.0,0.0,0,0,BruteForce
8705757,9,15,101,188,22,0,11.22222222,8.828615092,34,0,12.53333333,14.54975045,33.19642393,2.756796451,378511.1739,982718.1158,3004565,3,5838984,729873.0,1351410.0780000002,3045914,3,8705637,621831.2143,1213009.87,3004565,3,0,0,0,0,296,488,1.033798669,1.722997782,0,34,11.56,12.47691201,155.6733333,0,0,0,1,0,0,0,0,1,12.04166667,11.22222222,12.53333333,296,0,0,0,0,0,0,9,101,15,188,29200,227,6,32,0.0,0.0,0,0,0.0,0.0,0,0,BruteForce
8728821,9,15,103,188,24,0,11.44444444,9.153020145,34,0,12.53333333,14.54975045,33.33783566,2.7495122189999996,379513.9565,982792.7345,3007138,3,5862042,732755.25,1352523.167,3051281,323,8728743,623481.6429,1212754.96,3007138,3,0,0,0,0,296,488,1.031067082,1.7184451369999998,0,34,11.64,12.55282173,157.5733333,0,0,0,1,0,0,0,0,1,12.125,11.44444444,12.53333333,296,0,0,0,0,0,0,9,103,15,188,29200,227,6,32,0.0,0.0,0,0,0.0,0.0,0,0,BruteForce
8532311,9,15,105,188,23,0,11.66666667,9.300537619,34,0,12.53333333,14.54975045,34.3400516,2.812836991,370970.0435,968542.848,3275191,3,5211005,651375.625,1204065.805,2632125,229,8532289,609449.2143,1196246.237,3275191,3,0,0,0,0,296,488,1.054813872,1.758023119,0,34,11.72,12.58808961,158.46,0,0,0,1,0,0,0,0,1,12.20833333,11.66666667,12.53333333,296,0,0,0,0,0,0,9,105,15,188,29200,227,6,32,0.0,0.0,0,0,0.0,0.0,0,0,BruteForce
220,2,1,14,0,14,0,7.0,9.899494937,0,0,0.0,0.0,63636.36364,13636.36364,110.0,103.2375901,183,37,220,220.0,0.0,220,220,0,0.0,0.0,0,0,1,0,0,0,64,20,9090.909091,4545.454545000001,0,14,7.0,8.082903769,65.33333333,0,1,0,0,1,0,0,0,0,9.333333333,7.0,0.0,64,0,0,0,0,0,0,2,14,1,0,229,0,0,32,0.0,0.0,0,0,0.0,0.0,0,0,BruteForce
234,2,1,14,0,14,0,7.0,9.899494937,0,0,0.0,0.0,59829.05983,12820.51282,117.0,87.68124087,179,55,234,234.0,0.0,234,234,0,0.0,0.0,0,0,1,0,0,0,64,20,8547.008547,4273.504274,0,14,7.0,8.082903769,65.33333333,0,1,0,0,1,0,0,0,0,9.333333333,7.0,0.0,64,0,0,0,0,0,0,2,14,1,0,229,0,0,32,0.0,0.0,0,0,0.0,0.0,0,0,BruteForce
227,2,1,14,0,14,0,7.0,9.899494937,0,0,0.0,0.0,61674.00881,13215.85903,113.5,30.40559159,135,92,227,227.0,0.0,227,227,0,0.0,0.0,0,0,1,0,0,0,64,20,8810.572687,4405.286344,0,14,7.0,8.082903769,65.33333333,0,1,0,0,1,0,0,0,0,9.333333333,7.0,0.0,64,0,0,0,0,0,0,2,14,1,0,229,0,0,32,0.0,0.0,0,0,0.0,0.0,0,0,BruteForce
3,2,0,14,0,14,0,7.0,9.899494937,0,0,0.0,0.0,4666666.666999999,666666.6667,3.0,0.0,3,3,3,3.0,0.0,3,3,0,0.0,0.0,0,0,1,0,0,0,64,0,666666.6667,0.0,0,14,9.333333333,8.082903769,65.33333333,0,1,0,0,1,0,0,0,0,14.0,7.0,0.0,64,0,0,0,0,0,0,2,14,0,0,229,-1,0,32,0.0,0.0,0,0,0.0,0.0,0,0,BruteForce
9701073,9,15,99,188,23,0,11.0,8.717797887,34,0,12.53333333,14.54975045,29.58435629,2.473953139,421785.7826,1097084.55,3468719,3,6627823,828477.875,1534957.906,3513385,20,9700986,692927.5714,1354449.784,3468719,3,0,0,0,0,296,488,0.927732427,1.5462207119999998,0,34,11.48,12.45364739,155.0933333,0,0,0,1,0,0,0,0,1,11.95833333,11.0,12.53333333,296,0,0,0,0,0,0,9,99,15,188,29200,227,6,32,0.0,0.0,0,0,0.0,0.0,0,0,BruteForce
230,2,1,14,0,14,0,7.0,9.899494937,0,0,0.0,0.0,60869.56522,13043.47826,115.0,96.16652224,183,47,230,230.0,0.0,230,230,0,0.0,0.0,0,0,1,0,0,0,64,20,8695.652173999999,4347.8260869999995,0,14,7.0,8.082903769,65.33333333,0,1,0,0,1,0,0,0,0,9.333333333,7.0,0.0,64,0,0,0,0,0,0,2,14,1,0,229,0,0,32,0.0,0.0,0,0,0.0,0.0,0,0,BruteForce
3,2,0,14,0,14,0,7.0,9.899494937,0,0,0.0,0.0,4666666.666999999,666666.6667,3.0,0.0,3,3,3,3.0,0.0,3,3,0,0.0,0.0,0,0,1,0,0,0,64,0,666666.6667,0.0,0,14,9.333333333,8.082903769,65.33333333,0,1,0,0,1,0,0,0,0,14.0,7.0,0.0,64,0,0,0,0,0,0,2,14,0,0,229,-1,0,32,0.0,0.0,0,0,0.0,0.0,0,0,BruteForce
8421529,9,15,96,188,19,0,10.66666667,8.231038817,34,0,12.53333333,14.54975045,33.72309233,2.849838788,366153.4348,946860.0685,2866769,3,5770916,721364.5,1328124.807,2911309,258,8421422,601530.1429,1168232.388,2866769,3,0,0,0,0,296,488,1.068689546,1.7811492430000002,0,34,11.36,12.34868414,152.49,0,0,0,1,0,0,0,0,1,11.83333333,10.66666667,12.53333333,296,0,0,0,0,0,0,9,96,15,188,29200,227,6,32,0.0,0.0,0,0,0.0,0.0,0,0,BruteForce
8422897,9,15,105,188,25,0,11.66666667,9.539392014,34,0,12.53333333,14.54975045,34.78613119,2.849375933,366212.91299999994,947560.7111,2865197,3,5765082,720635.25,1326926.171,2907983,244,8422850,601632.1429,1169169.88,2865197,3,0,0,0,0,296,488,1.068515975,1.7808599580000002,0,34,11.72,12.647529400000002,159.96,0,0,0,1,0,0,0,0,1,12.20833333,11.66666667,12.53333333,296,0,0,0,0,0,0,9,105,15,188,29200,227,6,32,0.0,0.0,0,0,0.0,0.0,0,0,BruteForce
212,2,1,14,0,14,0,7.0,9.899494937,0,0,0.0,0.0,66037.73585,14150.9434,106.0,77.78174593,161,51,212,212.0,0.0,212,212,0,0.0,0.0,0,0,1,0,0,0,64,20,9433.962264,4716.981132,0,14,7.0,8.082903769,65.33333333,0,1,0,0,1,0,0,0,0,9.333333333,7.0,0.0,64,0,0,0,0,0,0,2,14,1,0,229,0,0,32,0.0,0.0,0,0,0.0,0.0,0,0,BruteForce
9198441,9,15,104,188,23,0,11.55555556,9.193898943,34,0,12.53333333,14.54975045,31.74450975,2.609137788,399932.2174,1046419.837,3488798,3,6175492,771936.5,1447820.477,3536099,49,9198312,657022.2857,1292739.897,3488798,3,0,0,0,0,296,488,0.97842667,1.630711117,0,34,11.68,12.56224502,157.81,0,0,0,1,0,0,0,0,1,12.16666667,11.55555556,12.53333333,296,0,0,0,0,0,0,9,104,15,188,29200,227,6,32,0.0,0.0,0,0,0.0,0.0,0,0,BruteForce
220,2,1,14,0,14,0,7.0,9.899494937,0,0,0.0,0.0,63636.36364,13636.36364,110.0,74.95331881,163,57,220,220.0,0.0,220,220,0,0.0,0.0,0,0,1,0,0,0,64,20,9090.909091,4545.454545000001,0,14,7.0,8.082903769,65.33333333,0,1,0,0,1,0,0,0,0,9.333333333,7.0,0.0,64,0,0,0,0,0,0,2,14,1,0,229,0,0,32,0.0,0.0,0,0,0.0,0.0,0,0,BruteForce
226,2,1,14,0,14,0,7.0,9.899494937,0,0,0.0,0.0,61946.90265,13274.33628,113.0,108.8944443,190,36,226,226.0,0.0,226,226,0,0.0,0.0,0,0,1,0,0,0,64,20,8849.557522,4424.778761,0,14,7.0,8.082903769,65.33333333,0,1,0,0,1,0,0,0,0,9.333333333,7.0,0.0,64,0,0,0,0,0,0,2,14,1,0,229,0,0,32,0.0,0.0,0,0,0.0,0.0,0,0,BruteForce
9382355,9,15,108,188,27,0,12.0,9.886859967,34,0,12.53333333,14.54975045,31.54858242,2.557993169,407928.4783,1064977.102,3511254,2,6335611,791951.375,1477607.48,3555368,3,9382295,670163.9286,1315344.363,3511254,2,0,0,0,0,296,488,0.959247438,1.598745731,0,34,11.84,12.7366924,162.2233333,0,0,0,1,0,0,0,0,1,12.33333333,12.0,12.53333333,296,0,0,0,0,0,0,9,108,15,188,29200,227,6,32,0.0,0.0,0,0,0.0,0.0,0,0,BruteForce
9431293,9,15,101,188,22,0,11.22222222,8.828615092,34,0,12.53333333,14.54975045,30.6426701,2.544720008,410056.2174,1070344.086,3508605,3,5878798,734849.75,1360585.469,3063762,3,9431183,673655.9286,1321948.943,3508605,3,0,0,0,0,296,488,0.954270003,1.590450005,0,34,11.56,12.47691201,155.6733333,0,0,0,1,0,0,0,0,1,12.04166667,11.22222222,12.53333333,296,0,0,0,0,0,0,9,101,15,188,29200,227,6,32,0.0,0.0,0,0,0.0,0.0,0,0,BruteForce
9469196,9,15,106,188,27,0,11.77777778,9.705382241,34,0,12.53333333,14.54975045,31.04804252,2.534534083,411704.1739,1074850.103,3536720,3,5890271,736283.875,1363031.405,3067287,3,9469093,676363.7857,1327541.699,3536720,3,0,0,0,0,296,488,0.950450281,1.584083802,0,34,11.76,12.68949697,161.02333330000005,0,0,0,1,0,0,0,0,1,12.25,11.77777778,12.53333333,296,0,0,0,0,0,0,9,106,15,188,29200,227,6,32,0.0,0.0,0,0,0.0,0.0,0,0,BruteForce
8102670,9,15,103,188,26,0,11.44444444,9.342257638,34,0,12.53333333,14.54975045,35.91408758,2.961986604,352290.0,918103.8629,3018399,3,5041231,630153.875,1167431.716,2658202,3,8102585,578756.0714,1133725.722,3018399,3,0,0,0,0,296,488,1.110744977,1.851241628,0,34,11.64,12.59920632,158.74,0,0,0,1,0,0,0,0,1,12.125,11.44444444,12.53333333,296,0,0,0,0,0,0,9,103,15,188,29200,227,6,32,0.0,0.0,0,0,0.0,0.0,0,0,BruteForce
8135874,9,15,104,188,23,0,11.55555556,9.221050796,34,0,12.53333333,14.54975045,35.890428,2.949898192,353733.6522,916914.9321,3020197,1,5073794,634224.25,1162720.691,2651773,182,8135792,581128.0,1131585.598,3020197,1,0,0,0,0,296,488,1.106211822,1.84368637,0,34,11.68,12.56887691,157.97666669999995,0,0,0,1,0,0,0,0,1,12.16666667,11.55555556,12.53333333,296,0,0,0,0,0,0,9,104,15,188,29200,227,6,32,0.0,0.0,0,0,0.0,0.0,0,0,BruteForce
8096912,9,15,107,188,24,0,11.88888889,9.649409884,34,0,12.53333333,14.54975045,36.43364285,2.964092978,352039.6522,917795.8096,3020710,3,5035181,629397.625,1165995.194,2652565,247,8096806,578343.2857,1133392.843,3020710,3,0,0,0,0,296,488,1.111534867,1.852558111,0,34,11.8,12.67543556,160.66666669999995,0,0,0,1,0,0,0,0,1,12.29166667,11.88888889,12.53333333,296,0,0,0,0,0,0,9,107,15,188,29200,227,6,32,0.0,0.0,0,0,0.0,0.0,0,0,BruteForce
226,2,1,14,0,14,0,7.0,9.899494937,0,0,0.0,0.0,61946.90265,13274.33628,113.0,83.43860018,172,54,226,226.0,0.0,226,226,0,0.0,0.0,0,0,1,0,0,0,64,20,8849.557522,4424.778761,0,14,7.0,8.082903769,65.33333333,0,1,0,0,1,0,0,0,0,9.333333333,7.0,0.0,64,0,0,0,0,0,0,2,14,1,0,229,0,0,32,0.0,0.0,0,0,0.0,0.0,0,0,BruteForce
3,2,0,14,0,14,0,7.0,9.899494937,0,0,0.0,0.0,4666666.666999999,666666.6667,3.0,0.0,3,3,3,3.0,0.0,3,3,0,0.0,0.0,0,0,1,0,0,0,64,0,666666.6667,0.0,0,14,9.333333333,8.082903769,65.33333333,0,1,0,0,1,0,0,0,0,14.0,7.0,0.0,64,0,0,0,0,0,0,2,14,0,0,229,-1,0,32,0.0,0.0,0,0,0.0,0.0,0,0,BruteForce
8758097,9,15,103,188,24,0,11.44444444,9.153020145,34,0,12.53333333,14.54975045,33.2263961,2.7403213280000003,380786.8261,999399.8942,3371730,3,6383723,797965.375,1480707.418,3415392,3,8758011,625572.2143,1235063.284,3371730,3,0,0,0,0,296,488,1.027620498,1.71270083,0,34,11.64,12.55282173,157.5733333,0,0,0,1,0,0,0,0,1,12.125,11.44444444,12.53333333,296,0,0,0,0,0,0,9,103,15,188,29200,227,6,32,0.0,0.0,0,0,0.0,0.0,0,0,BruteForce
219,2,1,14,0,14,0,7.0,9.899494937,0,0,0.0,0.0,63926.94064,13698.63014,109.5,38.89087297,137,82,219,219.0,0.0,219,219,0,0.0,0.0,0,0,1,0,0,0,64,20,9132.420091,4566.210046,0,14,7.0,8.082903769,65.33333333,0,1,0,0,1,0,0,0,0,9.333333333,7.0,0.0,64,0,0,0,0,0,0,2,14,1,0,229,0,0,32,0.0,0.0,0,0,0.0,0.0,0,0,BruteForce
9391607,9,15,106,188,23,0,11.77777778,9.497075573,34,0,12.53333333,14.54975045,31.30454671,2.555473201,408330.7391,1062598.3,3371068,3,6429317,803664.625,1490028.0569999998,3414200,217,9391485,670820.3571,1311944.115,3371068,3,0,0,0,0,296,488,0.95830245,1.59717075,0,34,11.76,12.63685087,159.69,0,0,0,1,0,0,0,0,1,12.25,11.77777778,12.53333333,296,0,0,0,0,0,0,9,106,15,188,29200,227,6,32,0.0,0.0,0,0,0.0,0.0,0,0,BruteForce
8818831,9,15,110,188,25,0,12.22222222,9.959640779,34,0,12.53333333,14.54975045,33.79132676,2.721449135,383427.4348,1006721.021,3371926,3,5405081,675635.125,1259758.123,3003072,4,8818740,629910.0,1244163.068,3371926,3,0,0,0,0,296,488,1.020543426,1.70090571,0,34,11.92,12.75708953,162.74333330000005,0,0,0,1,0,0,0,0,1,12.41666667,12.22222222,12.53333333,296,0,0,0,0,0,0,9,110,15,188,29200,227,6,32,0.0,0.0,0,0,0.0,0.0,0,0,BruteForce
243,2,1,14,0,14,0,7.0,9.899494937,0,0,0.0,0.0,57613.16872,12345.67901,121.5,41.71930009,151,92,243,243.0,0.0,243,243,0,0.0,0.0,0,0,1,0,0,0,64,20,8230.452675,4115.226337,0,14,7.0,8.082903769,65.33333333,0,1,0,0,1,0,0,0,0,9.333333333,7.0,0.0,64,0,0,0,0,0,0,2,14,1,0,229,0,0,32,0.0,0.0,0,0,0.0,0.0,0,0,BruteForce
8401447,9,15,108,188,29,0,12.0,10.18577439,34,0,12.53333333,14.54975045,35.2320261,2.856650765,365280.3043,949444.0969,2955137,3,5405734,675716.75,1251230.156,2828223,4,8401330,600095.0,1172085.477,2955137,3,0,0,0,0,296,488,1.071244037,1.785406728,0,34,11.84,12.81496521,164.2233333,0,0,0,1,0,0,0,0,1,12.33333333,12.0,12.53333333,296,0,0,0,0,0,0,9,108,15,188,29200,227,6,32,0.0,0.0,0,0,0.0,0.0,0,0,BruteForce
223,2,1,14,0,14,0,7.0,9.899494937,0,0,0.0,0.0,62780.269060000006,13452.9148,111.5,41.71930009,141,82,223,223.0,0.0,223,223,0,0.0,0.0,0,0,1,0,0,0,64,20,8968.609865,4484.3049329999985,0,14,7.0,8.082903769,65.33333333,0,1,0,0,1,0,0,0,0,9.333333333,7.0,0.0,64,0,0,0,0,0,0,2,14,1,0,229,0,0,32,0.0,0.0,0,0,0.0,0.0,0,0,BruteForce
249,2,1,14,0,14,0,7.0,9.899494937,0,0,0.0,0.0,56224.8996,12048.19277,124.5,60.1040764,167,82,249,249.0,0.0,249,249,0,0.0,0.0,0,0,1,0,0,0,64,20,8032.128514,4016.064257,0,14,7.0,8.082903769,65.33333333,0,1,0,0,1,0,0,0,0,9.333333333,7.0,0.0,64,0,0,0,0,0,0,2,14,1,0,229,0,0,32,0.0,0.0,0,0,0.0,0.0,0,0,BruteForce
247,2,1,14,0,14,0,7.0,9.899494937,0,0,0.0,0.0,56680.16194,12145.74899,123.5,60.1040764,166,81,247,247.0,0.0,247,247,0,0.0,0.0,0,0,1,0,0,0,64,20,8097.165992,4048.582996,0,14,7.0,8.082903769,65.33333333,0,1,0,0,1,0,0,0,0,9.333333333,7.0,0.0,64,0,0,0,0,0,0,2,14,1,0,229,0,0,32,0.0,0.0,0,0,0.0,0.0,0,0,BruteForce
221,2,1,14,0,14,0,7.0,9.899494937,0,0,0.0,0.0,63348.41629,13574.66063,110.5,50.20458146,146,75,221,221.0,0.0,221,221,0,0.0,0.0,0,0,1,0,0,0,64,20,9049.773756,4524.886878,0,14,7.0,8.082903769,65.33333333,0,1,0,0,1,0,0,0,0,9.333333333,7.0,0.0,64,0,0,0,0,0,0,2,14,1,0,229,0,0,32,0.0,0.0,0,0,0.0,0.0,0,0,BruteForce
4,2,0,14,0,14,0,7.0,9.899494937,0,0,0.0,0.0,3500000.0,500000.0,4.0,0.0,4,4,4,4.0,0.0,4,4,0,0.0,0.0,0,0,1,0,0,0,64,0,500000.0,0.0,0,14,9.333333333,8.082903769,65.33333333,0,1,0,0,1,0,0,0,0,14.0,7.0,0.0,64,0,0,0,0,0,0,2,14,0,0,229,-1,0,32,0.0,0.0,0,0,0.0,0.0,0,0,BruteForce
8857432,9,15,102,188,23,0,11.33333333,8.986100378,34,0,12.53333333,14.54975045,32.74086665,2.709588964,385105.7391,1001092.068,3094944,3,5719930,714991.25,1323830.436,2986851,4,8857321,632665.7857,1235860.593,3094944,3,0,0,0,0,296,488,1.016095862,1.6934931030000002,0,34,11.6,12.51332623,156.58333330000005,0,0,0,1,0,0,0,0,1,12.08333333,11.33333333,12.53333333,296,0,0,0,0,0,0,9,102,15,188,29200,227,6,32,0.0,0.0,0,0,0.0,0.0,0,0,BruteForce
9105056,9,15,99,188,24,0,11.0,8.803408431,34,0,12.53333333,14.54975045,31.52094836,2.635898121,395872.0,1037211.849,3591720,3,6514054,814256.75,1513349.8080000004,3636145,222,9104913,650350.9286,1281556.16,3591720,3,0,0,0,0,296,488,0.988461795,1.647436325,0,34,11.48,12.47370568,155.5933333,0,0,0,1,0,0,0,0,1,11.95833333,11.0,12.53333333,296,0,0,0,0,0,0,9,99,15,188,29200,227,6,32,0.0,0.0,0,0,0.0,0.0,0,0,BruteForce
8826415,9,15,106,188,23,0,11.77777778,9.444281044,34,0,12.53333333,14.54975045,33.30910681,2.71911076,383757.1739,995878.0341,3116060,3,5923493,740436.625,1370513.045,3159732,4,8826286,630449.0,1229191.28,3116060,3,0,0,0,0,296,488,1.019666535,1.699444225,0,34,11.76,12.62365504,159.35666669999995,0,0,0,1,0,0,0,0,1,12.25,11.77777778,12.53333333,296,0,0,0,0,0,0,9,106,15,188,29200,227,6,32,0.0,0.0,0,0,0.0,0.0,0,0,BruteForce
206,2,1,14,0,14,0,7.0,9.899494937,0,0,0.0,0.0,67961.16505,14563.1068,103.0,24.04163056,120,86,206,206.0,0.0,206,206,0,0.0,0.0,0,0,1,0,0,0,64,20,9708.737864,4854.368932,0,14,7.0,8.082903769,65.33333333,0,1,0,0,1,0,0,0,0,9.333333333,7.0,0.0,64,0,0,0,0,0,0,2,14,1,0,229,0,0,32,0.0,0.0,0,0,0.0,0.0,0,0,BruteForce
8924262,9,15,114,188,30,0,12.66666667,10.80509139,34,0,12.53333333,14.54975045,33.84033324,2.689298006,388011.3913,1008722.346,3116841,3,5765277,720659.625,1334479.811,3005501,4,8924184,637441.7143,1245288.758,3116841,3,0,0,0,0,296,488,1.008486752,1.680811254,0,34,12.08,12.99012445,168.74333330000005,0,0,0,1,0,0,0,0,1,12.58333333,12.66666667,12.53333333,296,0,0,0,0,0,0,9,114,15,188,29200,227,6,32,0.0,0.0,0,0,0.0,0.0,0,0,BruteForce
9427108,9,15,98,188,20,0,10.88888889,8.491826135,34,0,12.53333333,14.54975045,30.33804217,2.545849692,409874.2609,1074558.692,3426880,4,6876240,859530.0,1589934.7019999996,3475104,216,9427023,673358.7857,1327785.64,3426880,4,0,0,0,0,296,488,0.954693635,1.5911560580000002,0,34,11.44,12.40322539,153.84,0,0,0,1,0,0,0,0,1,11.91666667,10.88888889,12.53333333,296,0,0,0,0,0,0,9,98,15,188,29200,227,6,32,0.0,0.0,0,0,0.0,0.0,0,0,BruteForce
235,2,1,14,0,14,0,7.0,9.899494937,0,0,0.0,0.0,59574.468089999995,12765.95745,117.5,40.30508653,146,89,235,235.0,0.0,235,235,0,0.0,0.0,0,0,1,0,0,0,64,20,8510.638298,4255.319149,0,14,7.0,8.082903769,65.33333333,0,1,0,0,1,0,0,0,0,9.333333333,7.0,0.0,64,0,0,0,0,0,0,2,14,1,0,229,0,0,32,0.0,0.0,0,0,0.0,0.0,0,0,BruteForce
8697080,9,15,109,188,30,0,12.11111111,10.32526567,34,0,12.53333333,14.54975045,34.14939267,2.759546882,378133.91299999994,980515.3493,2967786,3,5945358,743169.75,1373257.564,3012105,3,8696964,621211.7143,1210123.666,2967786,3,0,0,0,0,296,488,1.034830081,1.724716802,0,34,11.88,12.85275587,165.1933333,0,0,0,1,0,0,0,0,1,12.375,12.11111111,12.53333333,296,0,0,0,0,0,0,9,109,15,188,29200,227,6,32,0.0,0.0,0,0,0.0,0.0,0,0,BruteForce
8763354,9,15,105,188,22,0,11.66666667,9.300537619,34,0,12.53333333,14.54975045,33.43468722,2.7386774519999997,381015.3913,978069.1026,2961964,3,6017211,752151.375,1364949.421,3003949,3,8763239,625945.6429,1205741.551,2961964,3,0,0,0,0,296,488,1.027004044,1.711673407,0,34,11.72,12.58808961,158.46,0,0,0,1,0,0,0,0,1,12.20833333,11.66666667,12.53333333,296,0,0,0,0,0,0,9,105,15,188,29200,227,6,32,0.0,0.0,0,0,0.0,0.0,0,0,BruteForce
241,2,1,14,0,14,0,7.0,9.899494937,0,0,0.0,0.0,58091.28631,12448.13278,120.5,45.96194078,153,88,241,241.0,0.0,241,241,0,0.0,0.0,0,0,1,0,0,0,64,20,8298.755187,4149.377593,0,14,7.0,8.082903769,65.33333333,0,1,0,0,1,0,0,0,0,9.333333333,7.0,0.0,64,0,0,0,0,0,0,2,14,1,0,229,0,0,32,0.0,0.0,0,0,0.0,0.0,0,0,BruteForce
8065840,9,15,101,188,24,0,11.22222222,8.996913051,34,0,12.53333333,14.54975045,35.83011813,2.97551154,350688.6957,917024.8077,3139403,4,4884592,610574.0,1127451.046,2570839,248,8065723,576123.0714,1132814.735,3139403,4,0,0,0,0,296,488,1.115816828,1.859694713,0,34,11.56,12.51692188,156.6733333,0,0,0,1,0,0,0,0,1,12.04166667,11.22222222,12.53333333,296,0,0,0,0,0,0,9,101,15,188,29200,227,6,32,0.0,0.0,0,0,0.0,0.0,0,0,BruteForce
9506892,9,15,101,188,21,0,11.22222222,8.800252522000001,34,0,12.53333333,14.54975045,30.39899896,2.524484343,413343.1304,1078838.275,3500875,3,6329946,791243.25,1476216.926,3549038,3,9506805,679057.5,1332428.063,3500875,3,0,0,0,0,296,488,0.946681628,1.5778027140000002,0,34,11.56,12.47023122,155.50666669999995,0,0,0,1,0,0,0,0,1,12.04166667,11.22222222,12.53333333,296,0,0,0,0,0,0,9,101,15,188,29200,227,6,32,0.0,0.0,0,0,0.0,0.0,0,0,BruteForce
209,2,1,14,0,14,0,7.0,9.899494937,0,0,0.0,0.0,66985.64593,14354.06699,104.5,31.81980515,127,82,209,209.0,0.0,209,209,0,0.0,0.0,0,0,1,0,0,0,64,20,9569.37799,4784.688995,0,14,7.0,8.082903769,65.33333333,0,1,0,0,1,0,0,0,0,9.333333333,7.0,0.0,64,0,0,0,0,0,0,2,14,1,0,229,0,0,32,0.0,0.0,0,0,0.0,0.0,0,0,BruteForce
242,2,1,14,0,14,0,7.0,9.899494937,0,0,0.0,0.0,57851.23967,12396.69421,121.0,48.08326112,155,87,242,242.0,0.0,242,242,0,0.0,0.0,0,0,1,0,0,0,64,20,8264.462809999999,4132.2314049999995,0,14,7.0,8.082903769,65.33333333,0,1,0,0,1,0,0,0,0,9.333333333,7.0,0.0,64,0,0,0,0,0,0,2,14,1,0,229,0,0,32,0.0,0.0,0,0,0.0,0.0,0,0,BruteForce
9179555,9,15,93,188,18,0,10.33333333,7.874007874,34,0,12.53333333,14.54975045,30.61150568,2.614505823,399111.08700000006,1035588.918,3156780,3,6158818,769852.25,1422912.767,3200523,4,9179495,655678.2143,1278185.202,3156780,3,0,0,0,0,296,488,0.980439684,1.634066139,0,34,11.24,12.27897933,150.77333330000005,0,0,0,1,0,0,0,0,1,11.70833333,10.33333333,12.53333333,296,0,0,0,0,0,0,9,93,15,188,29200,227,6,32,0.0,0.0,0,0,0.0,0.0,0,0,BruteForce
48,2,0,14,0,14,0,7.0,9.899494937,0,0,0.0,0.0,291666.6667,41666.66667,48.0,0.0,48,48,48,48.0,0.0,48,48,0,0.0,0.0,0,0,1,0,0,0,64,0,41666.66667,0.0,0,14,9.333333333,8.082903769,65.33333333,0,1,0,0,1,0,0,0,0,14.0,7.0,0.0,64,0,0,0,0,0,0,2,14,0,0,229,-1,0,32,0.0,0.0,0,0,0.0,0.0,0,0,BruteForce
8656207,9,15,104,188,22,0,11.55555556,9.153020145,34,0,12.53333333,14.54975045,33.73301955,2.77257695,376356.8261,977948.7679,3092702,4,5519879,689984.875,1275874.347,2787134,4,8656115,618293.9286,1207234.315,3092702,47,0,0,0,0,296,488,1.039716356,1.732860594,0,34,11.68,12.55229063,157.56,0,0,0,1,0,0,0,0,1,12.16666667,11.55555556,12.53333333,296,0,0,0,0,0,0,9,104,15,188,29200,227,6,32,0.0,0.0,0,0,0.0,0.0,0,0,BruteForce
8932154,9,15,108,188,22,0,12.0,9.643650761,34,0,12.53333333,14.54975045,33.13870316,2.686921878,388354.5217,1009872.308,3156056,3,5990272,748784.0,1389082.5159999998,3198184,3,8932072,638005.1429,1246744.404,3156056,3,0,0,0,0,296,488,1.007595704,1.679326174,0,34,11.84,12.67438361,160.64,0,0,0,1,0,0,0,0,1,12.33333333,12.0,12.53333333,296,0,0,0,0,0,0,9,108,15,188,29200,227,6,32,0.0,0.0,0,0,0.0,0.0,0,0,BruteForce
9055951,9,15,104,188,22,0,11.55555556,9.153020145,34,0,12.53333333,14.54975045,32.24399072,2.650191018,393737.0,1039404.871,3528045,36,6741021,842627.625,1561158.718,3569854,49,9055764,646840.2857,1285305.946,3528045,47,0,0,0,0,296,488,0.993821632,1.656369386,0,34,11.68,12.55229063,157.56,0,0,0,1,0,0,0,0,1,12.16666667,11.55555556,12.53333333,296,0,0,0,0,0,0,9,104,15,188,29200,227,6,32,0.0,0.0,0,0,0.0,0.0,0,0,BruteForce
9052471,9,15,100,188,20,0,11.11111111,8.666666667000001,34,0,12.53333333,14.54975045,31.81451783,2.651209819,393585.6957,1038989.29,3524563,3,6737970,842246.25,1561794.388,3571342,3,9052428,646602.0,1284784.534,3524563,3,0,0,0,0,296,488,0.994203682,1.657006137,0,34,11.52,12.44025723,154.76,0,0,0,1,0,0,0,0,1,12.0,11.11111111,12.53333333,296,0,0,0,0,0,0,9,100,15,188,29200,227,6,32,0.0,0.0,0,0,0.0,0.0,0,0,BruteForce
206,2,1,14,0,14,0,7.0,9.899494937,0,0,0.0,0.0,67961.16505,14563.1068,103.0,25.45584412,121,85,206,206.0,0.0,206,206,0,0.0,0.0,0,0,1,0,0,0,64,20,9708.737864,4854.368932,0,14,7.0,8.082903769,65.33333333,0,1,0,0,1,0,0,0,0,9.333333333,7.0,0.0,64,0,0,0,0,0,0,2,14,1,0,229,0,0,32,0.0,0.0,0,0,0.0,0.0,0,0,BruteForce
4,2,0,14,0,14,0,7.0,9.899494937,0,0,0.0,0.0,3500000.0,500000.0,4.0,0.0,4,4,4,4.0,0.0,4,4,0,0.0,0.0,0,0,1,0,0,0,64,0,500000.0,0.0,0,14,9.333333333,8.082903769,65.33333333,0,1,0,0,1,0,0,0,0,14.0,7.0,0.0,64,0,0,0,0,0,0,2,14,0,0,229,-1,0,32,0.0,0.0,0,0,0.0,0.0,0,0,BruteForce
8817151,9,15,112,188,24,0,12.44444444,10.18713786,34,0,12.53333333,14.54975045,34.02459593,2.7219676739999996,383354.3913,1009163.871,3546163,1,6072227,759028.375,1433397.498,3590518,3,8817034,629788.1429,1247534.644,3546163,1,0,0,0,0,296,488,1.020737878,1.701229796,0,34,12.0,12.81925635,164.33333330000005,0,0,0,1,0,0,0,0,1,12.5,12.44444444,12.53333333,296,0,0,0,0,0,0,9,112,15,188,29200,227,6,32,0.0,0.0,0,0,0.0,0.0,0,0,BruteForce
226,2,1,14,0,14,0,7.0,9.899494937,0,0,0.0,0.0,61946.90265,13274.33628,113.0,113.137085,193,33,226,226.0,0.0,226,226,0,0.0,0.0,0,0,1,0,0,0,64,20,8849.557522,4424.778761,0,14,7.0,8.082903769,65.33333333,0,1,0,0,1,0,0,0,0,9.333333333,7.0,0.0,64,0,0,0,0,0,0,2,14,1,0,229,0,0,32,0.0,0.0,0,0,0.0,0.0,0,0,BruteForce
251,2,1,14,0,14,0,7.0,9.899494937,0,0,0.0,0.0,55776.89242999999,11952.19124,125.5,54.44722215,164,87,251,251.0,0.0,251,251,0,0.0,0.0,0,0,1,0,0,0,64,20,7968.127490000003,3984.063745,0,14,7.0,8.082903769,65.33333333,0,1,0,0,1,0,0,0,0,9.333333333,7.0,0.0,64,0,0,0,0,0,0,2,14,1,0,229,0,0,32,0.0,0.0,0,0,0.0,0.0,0,0,BruteForce
4,2,0,14,0,14,0,7.0,9.899494937,0,0,0.0,0.0,3500000.0,500000.0,4.0,0.0,4,4,4,4.0,0.0,4,4,0,0.0,0.0,0,0,1,0,0,0,64,0,500000.0,0.0,0,14,9.333333333,8.082903769,65.33333333,0,1,0,0,1,0,0,0,0,14.0,7.0,0.0,64,0,0,0,0,0,0,2,14,0,0,229,-1,0,32,0.0,0.0,0,0,0.0,0.0,0,0,BruteForce
9367127,9,15,99,188,19,0,11.0,8.529361055,34,0,12.53333333,14.54975045,30.63906361,2.562151661,407266.3913,1055497.063,3544741,3,6896642,862080.25,1560641.091,3587428,3,9367001,669071.5,1302590.258,3544741,3,0,0,0,0,296,488,0.960806873,1.601344788,0,34,11.48,12.41007655,154.01,0,0,0,1,0,0,0,0,1,11.95833333,11.0,12.53333333,296,0,0,0,0,0,0,9,99,15,188,29200,227,6,32,0.0,0.0,0,0,0.0,0.0,0,0,BruteForce
8847954,9,15,104,188,24,0,11.55555556,9.368979548,34,0,12.53333333,14.54975045,33.00197989,2.7124914980000003,384693.6522,1000464.231,3124600,3,5681646,710205.75,1314978.187,2968376,232,8847842,631988.7143,1235146.472,3124600,3,0,0,0,0,296,488,1.017184312,1.695307186,0,34,11.68,12.60528989,158.89333330000005,0,0,0,1,0,0,0,0,1,12.16666667,11.55555556,12.53333333,296,0,0,0,0,0,0,9,104,15,188,29200,227,6,32,0.0,0.0,0,0,0.0,0.0,0,0,BruteForce
3,2,0,14,0,14,0,7.0,9.899494937,0,0,0.0,0.0,4666666.666999999,666666.6667,3.0,0.0,3,3,3,3.0,0.0,3,3,0,0.0,0.0,0,0,1,0,0,0,64,0,666666.6667,0.0,0,14,9.333333333,8.082903769,65.33333333,0,1,0,0,1,0,0,0,0,14.0,7.0,0.0,64,0,0,0,0,0,0,2,14,0,0,229,-1,0,32,0.0,0.0,0,0,0.0,0.0,0,0,BruteForce
8875399,9,15,98,188,21,0,10.88888889,8.506533437,34,0,12.53333333,14.54975045,32.2239034,2.704103782,385886.91299999994,991992.9768,3092693,3,5914949,739368.625,1346523.792,3137121,4,8875303,633950.2143,1223102.645,3092693,3,0,0,0,0,296,488,1.014038918,1.690064864,0,34,11.44,12.40658427,153.9233333,0,0,0,1,0,0,0,0,1,11.91666667,10.88888889,12.53333333,296,0,0,0,0,0,0,9,98,15,188,29200,227,6,32,0.0,0.0,0,0,0.0,0.0,0,0,BruteForce
4,2,0,14,0,14,0,7.0,9.899494937,0,0,0.0,0.0,3500000.0,500000.0,4.0,0.0,4,4,4,4.0,0.0,4,4,0,0.0,0.0,0,0,1,0,0,0,64,0,500000.0,0.0,0,14,9.333333333,8.082903769,65.33333333,0,1,0,0,1,0,0,0,0,14.0,7.0,0.0,64,0,0,0,0,0,0,2,14,0,0,229,-1,0,32,0.0,0.0,0,0,0.0,0.0,0,0,BruteForce
222,2,1,14,0,14,0,7.0,9.899494937,0,0,0.0,0.0,63063.06306,13513.51351,111.0,53.74011537,149,73,222,222.0,0.0,222,222,0,0.0,0.0,0,0,1,0,0,0,64,20,9009.009009,4504.504505,0,14,7.0,8.082903769,65.33333333,0,1,0,0,1,0,0,0,0,9.333333333,7.0,0.0,64,0,0,0,0,0,0,2,14,1,0,229,0,0,32,0.0,0.0,0,0,0.0,0.0,0,0,BruteForce
231,2,1,14,0,14,0,7.0,9.899494937,0,0,0.0,0.0,60606.06061,12987.01299,115.5,92.63098834,181,50,231,231.0,0.0,231,231,0,0.0,0.0,0,0,1,0,0,0,64,20,8658.008658,4329.004329,0,14,7.0,8.082903769,65.33333333,0,1,0,0,1,0,0,0,0,9.333333333,7.0,0.0,64,0,0,0,0,0,0,2,14,1,0,229,0,0,32,0.0,0.0,0,0,0.0,0.0,0,0,BruteForce
8457166,9,15,102,188,23,0,11.33333333,9.069178574,34,0,12.53333333,14.54975045,34.29044671,2.837830072,367702.8696,966244.411,3094247,3,5319614,664951.75,1254035.155,3118603,3,8457048,604074.8571,1194249.41,3094247,4,0,0,0,0,296,488,1.064186277,1.773643795,0,34,11.6,12.53328901,157.08333330000005,0,0,0,1,0,0,0,0,1,12.08333333,11.33333333,12.53333333,296,0,0,0,0,0,0,9,102,15,188,29200,227,6,32,0.0,0.0,0,0,0.0,0.0,0,0,BruteForce
8473310,9,15,106,188,22,0,11.77777778,9.391189725,34,0,12.53333333,14.54975045,34.69718445,2.8324232210000004,368404.7826,968904.713,3107078,3,5323546,665443.25,1254815.7,3119522,213,8473237,605231.2143,1197644.239,3107078,3,0,0,0,0,296,488,1.062158708,1.770264513,0,34,11.76,12.61044541,159.02333330000005,0,0,0,1,0,0,0,0,1,12.25,11.77777778,12.53333333,296,0,0,0,0,0,0,9,106,15,188,29200,227,6,32,0.0,0.0,0,0,0.0,0.0,0,0,BruteForce
213,2,1,14,0,14,0,7.0,9.899494937,0,0,0.0,0.0,65727.69953,14084.50704,106.5,45.96194078,139,74,213,213.0,0.0,213,213,0,0.0,0.0,0,0,1,0,0,0,64,20,9389.671362,4694.835681000001,0,14,7.0,8.082903769,65.33333333,0,1,0,0,1,0,0,0,0,9.333333333,7.0,0.0,64,0,0,0,0,0,0,2,14,1,0,229,0,0,32,0.0,0.0,0,0,0.0,0.0,0,0,BruteForce
210,2,1,14,0,14,0,7.0,9.899494937,0,0,0.0,0.0,66666.66667,14285.71429,105.0,33.9411255,129,81,210,210.0,0.0,210,210,0,0.0,0.0,0,0,1,0,0,0,64,20,9523.809524,4761.904762,0,14,7.0,8.082903769,65.33333333,0,1,0,0,1,0,0,0,0,9.333333333,7.0,0.0,64,0,0,0,0,0,0,2,14,1,0,229,0,0,32,0.0,0.0,0,0,0.0,0.0,0,0,BruteForce
8891076,9,15,99,188,23,0,11.0,8.717797887,34,0,12.53333333,14.54975045,32.27955761,2.699335828,386568.5217,1024041.653,3526749,3,6695511,836938.875,1552297.671,3570575,3,8890954,635068.1429,1266775.179,3526749,3,0,0,0,0,296,488,1.012250936,1.6870848930000002,0,34,11.48,12.45364739,155.0933333,0,0,0,1,0,0,0,0,1,11.95833333,11.0,12.53333333,296,0,0,0,0,0,0,9,99,15,188,29200,227,6,32,0.0,0.0,0,0,0.0,0.0,0,0,BruteForce
240,2,1,14,0,14,0,7.0,9.899494937,0,0,0.0,0.0,58333.333329999994,12500.0,120.0,49.49747468,155,85,240,240.0,0.0,240,240,0,0.0,0.0,0,0,1,0,0,0,64,20,8333.333333,4166.666667,0,14,7.0,8.082903769,65.33333333,0,1,0,0,1,0,0,0,0,9.333333333,7.0,0.0,64,0,0,0,0,0,0,2,14,1,0,229,0,0,32,0.0,0.0,0,0,0.0,0.0,0,0,BruteForce
236,2,1,14,0,14,0,7.0,9.899494937,0,0,0.0,0.0,59322.0339,12711.86441,118.0,48.08326112,152,84,236,236.0,0.0,236,236,0,0.0,0.0,0,0,1,0,0,0,64,20,8474.576271,4237.288136,0,14,7.0,8.082903769,65.33333333,0,1,0,0,1,0,0,0,0,9.333333333,7.0,0.0,64,0,0,0,0,0,0,2,14,1,0,229,0,0,32,0.0,0.0,0,0,0.0,0.0,0,0,BruteForce
3,2,0,14,0,14,0,7.0,9.899494937,0,0,0.0,0.0,4666666.666999999,666666.6667,3.0,0.0,3,3,3,3.0,0.0,3,3,0,0.0,0.0,0,0,1,0,0,0,64,0,666666.6667,0.0,0,14,9.333333333,8.082903769,65.33333333,0,1,0,0,1,0,0,0,0,14.0,7.0,0.0,64,0,0,0,0,0,0,2,14,0,0,229,-1,0,32,0.0,0.0,0,0,0.0,0.0,0,0,BruteForce
48,2,0,14,0,14,0,7.0,9.899494937,0,0,0.0,0.0,291666.6667,41666.66667,48.0,0.0,48,48,48,48.0,0.0,48,48,0,0.0,0.0,0,0,1,0,0,0,64,0,41666.66667,0.0,0,14,9.333333333,8.082903769,65.33333333,0,1,0,0,1,0,0,0,0,14.0,7.0,0.0,64,0,0,0,0,0,0,2,14,0,0,229,-1,0,32,0.0,0.0,0,0,0.0,0.0,0,0,BruteForce
259,2,1,14,0,14,0,7.0,9.899494937,0,0,0.0,0.0,54054.05405,11583.01158,129.5,19.09188309,143,116,259,259.0,0.0,259,259,0,0.0,0.0,0,0,1,0,0,0,64,20,7722.007722,3861.003861,0,14,7.0,8.082903769,65.33333333,0,1,0,0,1,0,0,0,0,9.333333333,7.0,0.0,64,0,0,0,0,0,0,2,14,1,0,229,0,0,32,0.0,0.0,0,0,0.0,0.0,0,0,BruteForce
9244121,9,15,102,188,23,0,11.33333333,9.069178574,34,0,12.53333333,14.54975045,31.37128993,2.596244684,401918.3043,1047161.149,3292838,3,6087111,760888.875,1415828.4840000004,3334588,227,9244030,660287.8571,1293053.555,3292838,3,0,0,0,0,296,488,0.973591756,1.622652927,0,34,11.6,12.53328901,157.08333330000005,0,0,0,1,0,0,0,0,1,12.08333333,11.33333333,12.53333333,296,0,0,0,0,0,0,9,102,15,188,29200,227,6,32,0.0,0.0,0,0,0.0,0.0,0,0,BruteForce
219,2,1,14,0,14,0,7.0,9.899494937,0,0,0.0,0.0,63926.94064,13698.63014,109.5,33.23401872,133,86,219,219.0,0.0,219,219,0,0.0,0.0,0,0,1,0,0,0,64,20,9132.420091,4566.210046,0,14,7.0,8.082903769,65.33333333,0,1,0,0,1,0,0,0,0,9.333333333,7.0,0.0,64,0,0,0,0,0,0,2,14,1,0,229,0,0,32,0.0,0.0,0,0,0.0,0.0,0,0,BruteForce
244,2,1,14,0,14,0,7.0,9.899494937,0,0,0.0,0.0,57377.049179999995,12295.08197,122.0,50.91168825,158,86,244,244.0,0.0,244,244,0,0.0,0.0,0,0,1,0,0,0,64,20,8196.721311,4098.360656,0,14,7.0,8.082903769,65.33333333,0,1,0,0,1,0,0,0,0,9.333333333,7.0,0.0,64,0,0,0,0,0,0,2,14,1,0,229,0,0,32,0.0,0.0,0,0,0.0,0.0,0,0,BruteForce
216,2,1,14,0,14,0,7.0,9.899494937,0,0,0.0,0.0,64814.81481,13888.88889,108.0,31.11269837,130,86,216,216.0,0.0,216,216,0,0.0,0.0,0,0,1,0,0,0,64,20,9259.259259,4629.6296299999985,0,14,7.0,8.082903769,65.33333333,0,1,0,0,1,0,0,0,0,9.333333333,7.0,0.0,64,0,0,0,0,0,0,2,14,1,0,229,0,0,32,0.0,0.0,0,0,0.0,0.0,0,0,BruteForce
9710947,9,15,101,188,20,0,11.22222222,8.771798245,34,0,12.53333333,14.54975045,29.76022833,2.4714376469999997,422215.08700000006,1099000.119,3465080,3,6575156,821894.5,1524259.668,3509608,3,9710830,693630.7143,1356924.101,3465080,3,0,0,0,0,296,488,0.926789117,1.544648529,0,34,11.56,12.46354685,155.34,0,0,0,1,0,0,0,0,1,12.04166667,11.22222222,12.53333333,296,0,0,0,0,0,0,9,101,15,188,29200,227,6,32,0.0,0.0,0,0,0.0,0.0,0,0,BruteForce
10514707,9,15,99,188,20,0,11.0,8.544003745,34,0,12.53333333,14.54975045,27.29510199,2.28251724,457161.1739,1190315.38,3748771,3,7180921,897615.125,1660758.179,3791157,4,10500000,751043.3571,1469716.495,3748771,3,0,0,0,0,296,488,0.855943965,1.426573275,0,34,11.48,12.41343358,154.0933333,0,0,0,1,0,0,0,0,1,11.95833333,11.0,12.53333333,296,0,0,0,0,0,0,9,99,15,188,29200,227,6,32,0.0,0.0,0,0,0.0,0.0,0,0,BruteForce
222,2,1,14,0,14,0,7.0,9.899494937,0,0,0.0,0.0,63063.06306,13513.51351,111.0,53.74011537,149,73,222,222.0,0.0,222,222,0,0.0,0.0,0,0,1,0,0,0,64,20,9009.009009,4504.504505,0,14,7.0,8.082903769,65.33333333,0,1,0,0,1,0,0,0,0,9.333333333,7.0,0.0,64,0,0,0,0,0,0,2,14,1,0,229,0,0,32,0.0,0.0,0,0,0.0,0.0,0,0,BruteForce
235,2,1,14,0,14,0,7.0,9.899494937,0,0,0.0,0.0,59574.468089999995,12765.95745,117.5,51.61879503,154,81,235,235.0,0.0,235,235,0,0.0,0.0,0,0,1,0,0,0,64,20,8510.638298,4255.319149,0,14,7.0,8.082903769,65.33333333,0,1,0,0,1,0,0,0,0,9.333333333,7.0,0.0,64,0,0,0,0,0,0,2,14,1,0,229,0,0,32,0.0,0.0,0,0,0.0,0.0,0,0,BruteForce
10143521,9,15,98,188,20,0,10.88888889,8.432740427,34,0,12.53333333,14.54975045,28.19533769,2.366042324,441022.6522,1150228.634,3737372,3,6358817,794852.125,1469719.5890000004,3373758,4,10100000,724528.1429,1420484.611,3737372,3,0,0,0,0,296,488,0.887265871,1.478776452,0,34,11.44,12.38978074,153.50666669999995,0,0,0,1,0,0,0,0,1,11.91666667,10.88888889,12.53333333,296,0,0,0,0,0,0,9,98,15,188,29200,227,6,32,0.0,0.0,0,0,0.0,0.0,0,0,BruteForce
10131160,9,15,103,188,22,0,11.44444444,9.043106644,34,0,12.53333333,14.54975045,28.72326565,2.368929126,440485.2174,1151337.179,3740742,3,6348710,793588.75,1470854.531,3373546,3,10100000,723652.0,1422189.184,3740742,3,0,0,0,0,296,488,0.8883484220000001,1.4805807030000002,0,34,11.64,12.52623913,156.9066667,0,0,0,1,0,0,0,0,1,12.125,11.44444444,12.53333333,296,0,0,0,0,0,0,9,103,15,188,29200,227,6,32,0.0,0.0,0,0,0.0,0.0,0,0,BruteForce
252,2,1,14,0,14,0,7.0,9.899494937,0,0,0.0,0.0,55555.55556,11904.7619,126.0,11.3137085,134,118,252,252.0,0.0,252,252,0,0.0,0.0,0,0,1,0,0,0,64,20,7936.507937,3968.253968,0,14,7.0,8.082903769,65.33333333,0,1,0,0,1,0,0,0,0,9.333333333,7.0,0.0,64,0,0,0,0,0,0,2,14,1,0,229,0,0,32,0.0,0.0,0,0,0.0,0.0,0,0,BruteForce
246,2,1,14,0,14,0,7.0,9.899494937,0,0,0.0,0.0,56910.56911,12195.12195,123.0,39.59797975,151,95,246,246.0,0.0,246,246,0,0.0,0.0,0,0,1,0,0,0,64,20,8130.081301,4065.04065,0,14,7.0,8.082903769,65.33333333,0,1,0,0,1,0,0,0,0,9.333333333,7.0,0.0,64,0,0,0,0,0,0,2,14,1,0,229,0,0,32,0.0,0.0,0,0,0.0,0.0,0,0,BruteForce
9909046,9,15,106,188,23,0,11.77777778,9.444281044,34,0,12.53333333,14.54975045,29.66985924,2.422029326,430828.08700000006,1121320.028,3448232,3,6420041,802505.125,1485521.4119999998,3335361,4,9908922,707780.1429,1384468.8369999998,3448232,3,0,0,0,0,296,488,0.908260997,1.513768328,0,34,11.76,12.62365504,159.35666669999995,0,0,0,1,0,0,0,0,1,12.25,11.77777778,12.53333333,296,0,0,0,0,0,0,9,106,15,188,29200,227,6,32,0.0,0.0,0,0,0.0,0.0,0,0,BruteForce
219,2,1,14,0,14,0,7.0,9.899494937,0,0,0.0,0.0,63926.94064,13698.63014,109.5,34.64823228,134,85,219,219.0,0.0,219,219,0,0.0,0.0,0,0,1,0,0,0,64,20,9132.420091,4566.210046,0,14,7.0,8.082903769,65.33333333,0,1,0,0,1,0,0,0,0,9.333333333,7.0,0.0,64,0,0,0,0,0,0,2,14,1,0,229,0,0,32,0.0,0.0,0,0,0.0,0.0,0,0,BruteForce
3,2,0,14,0,14,0,7.0,9.899494937,0,0,0.0,0.0,4666666.666999999,666666.6667,3.0,0.0,3,3,3,3.0,0.0,3,3,0,0.0,0.0,0,0,1,0,0,0,64,0,666666.6667,0.0,0,14,9.333333333,8.082903769,65.33333333,0,1,0,0,1,0,0,0,0,14.0,7.0,0.0,64,0,0,0,0,0,0,2,14,0,0,229,-1,0,32,0.0,0.0,0,0,0.0,0.0,0,0,BruteForce
218,2,1,14,0,14,0,7.0,9.899494937,0,0,0.0,0.0,64220.18349,13761.46789,109.0,87.68124087,171,47,218,218.0,0.0,218,218,0,0.0,0.0,0,0,1,0,0,0,64,20,9174.311927,4587.155963,0,14,7.0,8.082903769,65.33333333,0,1,0,0,1,0,0,0,0,9.333333333,7.0,0.0,64,0,0,0,0,0,0,2,14,1,0,229,0,0,32,0.0,0.0,0,0,0.0,0.0,0,0,BruteForce
8757209,9,15,105,188,23,0,11.66666667,9.300537619,34,0,12.53333333,14.54975045,33.4581486,2.740599202,380748.2174,989155.6625,3096784,3,5875086,734385.75,1361084.995,3137998,3,8757094,625506.7143,1221041.822,3096784,3,0,0,0,0,296,488,1.027724701,1.712874501,0,34,11.72,12.58808961,158.46,0,0,0,1,0,0,0,0,1,12.20833333,11.66666667,12.53333333,296,0,0,0,0,0,0,9,105,15,188,29200,227,6,32,0.0,0.0,0,0,0.0,0.0,0,0,BruteForce
273,2,1,14,0,14,0,7.0,9.899494937,0,0,0.0,0.0,51282.05128,10989.01099,136.5,67.17514421,184,89,273,273.0,0.0,273,273,0,0.0,0.0,0,0,1,0,0,0,64,20,7326.007326000001,3663.003663,0,14,7.0,8.082903769,65.33333333,0,1,0,0,1,0,0,0,0,9.333333333,7.0,0.0,64,0,0,0,0,0,0,2,14,1,0,229,0,0,32,0.0,0.0,0,0,0.0,0.0,0,0,BruteForce
8948527,9,15,115,188,28,0,12.77777778,10.69787102,34,0,12.53333333,14.54975045,33.86032137,2.682005653,389066.3913,1012755.754,3192861,3,6222633,777829.125,1439962.7019999996,3233857,3,8948413,639172.3571,1250445.22,3192861,3,0,0,0,0,296,488,1.00575212,1.676253533,0,34,12.12,12.96251004,168.0266667,0,0,0,1,0,0,0,0,1,12.625,12.77777778,12.53333333,296,0,0,0,0,0,0,9,115,15,188,29200,227,6,32,0.0,0.0,0,0,0.0,0.0,0,0,BruteForce
45,2,0,14,0,14,0,7.0,9.899494937,0,0,0.0,0.0,311111.1111,44444.44444,45.0,0.0,45,45,45,45.0,0.0,45,45,0,0.0,0.0,0,0,1,0,0,0,64,0,44444.44444,0.0,0,14,9.333333333,8.082903769,65.33333333,0,1,0,0,1,0,0,0,0,14.0,7.0,0.0,64,0,0,0,0,0,0,2,14,0,0,229,-1,0,32,0.0,0.0,0,0,0.0,0.0,0,0,BruteForce
10069231,9,15,106,188,23,0,11.77777778,9.417772796,34,0,12.53333333,14.54975045,29.19786029,2.3834987990000003,437792.6522,1126345.083,3466086,3,6560387,820048.375,1486958.7119999996,3353704,3,10100000,719226.0,1388882.131,3466086,3,0,0,0,0,296,488,0.89381205,1.48968675,0,34,11.76,12.61705195,159.19,0,0,0,1,0,0,0,0,1,12.25,11.77777778,12.53333333,296,0,0,0,0,0,0,9,106,15,188,29200,227,6,32,0.0,0.0,0,0,0.0,0.0,0,0,BruteForce
2,2,0,14,0,14,0,7.0,9.899494937,0,0,0.0,0.0,7000000.0,1000000.0,2.0,0.0,2,2,2,2.0,0.0,2,2,0,0.0,0.0,0,0,1,0,0,0,64,0,1000000.0,0.0,0,14,9.333333333,8.082903769,65.33333333,0,1,0,0,1,0,0,0,0,14.0,7.0,0.0,64,0,0,0,0,0,0,2,14,0,0,229,-1,0,32,0.0,0.0,0,0,0.0,0.0,0,0,BruteForce
8901174,9,15,101,188,21,0,11.22222222,8.800252522000001,34,0,12.53333333,14.54975045,32.4676273,2.696273548,387007.5652,1016545.738,3444777,3,5414270,676783.75,1261127.788,2997459,3,8901054,635789.5714,1256363.088,3444777,3,0,0,0,0,296,488,1.01110258,1.685170967,0,34,11.56,12.47023122,155.50666669999995,0,0,0,1,0,0,0,0,1,12.04166667,11.22222222,12.53333333,296,0,0,0,0,0,0,9,101,15,188,29200,227,6,32,0.0,0.0,0,0,0.0,0.0,0,0,BruteForce
3,2,0,14,0,14,0,7.0,9.899494937,0,0,0.0,0.0,4666666.666999999,666666.6667,3.0,0.0,3,3,3,3.0,0.0,3,3,0,0.0,0.0,0,0,1,0,0,0,64,0,666666.6667,0.0,0,14,9.333333333,8.082903769,65.33333333,0,1,0,0,1,0,0,0,0,14.0,7.0,0.0,64,0,0,0,0,0,0,2,14,0,0,229,-1,0,32,0.0,0.0,0,0,0.0,0.0,0,0,BruteForce
8930641,9,15,94,188,20,0,10.44444444,8.048464312,34,0,12.53333333,14.54975045,31.57668078,2.687377087,388288.7391,1025245.165,3484775,3,6656012,832001.5,1542160.389,3528504,3,8930524,637894.5714,1267824.095,3484775,3,0,0,0,0,296,488,1.007766408,1.67961068,0,34,11.28,12.31367803,151.6266667,0,0,0,1,0,0,0,0,1,11.75,10.44444444,12.53333333,296,0,0,0,0,0,0,9,94,15,188,29200,227,6,32,0.0,0.0,0,0,0.0,0.0,0,0,BruteForce
258,2,1,14,0,14,0,7.0,9.899494937,0,0,0.0,0.0,54263.56589,11627.90698,129.0,73.53910524,181,77,258,258.0,0.0,258,258,0,0.0,0.0,0,0,1,0,0,0,64,20,7751.937984,3875.968992,0,14,7.0,8.082903769,65.33333333,0,1,0,0,1,0,0,0,0,9.333333333,7.0,0.0,64,0,0,0,0,0,0,2,14,1,0,229,0,0,32,0.0,0.0,0,0,0.0,0.0,0,0,BruteForce
9198685,9,15,106,188,23,0,11.77777778,9.417772796,34,0,12.53333333,14.54975045,31.96109009,2.609068579,399942.8261,1051991.622,3464752,1,5945456,743182.0,1403995.677,3507618,221,9198569,657040.6429,1300365.895,3464752,1,0,0,0,0,296,488,0.978400717,1.630667862,0,34,11.76,12.61705195,159.19,0,0,0,1,0,0,0,0,1,12.25,11.77777778,12.53333333,296,0,0,0,0,0,0,9,106,15,188,29200,227,6,32,0.0,0.0,0,0,0.0,0.0,0,0,BruteForce
3,2,0,14,0,14,0,7.0,9.899494937,0,0,0.0,0.0,4666666.666999999,666666.6667,3.0,0.0,3,3,3,3.0,0.0,3,3,0,0.0,0.0,0,0,1,0,0,0,64,0,666666.6667,0.0,0,14,9.333333333,8.082903769,65.33333333,0,1,0,0,1,0,0,0,0,14.0,7.0,0.0,64,0,0,0,0,0,0,2,14,0,0,229,-1,0,32,0.0,0.0,0,0,0.0,0.0,0,0,BruteForce
3,2,0,14,0,14,0,7.0,9.899494937,0,0,0.0,0.0,4666666.666999999,666666.6667,3.0,0.0,3,3,3,3.0,0.0,3,3,0,0.0,0.0,0,0,1,0,0,0,64,0,666666.6667,0.0,0,14,9.333333333,8.082903769,65.33333333,0,1,0,0,1,0,0,0,0,14.0,7.0,0.0,64,0,0,0,0,0,0,2,14,0,0,229,-1,0,32,0.0,0.0,0,0,0.0,0.0,0,0,BruteForce
10158642,9,15,105,188,23,0,11.66666667,9.300537619,34,0,12.53333333,14.54975045,28.842437800000003,2.3625205019999997,441680.08700000006,1150701.122,3524577,3,6590947,823868.375,1526710.131,3492978,273,10200000,725611.9286,1420897.319,3524577,3,0,0,0,0,296,488,0.885945188,1.476575314,0,34,11.72,12.58808961,158.46,0,0,0,1,0,0,0,0,1,12.20833333,11.66666667,12.53333333,296,0,0,0,0,0,0,9,105,15,188,29200,227,6,32,0.0,0.0,0,0,0.0,0.0,0,0,BruteForce
46,2,0,14,0,14,0,7.0,9.899494937,0,0,0.0,0.0,304347.8261,43478.26087,46.0,0.0,46,46,46,46.0,0.0,46,46,0,0.0,0.0,0,0,1,0,0,0,64,0,43478.26087,0.0,0,14,9.333333333,8.082903769,65.33333333,0,1,0,0,1,0,0,0,0,14.0,7.0,0.0,64,0,0,0,0,0,0,2,14,0,0,229,-1,0,32,0.0,0.0,0,0,0.0,0.0,0,0,BruteForce
9744636,9,15,110,188,23,0,12.22222222,9.909310997,34,0,12.53333333,14.54975045,30.58092678,2.462893432,423679.8261,1109856.595,3682920,3,6532136,816517.0,1530058.655,3724304,252,9744483,696034.5,1371283.767,3682920,3,0,0,0,0,296,488,0.923585037,1.539308395,0,34,11.92,12.7440182,162.41,0,0,0,1,0,0,0,0,1,12.41666667,12.22222222,12.53333333,296,0,0,0,0,0,0,9,110,15,188,29200,227,6,32,0.0,0.0,0,0,0.0,0.0,0,0,BruteForce
9777911,9,15,106,188,28,0,11.77777778,9.820613242,34,0,12.53333333,14.54975045,30.06777214,2.454512012,425126.5652,1108280.806,3466459,3,6442041,805255.125,1496404.383,3508213,3,9777823,698415.9286,1368612.646,3466459,3,0,0,0,0,296,488,0.920442004,1.534070007,0,34,11.76,12.71901464,161.77333330000005,0,0,0,1,0,0,0,0,1,12.25,11.77777778,12.53333333,296,0,0,0,0,0,0,9,106,15,188,29200,227,6,32,0.0,0.0,0,0,0.0,0.0,0,0,BruteForce
48,2,0,14,0,14,0,7.0,9.899494937,0,0,0.0,0.0,291666.6667,41666.66667,48.0,0.0,48,48,48,48.0,0.0,48,48,0,0.0,0.0,0,0,1,0,0,0,64,0,41666.66667,0.0,0,14,9.333333333,8.082903769,65.33333333,0,1,0,0,1,0,0,0,0,14.0,7.0,0.0,64,0,0,0,0,0,0,2,14,0,0,229,-1,0,32,0.0,0.0,0,0,0.0,0.0,0,0,BruteForce
217,2,1,14,0,14,0,7.0,9.899494937,0,0,0.0,0.0,64516.12903,13824.88479,108.5,79.90306627,165,52,217,217.0,0.0,217,217,0,0.0,0.0,0,0,1,0,0,0,64,20,9216.589862,4608.294931,0,14,7.0,8.082903769,65.33333333,0,1,0,0,1,0,0,0,0,9.333333333,7.0,0.0,64,0,0,0,0,0,0,2,14,1,0,229,0,0,32,0.0,0.0,0,0,0.0,0.0,0,0,BruteForce
219,2,1,14,0,14,0,7.0,9.899494937,0,0,0.0,0.0,63926.94064,13698.63014,109.5,33.23401872,133,86,219,219.0,0.0,219,219,0,0.0,0.0,0,0,1,0,0,0,64,20,9132.420091,4566.210046,0,14,7.0,8.082903769,65.33333333,0,1,0,0,1,0,0,0,0,9.333333333,7.0,0.0,64,0,0,0,0,0,0,2,14,1,0,229,0,0,32,0.0,0.0,0,0,0.0,0.0,0,0,BruteForce
3,2,0,14,0,14,0,7.0,9.899494937,0,0,0.0,0.0,4666666.666999999,666666.6667,3.0,0.0,3,3,3,3.0,0.0,3,3,0,0.0,0.0,0,0,1,0,0,0,64,0,666666.6667,0.0,0,14,9.333333333,8.082903769,65.33333333,0,1,0,0,1,0,0,0,0,14.0,7.0,0.0,64,0,0,0,0,0,0,2,14,0,0,229,-1,0,32,0.0,0.0,0,0,0.0,0.0,0,0,BruteForce
9638723,9,15,119,188,34,0,13.22222222,11.72367026,34,0,12.53333333,14.54975045,31.85069225,2.489956398,419074.91299999994,1088550.117,3294997,3,6582213,822776.625,1520194.812,3337467,4,9638601,688471.5,1343712.306,3294997,3,0,0,0,0,296,488,0.933733649,1.556222749,0,34,12.28,13.26499152,175.96,0,0,0,1,0,0,0,0,1,12.79166667,13.22222222,12.53333333,296,0,0,0,0,0,0,9,119,15,188,29200,227,6,32,0.0,0.0,0,0,0.0,0.0,0,0,BruteForce
3,2,0,14,0,14,0,7.0,9.899494937,0,0,0.0,0.0,4666666.666999999,666666.6667,3.0,0.0,3,3,3,3.0,0.0,3,3,0,0.0,0.0,0,0,1,0,0,0,64,0,666666.6667,0.0,0,14,9.333333333,8.082903769,65.33333333,0,1,0,0,1,0,0,0,0,14.0,7.0,0.0,64,0,0,0,0,0,0,2,14,0,0,229,-1,0,32,0.0,0.0,0,0,0.0,0.0,0,0,BruteForce
10346529,9,15,108,188,23,0,12.0,9.682458366,34,0,12.53333333,14.54975045,28.60862807,2.319618492,449849.08700000006,1158879.556,3680863,3,7324410,915551.25,1656986.929,3723488,245,10300000,739026.9286,1429214.571,3680863,3,0,0,0,0,296,488,0.869856935,1.449761558,0,34,11.84,12.68424219,160.89,0,0,0,1,0,0,0,0,1,12.33333333,12.0,12.53333333,296,0,0,0,0,0,0,9,108,15,188,29200,227,6,32,0.0,0.0,0,0,0.0,0.0,0,0,BruteForce
257,2,1,14,0,14,0,7.0,9.899494937,0,0,0.0,0.0,54474.708170000005,11673.15175,128.5,55.86143571,168,89,257,257.0,0.0,257,257,0,0.0,0.0,0,0,1,0,0,0,64,20,7782.101167,3891.0505840000014,0,14,7.0,8.082903769,65.33333333,0,1,0,0,1,0,0,0,0,9.333333333,7.0,0.0,64,0,0,0,0,0,0,2,14,1,0,229,0,0,32,0.0,0.0,0,0,0.0,0.0,0,0,BruteForce
223,2,1,14,0,14,0,7.0,9.899494937,0,0,0.0,0.0,62780.269060000006,13452.9148,111.5,68.58935778,160,63,223,223.0,0.0,223,223,0,0.0,0.0,0,0,1,0,0,0,64,20,8968.609865,4484.3049329999985,0,14,7.0,8.082903769,65.33333333,0,1,0,0,1,0,0,0,0,9.333333333,7.0,0.0,64,0,0,0,0,0,0,2,14,1,0,229,0,0,32,0.0,0.0,0,0,0.0,0.0,0,0,BruteForce
8699036,9,15,104,188,25,0,11.55555556,9.355628134,34,0,12.53333333,14.54975045,33.56693776,2.758926391,378218.9565,981322.3994,2996026,3,5829050,728631.25,1349093.612,3038389,261,8698884,621348.8571,1211200.915,2996026,3,0,0,0,0,296,488,1.034597397,1.724328995,0,34,11.68,12.60198397,158.81,0,0,0,1,0,0,0,0,1,12.16666667,11.55555556,12.53333333,296,0,0,0,0,0,0,9,104,15,188,29200,227,6,32,0.0,0.0,0,0,0.0,0.0,0,0,BruteForce
8688315,9,15,101,188,20,0,11.22222222,8.771798245,34,0,12.53333333,14.54975045,33.26306654,2.762330786,377752.8261,980375.0451,2996468,3,5826550,728318.75,1348540.575,3038744,3,8688196,620585.4286,1210066.597,2996468,3,0,0,0,0,296,488,1.035874045,1.726456741,0,34,11.56,12.46354685,155.34,0,0,0,1,0,0,0,0,1,12.04166667,11.22222222,12.53333333,296,0,0,0,0,0,0,9,101,15,188,29200,227,6,32,0.0,0.0,0,0,0.0,0.0,0,0,BruteForce
3,2,0,14,0,14,0,7.0,9.899494937,0,0,0.0,0.0,4666666.666999999,666666.6667,3.0,0.0,3,3,3,3.0,0.0,3,3,0,0.0,0.0,0,0,1,0,0,0,64,0,666666.6667,0.0,0,14,9.333333333,8.082903769,65.33333333,0,1,0,0,1,0,0,0,0,14.0,7.0,0.0,64,0,0,0,0,0,0,2,14,0,0,229,-1,0,32,0.0,0.0,0,0,0.0,0.0,0,0,BruteForce
9841866,9,15,111,188,26,0,12.33333333,10.14889157,34,0,12.53333333,14.54975045,30.380417699999995,2.438561956,427907.2174,1111347.362,3388022,3,6667480,833435.0,1539423.7119999996,3430842,4,9841750,702982.1429,1371833.711,3388022,3,0,0,0,0,296,488,0.914460733,1.524101222,0,34,11.96,12.80781012,164.04,0,0,0,1,0,0,0,0,1,12.45833333,12.33333333,12.53333333,296,0,0,0,0,0,0,9,111,15,188,29200,227,6,32,0.0,0.0,0,0,0.0,0.0,0,0,BruteForce
251,2,1,14,0,14,0,7.0,9.899494937,0,0,0.0,0.0,55776.89242999999,11952.19124,125.5,33.23401872,149,102,251,251.0,0.0,251,251,0,0.0,0.0,0,0,1,0,0,0,64,20,7968.127490000003,3984.063745,0,14,7.0,8.082903769,65.33333333,0,1,0,0,1,0,0,0,0,9.333333333,7.0,0.0,64,0,0,0,0,0,0,2,14,1,0,229,0,0,32,0.0,0.0,0,0,0.0,0.0,0,0,BruteForce
3,2,0,14,0,14,0,7.0,9.899494937,0,0,0.0,0.0,4666666.666999999,666666.6667,3.0,0.0,3,3,3,3.0,0.0,3,3,0,0.0,0.0,0,0,1,0,0,0,64,0,666666.6667,0.0,0,14,9.333333333,8.082903769,65.33333333,0,1,0,0,1,0,0,0,0,14.0,7.0,0.0,64,0,0,0,0,0,0,2,14,0,0,229,-1,0,32,0.0,0.0,0,0,0.0,0.0,0,0,BruteForce
225,2,1,14,0,14,0,7.0,9.899494937,0,0,0.0,0.0,62222.22222,13333.33333,112.5,61.51828996,156,69,225,225.0,0.0,225,225,0,0.0,0.0,0,0,1,0,0,0,64,20,8888.888889,4444.444444,0,14,7.0,8.082903769,65.33333333,0,1,0,0,1,0,0,0,0,9.333333333,7.0,0.0,64,0,0,0,0,0,0,2,14,1,0,229,0,0,32,0.0,0.0,0,0,0.0,0.0,0,0,BruteForce
9081974,9,15,116,188,29,0,12.88888889,10.87938928,34,0,12.53333333,14.54975045,33.47289917,2.642597303,394868.4348,1027582.341,3172693,3,5865836,733229.5,1359041.796,3133175,3,9081888,648706.2857,1268712.842,3172693,3,0,0,0,0,296,488,0.990973989,1.651623314,0,34,12.16,13.01499136,169.39,0,0,0,1,0,0,0,0,1,12.66666667,12.88888889,12.53333333,296,0,0,0,0,0,0,9,116,15,188,29200,227,6,32,0.0,0.0,0,0,0.0,0.0,0,0,BruteForce
8922288,9,15,108,188,23,0,12.0,9.656603958,34,0,12.53333333,14.54975045,33.17534695,2.689892996,387925.5652,1003264.831,3095103,3,5785089,723136.125,1326942.438,3015715,3,8922202,637300.1429,1237837.701,3095103,3,0,0,0,0,296,488,1.008709874,1.681183123,0,34,11.84,12.67767066,160.7233333,0,0,0,1,0,0,0,0,1,12.33333333,12.0,12.53333333,296,0,0,0,0,0,0,9,108,15,188,29200,227,6,32,0.0,0.0,0,0,0.0,0.0,0,0,BruteForce
8614067,9,15,109,188,27,0,12.11111111,10.17895432,34,0,12.53333333,14.54975045,34.47848734,2.7861403910000004,374524.6522,971998.0081,2936804,3,5893576,736697.0,1362300.397,2979430,3,8613985,615284.6429,1199725.62,2936804,4,0,0,0,0,296,488,1.044802647,1.741337744,0,34,11.88,12.81379465,164.1933333,0,0,0,1,0,0,0,0,1,12.375,12.11111111,12.53333333,296,0,0,0,0,0,0,9,109,15,188,29200,227,6,32,0.0,0.0,0,0,0.0,0.0,0,0,BruteForce
9060690,9,15,97,188,20,0,10.77777778,8.363279527000001,34,0,12.53333333,14.54975045,31.4545581,2.648804892,393943.0435,1020859.129,3109086,3,6072563,759070.375,1401810.773,3157152,3,9060550,647182.1429,1259826.557,3109086,3,0,0,0,0,296,488,0.993301835,1.655503058,0,34,11.4,12.37605214,153.16666669999995,0,0,0,1,0,0,0,0,1,11.875,10.77777778,12.53333333,296,0,0,0,0,0,0,9,97,15,188,29200,227,6,32,0.0,0.0,0,0,0.0,0.0,0,0,BruteForce
3,2,0,14,0,14,0,7.0,9.899494937,0,0,0.0,0.0,4666666.666999999,666666.6667,3.0,0.0,3,3,3,3.0,0.0,3,3,0,0.0,0.0,0,0,1,0,0,0,64,0,666666.6667,0.0,0,14,9.333333333,8.082903769,65.33333333,0,1,0,0,1,0,0,0,0,14.0,7.0,0.0,64,0,0,0,0,0,0,2,14,0,0,229,-1,0,32,0.0,0.0,0,0,0.0,0.0,0,0,BruteForce
240,2,1,14,0,14,0,7.0,9.899494937,0,0,0.0,0.0,58333.333329999994,12500.0,120.0,103.2375901,193,47,240,240.0,0.0,240,240,0,0.0,0.0,0,0,1,0,0,0,64,20,8333.333333,4166.666667,0,14,7.0,8.082903769,65.33333333,0,1,0,0,1,0,0,0,0,9.333333333,7.0,0.0,64,0,0,0,0,0,0,2,14,1,0,229,0,0,32,0.0,0.0,0,0,0.0,0.0,0,0,BruteForce
3,2,0,14,0,14,0,7.0,9.899494937,0,0,0.0,0.0,4666666.666999999,666666.6667,3.0,0.0,3,3,3,3.0,0.0,3,3,0,0.0,0.0,0,0,1,0,0,0,64,0,666666.6667,0.0,0,14,9.333333333,8.082903769,65.33333333,0,1,0,0,1,0,0,0,0,14.0,7.0,0.0,64,0,0,0,0,0,0,2,14,0,0,229,-1,0,32,0.0,0.0,0,0,0.0,0.0,0,0,BruteForce
8991068,9,15,108,188,23,0,12.0,9.656603958,34,0,12.53333333,14.54975045,32.92156171,2.669315814,390916.0,1004840.812,3131239,3,5991989,748998.625,1363325.301,3174282,257,8990970,642212.1429,1238934.066,3131239,3,0,0,0,0,296,488,1.00099343,1.668322384,0,34,11.84,12.67767066,160.7233333,0,0,0,1,0,0,0,0,1,12.33333333,12.0,12.53333333,296,0,0,0,0,0,0,9,108,15,188,29200,227,6,32,0.0,0.0,0,0,0.0,0.0,0,0,BruteForce
8752489,9,15,110,188,26,0,12.22222222,10.05954494,34,0,12.53333333,14.54975045,34.04745781,2.7420771389999996,380543.0,987618.8886,2980043,3,5965755,745719.375,1379180.281,3021559,232,8752363,625168.7857,1219008.333,2980043,3,0,0,0,0,296,488,1.028278927,1.713798212,0,34,11.92,12.78319209,163.41,0,0,0,1,0,0,0,0,1,12.41666667,12.22222222,12.53333333,296,0,0,0,0,0,0,9,110,15,188,29200,227,6,32,0.0,0.0,0,0,0.0,0.0,0,0,BruteForce
215,2,1,14,0,14,0,7.0,9.899494937,0,0,0.0,0.0,65116.27907,13953.48837,107.5,10.60660172,115,100,215,215.0,0.0,215,215,0,0.0,0.0,0,0,1,0,0,0,64,20,9302.325581,4651.162791,0,14,7.0,8.082903769,65.33333333,0,1,0,0,1,0,0,0,0,9.333333333,7.0,0.0,64,0,0,0,0,0,0,2,14,1,0,229,0,0,32,0.0,0.0,0,0,0.0,0.0,0,0,BruteForce
9215706,9,15,105,188,28,0,11.66666667,9.772410143,34,0,12.53333333,14.54975045,31.79354897,2.604249745,400682.8696,1033594.3,3149221,3,6196320,774540.0,1416949.678,3192820,258,9215638,658259.8571,1274889.914,3149221,3,0,0,0,0,296,488,0.976593654,1.627656091,0,34,11.72,12.70669115,161.46,0,0,0,1,0,0,0,0,1,12.20833333,11.66666667,12.53333333,296,0,0,0,0,0,0,9,105,15,188,29200,227,6,32,0.0,0.0,0,0,0.0,0.0,0,0,BruteForce
9647181,9,15,112,188,30,0,12.44444444,10.58431754,34,0,12.53333333,14.54975045,31.09716714,2.487773371,419442.6522,1086325.249,3600709,3,6449495,806186.875,1483156.247,3645188,3,9647104,689078.8571,1340532.228,3600709,3,0,0,0,0,296,488,0.932915014,1.554858357,0,34,12.0,12.92607184,167.08333330000005,0,0,0,1,0,0,0,0,1,12.5,12.44444444,12.53333333,296,0,0,0,0,0,0,9,112,15,188,29200,227,6,32,0.0,0.0,0,0,0.0,0.0,0,0,BruteForce
277,2,1,14,0,14,0,7.0,9.899494937,0,0,0.0,0.0,50541.51625,10830.32491,138.5,92.63098834,204,73,277,277.0,0.0,277,277,0,0.0,0.0,0,0,1,0,0,0,64,20,7220.216606,3610.108303,0,14,7.0,8.082903769,65.33333333,0,1,0,0,1,0,0,0,0,9.333333333,7.0,0.0,64,0,0,0,0,0,0,2,14,1,0,229,0,0,32,0.0,0.0,0,0,0.0,0.0,0,0,BruteForce
9700893,9,15,108,188,23,0,12.0,9.656603958,34,0,12.53333333,14.54975045,30.51265487,2.473999043,421777.9565,1101463.545,3600747,3,6058475,757309.375,1402090.468,3154245,10,9700815,692915.3571,1360452.571,3600747,3,0,0,0,0,296,488,0.927749641,1.546249402,0,34,11.84,12.67767066,160.7233333,0,0,0,1,0,0,0,0,1,12.33333333,12.0,12.53333333,296,0,0,0,0,0,0,9,108,15,188,29200,227,6,32,0.0,0.0,0,0,0.0,0.0,0,0,BruteForce
273,2,1,14,0,14,0,7.0,9.899494937,0,0,0.0,0.0,51282.05128,10989.01099,136.5,68.58935778,185,88,273,273.0,0.0,273,273,0,0.0,0.0,0,0,1,0,0,0,64,20,7326.007326000001,3663.003663,0,14,7.0,8.082903769,65.33333333,0,1,0,0,1,0,0,0,0,9.333333333,7.0,0.0,64,0,0,0,0,0,0,2,14,1,0,229,0,0,32,0.0,0.0,0,0,0.0,0.0,0,0,BruteForce
226,2,1,14,0,14,0,7.0,9.899494937,0,0,0.0,0.0,61946.90265,13274.33628,113.0,86.2670273,174,52,226,226.0,0.0,226,226,0,0.0,0.0,0,0,1,0,0,0,64,20,8849.557522,4424.778761,0,14,7.0,8.082903769,65.33333333,0,1,0,0,1,0,0,0,0,9.333333333,7.0,0.0,64,0,0,0,0,0,0,2,14,1,0,229,0,0,32,0.0,0.0,0,0,0.0,0.0,0,0,BruteForce
9575712,9,15,113,188,26,0,12.55555556,10.38160767,34,0,12.53333333,14.54975045,31.43369391,2.506341043,416335.3043,1083467.539,3371983,3,6421227,802653.375,1488199.515,3414273,3,9575657,683975.5,1337712.822,3371983,3,0,0,0,0,296,488,0.939877891,1.566463152,0,34,12.04,12.87271015,165.7066667,0,0,0,1,0,0,0,0,1,12.54166667,12.55555556,12.53333333,296,0,0,0,0,0,0,9,113,15,188,29200,227,6,32,0.0,0.0,0,0,0.0,0.0,0,0,BruteForce
247,2,1,14,0,14,0,7.0,9.899494937,0,0,0.0,0.0,56680.16194,12145.74899,123.5,118.0868325,207,40,247,247.0,0.0,247,247,0,0.0,0.0,0,0,1,0,0,0,64,20,8097.165992,4048.582996,0,14,7.0,8.082903769,65.33333333,0,1,0,0,1,0,0,0,0,9.333333333,7.0,0.0,64,0,0,0,0,0,0,2,14,1,0,229,0,0,32,0.0,0.0,0,0,0.0,0.0,0,0,BruteForce
9454760,9,15,105,188,23,0,11.66666667,9.300537619,34,0,12.53333333,14.54975045,30.98968139,2.538403936,411076.5217,1060409.472,3400517,3,6013493,751686.625,1364722.743,3004385,218,9454651,675332.2143,1307968.85,3400517,3,0,0,0,0,296,488,0.951901476,1.58650246,0,34,11.72,12.58808961,158.46,0,0,0,1,0,0,0,0,1,12.20833333,11.66666667,12.53333333,296,0,0,0,0,0,0,9,105,15,188,29200,227,6,32,0.0,0.0,0,0,0.0,0.0,0,0,BruteForce
236,2,1,14,0,14,0,7.0,9.899494937,0,0,0.0,0.0,59322.0339,12711.86441,118.0,42.42640687,148,88,236,236.0,0.0,236,236,0,0.0,0.0,0,0,1,0,0,0,64,20,8474.576271,4237.288136,0,14,7.0,8.082903769,65.33333333,0,1,0,0,1,0,0,0,0,9.333333333,7.0,0.0,64,0,0,0,0,0,0,2,14,1,0,229,0,0,32,0.0,0.0,0,0,0.0,0.0,0,0,BruteForce
227,2,1,14,0,14,0,7.0,9.899494937,0,0,0.0,0.0,61674.00881,13215.85903,113.5,99.70205615,184,43,227,227.0,0.0,227,227,0,0.0,0.0,0,0,1,0,0,0,64,20,8810.572687,4405.286344,0,14,7.0,8.082903769,65.33333333,0,1,0,0,1,0,0,0,0,9.333333333,7.0,0.0,64,0,0,0,0,0,0,2,14,1,0,229,0,0,32,0.0,0.0,0,0,0.0,0.0,0,0,BruteForce
9338559,9,15,104,188,22,0,11.55555556,9.153020145,34,0,12.53333333,14.54975045,31.26820744,2.569989653,406024.3043,1046376.765,3326344,3,6422047,802755.875,1463522.7659999996,3368758,19,9338438,667031.2857,1290521.711,3326344,3,0,0,0,0,296,488,0.96374612,1.6062435330000002,0,34,11.68,12.55229063,157.56,0,0,0,1,0,0,0,0,1,12.16666667,11.55555556,12.53333333,296,0,0,0,0,0,0,9,104,15,188,29200,227,6,32,0.0,0.0,0,0,0.0,0.0,0,0,BruteForce
3,2,0,14,0,14,0,7.0,9.899494937,0,0,0.0,0.0,4666666.666999999,666666.6667,3.0,0.0,3,3,3,3.0,0.0,3,3,0,0.0,0.0,0,0,1,0,0,0,64,0,666666.6667,0.0,0,14,9.333333333,8.082903769,65.33333333,0,1,0,0,1,0,0,0,0,14.0,7.0,0.0,64,0,0,0,0,0,0,2,14,0,0,229,-1,0,32,0.0,0.0,0,0,0.0,0.0,0,0,BruteForce
3,2,0,14,0,14,0,7.0,9.899494937,0,0,0.0,0.0,4666666.666999999,666666.6667,3.0,0.0,3,3,3,3.0,0.0,3,3,0,0.0,0.0,0,0,1,0,0,0,64,0,666666.6667,0.0,0,14,9.333333333,8.082903769,65.33333333,0,1,0,0,1,0,0,0,0,14.0,7.0,0.0,64,0,0,0,0,0,0,2,14,0,0,229,-1,0,32,0.0,0.0,0,0,0.0,0.0,0,0,BruteForce
9276061,9,15,115,188,29,0,12.77777778,10.81408547,34,0,12.53333333,14.54975045,32.66472698,2.5873051069999997,403307.0,1049815.446,3345624,3,5887767,735970.875,1360416.899,2977305,244,9275969,662569.2143,1296200.057,3345624,3,0,0,0,0,296,488,0.970239415,1.617065692,0,34,12.12,12.99461427,168.86,0,0,0,1,0,0,0,0,1,12.625,12.77777778,12.53333333,296,0,0,0,0,0,0,9,115,15,188,29200,227,6,32,0.0,0.0,0,0,0.0,0.0,0,0,BruteForce
241,2,1,14,0,14,0,7.0,9.899494937,0,0,0.0,0.0,58091.28631,12448.13278,120.5,101.1162697,192,49,241,241.0,0.0,241,241,0,0.0,0.0,0,0,1,0,0,0,64,20,8298.755187,4149.377593,0,14,7.0,8.082903769,65.33333333,0,1,0,0,1,0,0,0,0,9.333333333,7.0,0.0,64,0,0,0,0,0,0,2,14,1,0,229,0,0,32,0.0,0.0,0,0,0.0,0.0,0,0,BruteForce
8571013,9,15,107,188,23,0,11.88888889,9.545214042,34,0,12.53333333,14.54975045,34.41833538,2.80013576,372652.7391,967759.1333,3124011,3,5591364,698920.5,1293917.542,3166813,5,8570928,612209.1429,1194580.978,3124011,3,0,0,0,0,296,488,1.05005091,1.75008485,0,34,11.8,12.64911064,160.0,0,0,0,1,0,0,0,0,1,12.29166667,11.88888889,12.53333333,296,0,0,0,0,0,0,9,107,15,188,29200,227,6,32,0.0,0.0,0,0,0.0,0.0,0,0,BruteForce
4,2,0,14,0,14,0,7.0,9.899494937,0,0,0.0,0.0,3500000.0,500000.0,4.0,0.0,4,4,4,4.0,0.0,4,4,0,0.0,0.0,0,0,1,0,0,0,64,0,500000.0,0.0,0,14,9.333333333,8.082903769,65.33333333,0,1,0,0,1,0,0,0,0,14.0,7.0,0.0,64,0,0,0,0,0,0,2,14,0,0,229,-1,0,32,0.0,0.0,0,0,0.0,0.0,0,0,BruteForce
8657142,9,15,100,188,21,0,11.11111111,8.767046887000001,34,0,12.53333333,14.54975045,33.26733003,2.7722775019999997,376397.4783,976626.9892,3092117,3,6035908,754488.5,1391605.997,3136178,220,8657068,618362.0,1205407.867,3092117,3,0,0,0,0,296,488,1.039604063,1.732673439,0,34,11.52,12.46368057,155.3433333,0,0,0,1,0,0,0,0,1,12.0,11.11111111,12.53333333,296,0,0,0,0,0,0,9,100,15,188,29200,227,6,32,0.0,0.0,0,0,0.0,0.0,0,0,BruteForce
8967088,9,15,106,188,25,0,11.77777778,9.523363085,34,0,12.53333333,14.54975045,32.78656349,2.6764541619999997,389873.3913,1003001.693,3368928,2,5551174,693896.75,1246582.2340000002,2994115,3,8967000,640500.0,1236786.237,3368928,2,0,0,0,0,296,488,1.003670311,1.672783851,0,34,11.76,12.64344362,159.85666669999995,0,0,0,1,0,0,0,0,1,12.25,11.77777778,12.53333333,296,0,0,0,0,0,0,9,106,15,188,29200,227,6,32,0.0,0.0,0,0,0.0,0.0,0,0,BruteForce
203,2,1,14,0,14,0,7.0,9.899494937,0,0,0.0,0.0,68965.51724,14778.32512,101.5,77.07463915,156,47,203,203.0,0.0,203,203,0,0.0,0.0,0,0,1,0,0,0,64,20,9852.216749,4926.108374,0,14,7.0,8.082903769,65.33333333,0,1,0,0,1,0,0,0,0,9.333333333,7.0,0.0,64,0,0,0,0,0,0,2,14,1,0,229,0,0,32,0.0,0.0,0,0,0.0,0.0,0,0,BruteForce
222,2,1,14,0,14,0,7.0,9.899494937,0,0,0.0,0.0,63063.06306,13513.51351,111.0,82.02438662,169,53,222,222.0,0.0,222,222,0,0.0,0.0,0,0,1,0,0,0,64,20,9009.009009,4504.504505,0,14,7.0,8.082903769,65.33333333,0,1,0,0,1,0,0,0,0,9.333333333,7.0,0.0,64,0,0,0,0,0,0,2,14,1,0,229,0,0,32,0.0,0.0,0,0,0.0,0.0,0,0,BruteForce
9219725,9,15,105,188,23,0,11.66666667,9.300537619,34,0,12.53333333,14.54975045,31.77968974,2.603114518,400857.6087,1022061.972,3205063,3,6085452,760681.5,1362719.502,3247816,25,9219597,658542.6429,1259000.253,3205063,3,0,0,0,0,296,488,0.976167944,1.626946574,0,34,11.72,12.58808961,158.46,0,0,0,1,0,0,0,0,1,12.20833333,11.66666667,12.53333333,296,0,0,0,0,0,0,9,105,15,188,29200,227,6,32,0.0,0.0,0,0,0.0,0.0,0,0,BruteForce
3,2,0,14,0,14,0,7.0,9.899494937,0,0,0.0,0.0,4666666.666999999,666666.6667,3.0,0.0,3,3,3,3.0,0.0,3,3,0,0.0,0.0,0,0,1,0,0,0,64,0,666666.6667,0.0,0,14,9.333333333,8.082903769,65.33333333,0,1,0,0,1,0,0,0,0,14.0,7.0,0.0,64,0,0,0,0,0,0,2,14,0,0,229,-1,0,32,0.0,0.0,0,0,0.0,0.0,0,0,BruteForce
8551928,9,15,98,188,19,0,10.88888889,8.417904199,34,0,12.53333333,14.54975045,33.44275116,2.806384712,371822.9565,944446.2838,2880549,3,5912986,739123.25,1318310.383,2923229,4,8551841,610845.7857,1162881.353,2880549,3,0,0,0,0,296,488,1.052394267,1.753990445,0,34,11.44,12.38641729,153.4233333,0,0,0,1,0,0,0,0,1,11.91666667,10.88888889,12.53333333,296,0,0,0,0,0,0,9,98,15,188,29200,227,6,32,0.0,0.0,0,0,0.0,0.0,0,0,BruteForce
9022303,9,15,105,188,24,0,11.66666667,9.38083152,34,0,12.53333333,14.54975045,32.475078700000005,2.660074706,392274.0435,1019675.06,3231375,3,6110970,763871.25,1416693.754,3275416,4,9022260,644447.1429,1258791.269,3231375,3,0,0,0,0,296,488,0.997528015,1.662546691,0,34,11.72,12.60793401,158.96,0,0,0,1,0,0,0,0,1,12.20833333,11.66666667,12.53333333,296,0,0,0,0,0,0,9,105,15,188,29200,227,6,32,0.0,0.0,0,0,0.0,0.0,0,0,BruteForce
9031220,9,15,103,188,21,0,11.44444444,9.02927338,34,0,12.53333333,14.54975045,32.22156032,2.657448274,392661.7391,1020922.596,3236773,3,6119635,764954.375,1418792.695,3281008,3,9031148,645082.0,1260364.935,3236773,3,0,0,0,0,296,488,0.996543103,1.660905171,0,34,11.64,12.52291233,156.8233333,0,0,0,1,0,0,0,0,1,12.125,11.44444444,12.53333333,296,0,0,0,0,0,0,9,103,15,188,29200,227,6,32,0.0,0.0,0,0,0.0,0.0,0,0,BruteForce
216,2,1,14,0,14,0,7.0,9.899494937,0,0,0.0,0.0,64814.81481,13888.88889,108.0,74.95331881,161,55,216,216.0,0.0,216,216,0,0.0,0.0,0,0,1,0,0,0,64,20,9259.259259,4629.6296299999985,0,14,7.0,8.082903769,65.33333333,0,1,0,0,1,0,0,0,0,9.333333333,7.0,0.0,64,0,0,0,0,0,0,2,14,1,0,229,0,0,32,0.0,0.0,0,0,0.0,0.0,0,0,BruteForce
9104073,9,15,121,188,27,0,13.44444444,11.41392911,34,0,12.53333333,14.54975045,33.94085263,2.636182728,395829.2609,1004046.793,3239478,3,5820096,727512.0,1284077.685,2919617,3,9103966,650283.2857,1236070.337,3239478,3,0,0,0,0,296,488,0.988568523,1.647614205,0,34,12.36,13.181047,173.74,0,0,0,1,0,0,0,0,1,12.875,13.44444444,12.53333333,296,0,0,0,0,0,0,9,121,15,188,29200,227,6,32,0.0,0.0,0,0,0.0,0.0,0,0,BruteForce
8661151,9,15,108,188,23,0,12.0,9.682458366,34,0,12.53333333,14.54975045,34.17559629,2.770994294,376571.7826,971362.4971,2880685,3,5804745,725593.125,1332061.745,2924719,45,8661063,618647.3571,1198126.079,2880685,3,0,0,0,0,296,488,1.03912286,1.731871434,0,34,11.84,12.68424219,160.89,0,0,0,1,0,0,0,0,1,12.33333333,12.0,12.53333333,296,0,0,0,0,0,0,9,108,15,188,29200,227,6,32,0.0,0.0,0,0,0.0,0.0,0,0,BruteForce
8702248,9,15,110,188,28,0,12.22222222,10.28078034,34,0,12.53333333,14.54975045,34.24402522,2.757908072,378358.6087,973822.0544,2885775,-1,5833855,729231.875,1332558.5990000002,2928457,3,8702188,621584.8571,1200861.231,2885775,3,0,0,0,0,296,488,1.034215527,1.723692545,0,34,11.92,12.84172886,164.91,0,0,0,1,0,0,0,0,1,12.41666667,12.22222222,12.53333333,296,0,0,0,0,0,0,9,110,15,188,29200,227,6,32,0.0,0.0,0,0,0.0,0.0,0,0,BruteForce
257,2,1,14,0,14,0,7.0,9.899494937,0,0,0.0,0.0,54474.708170000005,11673.15175,128.5,84.14570696,188,69,257,257.0,0.0,257,257,0,0.0,0.0,0,0,1,0,0,0,64,20,7782.101167,3891.0505840000014,0,14,7.0,8.082903769,65.33333333,0,1,0,0,1,0,0,0,0,9.333333333,7.0,0.0,64,0,0,0,0,0,0,2,14,1,0,229,0,0,32,0.0,0.0,0,0,0.0,0.0,0,0,BruteForce
8979137,9,15,114,188,25,0,12.66666667,10.45227248,34,0,12.53333333,14.54975045,33.6335218,2.672862659,390397.2609,1010533.624,3248109,2,5690219,711277.375,1301318.597,2940754,257,8979076,641362.5714,1246925.379,3248109,2,0,0,0,0,296,488,1.002323497,1.670539162,0,34,12.08,12.89353843,166.24333330000005,0,0,0,1,0,0,0,0,1,12.58333333,12.66666667,12.53333333,296,0,0,0,0,0,0,9,114,15,188,29200,227,6,32,0.0,0.0,0,0,0.0,0.0,0,0,BruteForce
9015648,9,15,107,188,25,0,11.88888889,9.636447017,34,0,12.53333333,14.54975045,32.72088706,2.662038269,391984.6957,1013095.746,3248257,3,5725243,715655.375,1306121.269,2951584,48,9015525,643966.0714,1249877.409,3248257,3,0,0,0,0,296,488,0.998264351,1.6637739180000002,0,34,11.8,12.67214794,160.58333330000005,0,0,0,1,0,0,0,0,1,12.29166667,11.88888889,12.53333333,296,0,0,0,0,0,0,9,107,15,188,29200,227,6,32,0.0,0.0,0,0,0.0,0.0,0,0,BruteForce
9249463,9,15,106,188,23,0,11.77777778,9.417772796,34,0,12.53333333,14.54975045,31.78562907,2.59474523,402150.5652,1030045.787,3267775,3,6312114,789014.25,1425253.095,3310143,242,9249404,660671.7143,1269496.295,3267775,3,0,0,0,0,296,488,0.973029461,1.621715769,0,34,11.76,12.61705195,159.19,0,0,0,1,0,0,0,0,1,12.25,11.77777778,12.53333333,296,0,0,0,0,0,0,9,106,15,188,29200,227,6,32,0.0,0.0,0,0,0.0,0.0,0,0,BruteForce
9262580,9,15,108,188,23,0,12.0,9.656603958,34,0,12.53333333,14.54975045,31.95653911,2.591070738,402720.8696,1030686.792,3272727,3,6324117,790514.625,1425719.987,3314935,249,9262481,661605.7857,1270171.434,3272727,3,0,0,0,0,296,488,0.971651527,1.619419211,0,34,11.84,12.67767066,160.7233333,0,0,0,1,0,0,0,0,1,12.33333333,12.0,12.53333333,296,0,0,0,0,0,0,9,108,15,188,29200,227,6,32,0.0,0.0,0,0,0.0,0.0,0,0,BruteForce
267,2,1,14,0,14,0,7.0,9.899494937,0,0,0.0,0.0,52434.45693,11235.95506,133.5,108.1873375,210,57,267,267.0,0.0,267,267,0,0.0,0.0,0,0,1,0,0,0,64,20,7490.636704,3745.318352,0,14,7.0,8.082903769,65.33333333,0,1,0,0,1,0,0,0,0,9.333333333,7.0,0.0,64,0,0,0,0,0,0,2,14,1,0,229,0,0,32,0.0,0.0,0,0,0.0,0.0,0,0,BruteForce
8536492,9,15,119,188,28,0,13.22222222,11.24475186,34,0,12.53333333,14.54975045,35.96325048,2.811459321,371151.8261,973978.9032,3284681,3,5207950,650993.75,1212808.294,2908484,19,8536378,609741.2857,1203631.443,3284681,3,0,0,0,0,296,488,1.054297245,1.757162075,0,34,12.28,13.12605551,172.2933333,0,0,0,1,0,0,0,0,1,12.79166667,13.22222222,12.53333333,296,0,0,0,0,0,0,9,119,15,188,29200,227,6,32,0.0,0.0,0,0,0.0,0.0,0,0,BruteForce
240,2,1,14,0,14,0,7.0,9.899494937,0,0,0.0,0.0,58333.333329999994,12500.0,120.0,104.6518036,194,46,240,240.0,0.0,240,240,0,0.0,0.0,0,0,1,0,0,0,64,20,8333.333333,4166.666667,0,14,7.0,8.082903769,65.33333333,0,1,0,0,1,0,0,0,0,9.333333333,7.0,0.0,64,0,0,0,0,0,0,2,14,1,0,229,0,0,32,0.0,0.0,0,0,0.0,0.0,0,0,BruteForce
8796120,9,15,113,188,25,0,12.55555556,10.33333333,34,0,12.53333333,14.54975045,34.219633200000004,2.7284757369999997,382440.0,985975.7311,3285421,4,5979090,747386.25,1367404.208,3329916,233,8796044,628288.8571,1216079.929,3285421,4,0,0,0,0,296,488,1.023178401,1.705297336,0,34,12.04,12.85975635,165.3733333,0,0,0,1,0,0,0,0,1,12.54166667,12.55555556,12.53333333,296,0,0,0,0,0,0,9,113,15,188,29200,227,6,32,0.0,0.0,0,0,0.0,0.0,0,0,BruteForce
234,2,1,14,0,14,0,7.0,9.899494937,0,0,0.0,0.0,59829.05983,12820.51282,117.0,42.42640687,147,87,234,234.0,0.0,234,234,0,0.0,0.0,0,0,1,0,0,0,64,20,8547.008547,4273.504274,0,14,7.0,8.082903769,65.33333333,0,1,0,0,1,0,0,0,0,9.333333333,7.0,0.0,64,0,0,0,0,0,0,2,14,1,0,229,0,0,32,0.0,0.0,0,0,0.0,0.0,0,0,BruteForce
3,2,0,14,0,14,0,7.0,9.899494937,0,0,0.0,0.0,4666666.666999999,666666.6667,3.0,0.0,3,3,3,3.0,0.0,3,3,0,0.0,0.0,0,0,1,0,0,0,64,0,666666.6667,0.0,0,14,9.333333333,8.082903769,65.33333333,0,1,0,0,1,0,0,0,0,14.0,7.0,0.0,64,0,0,0,0,0,0,2,14,0,0,229,-1,0,32,0.0,0.0,0,0,0.0,0.0,0,0,BruteForce
3,2,0,14,0,14,0,7.0,9.899494937,0,0,0.0,0.0,4666666.666999999,666666.6667,3.0,0.0,3,3,3,3.0,0.0,3,3,0,0.0,0.0,0,0,1,0,0,0,64,0,666666.6667,0.0,0,14,9.333333333,8.082903769,65.33333333,0,1,0,0,1,0,0,0,0,14.0,7.0,0.0,64,0,0,0,0,0,0,2,14,0,0,229,-1,0,32,0.0,0.0,0,0,0.0,0.0,0,0,BruteForce
8257950,9,15,117,188,32,0,13.0,11.33578405,34,0,12.53333333,14.54975045,36.93410592,2.906290302,359041.3043,930080.3328,2822377,3,5657742,707217.75,1304884.723,2864098,3,8257869,589847.7857,1147750.403,2822377,48,0,0,0,0,296,488,1.089858863,1.816431439,0,34,12.2,13.1466092,172.83333330000005,0,0,0,1,0,0,0,0,1,12.70833333,13.0,12.53333333,296,0,0,0,0,0,0,9,117,15,188,29200,227,6,32,0.0,0.0,0,0,0.0,0.0,0,0,BruteForce
8637012,9,15,107,188,23,0,11.88888889,9.545214042,34,0,12.53333333,14.54975045,34.15533057,2.7787387580000003,375522.2609,962721.6352,2986614,18,5606470,700808.75,1267539.013,2879748,247,8636921,616922.9286,1186645.257,2986614,44,0,0,0,0,296,488,1.042027034,1.736711724,0,34,11.8,12.64911064,160.0,0,0,0,1,0,0,0,0,1,12.29166667,11.88888889,12.53333333,296,0,0,0,0,0,0,9,107,15,188,29200,227,6,32,0.0,0.0,0,0,0.0,0.0,0,0,BruteForce
8540820,9,15,108,188,22,0,12.0,9.643650761,34,0,12.53333333,14.54975045,34.65709382,2.810034634,371340.0,964709.353,2992693,3,5505166,688145.75,1274231.044,2877929,3,8540725,610051.7857,1190863.207,2992693,4,0,0,0,0,296,488,1.053762988,1.756271646,0,34,11.84,12.67438361,160.64,0,0,0,1,0,0,0,0,1,12.33333333,12.0,12.53333333,296,0,0,0,0,0,0,9,108,15,188,29200,227,6,32,0.0,0.0,0,0,0.0,0.0,0,0,BruteForce
212,2,1,14,0,14,0,7.0,9.899494937,0,0,0.0,0.0,66037.73585,14150.9434,106.0,110.3086579,184,28,212,212.0,0.0,212,212,0,0.0,0.0,0,0,1,0,0,0,64,20,9433.962264,4716.981132,0,14,7.0,8.082903769,65.33333333,0,1,0,0,1,0,0,0,0,9.333333333,7.0,0.0,64,0,0,0,0,0,0,2,14,1,0,229,0,0,32,0.0,0.0,0,0,0.0,0.0,0,0,BruteForce
7781272,9,15,109,188,24,0,12.11111111,9.879833557,34,0,12.53333333,14.54975045,38.16856678,3.084328629,338316.1739,878279.2034,2828719,3,5159821,644977.625,1200613.856,2877400,216,7781154,555796.7143,1084087.367,2828719,3,0,0,0,0,296,488,1.156623236,1.927705393,0,34,11.88,12.73551465,162.1933333,0,0,0,1,0,0,0,0,1,12.375,12.11111111,12.53333333,296,0,0,0,0,0,0,9,109,15,188,29200,227,6,32,0.0,0.0,0,0,0.0,0.0,0,0,BruteForce
243,2,1,14,0,14,0,7.0,9.899494937,0,0,0.0,0.0,57613.16872,12345.67901,121.5,54.44722215,160,83,243,243.0,0.0,243,243,0,0.0,0.0,0,0,1,0,0,0,64,20,8230.452675,4115.226337,0,14,7.0,8.082903769,65.33333333,0,1,0,0,1,0,0,0,0,9.333333333,7.0,0.0,64,0,0,0,0,0,0,2,14,1,0,229,0,0,32,0.0,0.0,0,0,0.0,0.0,0,0,BruteForce
8302325,9,15,103,188,22,0,11.44444444,9.070709883,34,0,12.53333333,14.54975045,35.05042262,2.890756505,360970.6522,936071.1012,2832536,3,5681786,710223.25,1313423.687,2875689,3,8302200,593014.2857,1155280.925,2832536,3,0,0,0,0,296,488,1.084033689,1.806722816,0,34,11.64,12.53289006,157.0733333,0,0,0,1,0,0,0,0,1,12.125,11.44444444,12.53333333,296,0,0,0,0,0,0,9,103,15,188,29200,227,6,32,0.0,0.0,0,0,0.0,0.0,0,0,BruteForce
231,2,1,14,0,14,0,7.0,9.899494937,0,0,0.0,0.0,60606.06061,12987.01299,115.5,53.03300859,153,78,231,231.0,0.0,231,231,0,0.0,0.0,0,0,1,0,0,0,64,20,8658.008658,4329.004329,0,14,7.0,8.082903769,65.33333333,0,1,0,0,1,0,0,0,0,9.333333333,7.0,0.0,64,0,0,0,0,0,0,2,14,1,0,229,0,0,32,0.0,0.0,0,0,0.0,0.0,0,0,BruteForce
3,2,0,14,0,14,0,7.0,9.899494937,0,0,0.0,0.0,4666666.666999999,666666.6667,3.0,0.0,3,3,3,3.0,0.0,3,3,0,0.0,0.0,0,0,1,0,0,0,64,0,666666.6667,0.0,0,14,9.333333333,8.082903769,65.33333333,0,1,0,0,1,0,0,0,0,14.0,7.0,0.0,64,0,0,0,0,0,0,2,14,0,0,229,-1,0,32,0.0,0.0,0,0,0.0,0.0,0,0,BruteForce
8256936,9,15,105,188,24,0,11.66666667,9.38083152,34,0,12.53333333,14.54975045,35.48531804,2.906647212,358997.2174,919472.0768,3008631,3,5985604,748200.5,1341367.9009999998,3050812,3,8256834,589773.8571,1133217.502,3008631,3,0,0,0,0,296,488,1.089992704,1.816654507,0,34,11.72,12.60793401,158.96,0,0,0,1,0,0,0,0,1,12.20833333,11.66666667,12.53333333,296,0,0,0,0,0,0,9,105,15,188,29200,227,6,32,0.0,0.0,0,0,0.0,0.0,0,0,BruteForce
8247304,9,15,107,188,22,0,11.88888889,9.518986874,34,0,12.53333333,14.54975045,35.76926472,2.910041876,358578.4348,919626.064,3012040,3,5979864,747483.0,1344048.139,3057480,3,8247238,589088.4286,1133578.372,3012040,3,0,0,0,0,296,488,1.091265703,1.818776172,0,34,11.8,12.64252085,159.83333330000005,0,0,0,1,0,0,0,0,1,12.29166667,11.88888889,12.53333333,296,0,0,0,0,0,0,9,107,15,188,29200,227,6,32,0.0,0.0,0,0,0.0,0.0,0,0,BruteForce
229,2,1,14,0,14,0,7.0,9.899494937,0,0,0.0,0.0,61135.371179999995,13100.43668,114.5,50.20458146,150,79,229,229.0,0.0,229,229,0,0.0,0.0,0,0,1,0,0,0,64,20,8733.624454,4366.812227,0,14,7.0,8.082903769,65.33333333,0,1,0,0,1,0,0,0,0,9.333333333,7.0,0.0,64,0,0,0,0,0,0,2,14,1,0,229,0,0,32,0.0,0.0,0,0,0.0,0.0,0,0,BruteForce
8313469,9,15,108,188,24,0,12.0,9.733961167,34,0,12.53333333,14.54975045,35.60487205,2.886881517,361455.1739,946017.1089,3184919,3,5532036,691504.5,1301519.936,3231610,195,8313365,593811.7857,1168740.283,3184919,3,0,0,0,0,296,488,1.082580569,1.804300948,0,34,11.84,12.69737506,161.2233333,0,0,0,1,0,0,0,0,1,12.33333333,12.0,12.53333333,296,0,0,0,0,0,0,9,108,15,188,29200,227,6,32,0.0,0.0,0,0,0.0,0.0,0,0,BruteForce
8741847,9,15,111,188,25,0,12.33333333,10.0871205,34,0,12.53333333,14.54975045,34.20329823,2.745415242,380080.3043,997477.461,3191388,3,5506957,688369.625,1294696.284,3209257,3,8741727,624409.0714,1232680.05,3191388,3,0,0,0,0,296,488,1.029530716,1.715884526,0,34,11.96,12.79153366,163.6233333,0,0,0,1,0,0,0,0,1,12.45833333,12.33333333,12.53333333,296,0,0,0,0,0,0,9,111,15,188,29200,227,6,32,0.0,0.0,0,0,0.0,0.0,0,0,BruteForce
221,2,1,14,0,14,0,7.0,9.899494937,0,0,0.0,0.0,63348.41629,13574.66063,110.5,61.51828996,154,67,221,221.0,0.0,221,221,0,0.0,0.0,0,0,1,0,0,0,64,20,9049.773756,4524.886878,0,14,7.0,8.082903769,65.33333333,0,1,0,0,1,0,0,0,0,9.333333333,7.0,0.0,64,0,0,0,0,0,0,2,14,1,0,229,0,0,32,0.0,0.0,0,0,0.0,0.0,0,0,BruteForce
250,2,1,14,0,14,0,7.0,9.899494937,0,0,0.0,0.0,56000.0,12000.0,125.0,62.22539674,169,81,250,250.0,0.0,250,250,0,0.0,0.0,0,0,1,0,0,0,64,20,8000.0,4000.0,0,14,7.0,8.082903769,65.33333333,0,1,0,0,1,0,0,0,0,9.333333333,7.0,0.0,64,0,0,0,0,0,0,2,14,1,0,229,0,0,32,0.0,0.0,0,0,0.0,0.0,0,0,BruteForce
9136976,9,15,105,188,24,0,11.66666667,9.354143467,34,0,12.53333333,14.54975045,32.06750242,2.6266896180000003,397259.8261,1023940.262,3168612,3,5925031,740628.875,1350552.854,3053408,3,9136883,652634.5,1262869.928,3168612,3,0,0,0,0,296,488,0.985008607,1.641681011,0,34,11.72,12.60132268,158.7933333,0,0,0,1,0,0,0,0,1,12.20833333,11.66666667,12.53333333,296,0,0,0,0,0,0,9,105,15,188,29200,227,6,32,0.0,0.0,0,0,0.0,0.0,0,0,BruteForce
8242912,9,15,106,188,24,0,11.77777778,9.470715097,34,0,12.53333333,14.54975045,35.667007,2.911592408,358387.4783,927625.7748,3023248,3,5443399,680424.875,1256010.689,3067691,274,8242852,588775.1429,1144618.852,3023248,3,0,0,0,0,296,488,1.091847153,1.819745255,0,34,11.76,12.63025468,159.52333330000005,0,0,0,1,0,0,0,0,1,12.25,11.77777778,12.53333333,296,0,0,0,0,0,0,9,106,15,188,29200,227,6,32,0.0,0.0,0,0,0.0,0.0,0,0,BruteForce
256,2,1,14,0,14,0,7.0,9.899494937,0,0,0.0,0.0,54687.5,11718.75,128.0,62.22539674,172,84,256,256.0,0.0,256,256,0,0.0,0.0,0,0,1,0,0,0,64,20,7812.5,3906.25,0,14,7.0,8.082903769,65.33333333,0,1,0,0,1,0,0,0,0,9.333333333,7.0,0.0,64,0,0,0,0,0,0,2,14,1,0,229,0,0,32,0.0,0.0,0,0,0.0,0.0,0,0,BruteForce
244,2,1,14,0,14,0,7.0,9.899494937,0,0,0.0,0.0,57377.049179999995,12295.08197,122.0,96.16652224,190,54,244,244.0,0.0,244,244,0,0.0,0.0,0,0,1,0,0,0,64,20,8196.721311,4098.360656,0,14,7.0,8.082903769,65.33333333,0,1,0,0,1,0,0,0,0,9.333333333,7.0,0.0,64,0,0,0,0,0,0,2,14,1,0,229,0,0,32,0.0,0.0,0,0,0.0,0.0,0,0,BruteForce
8065485,9,15,105,188,24,0,11.66666667,9.513148795,34,0,12.53333333,14.54975045,36.3276356,2.975642506,350673.2609,914389.4338,3010597,3,5014064,626758.0,1161355.448,2697130,249,8065380,576098.5714,1129208.212,3010597,3,0,0,0,0,296,488,1.11586594,1.859776566,0,34,11.72,12.64093878,159.7933333,0,0,0,1,0,0,0,0,1,12.20833333,11.66666667,12.53333333,296,0,0,0,0,0,0,9,105,15,188,29200,227,6,32,0.0,0.0,0,0,0.0,0.0,0,0,BruteForce
273,2,1,14,0,14,0,7.0,9.899494937,0,0,0.0,0.0,51282.05128,10989.01099,136.5,120.91525959999998,222,51,273,273.0,0.0,273,273,0,0.0,0.0,0,0,1,0,0,0,64,20,7326.007326000001,3663.003663,0,14,7.0,8.082903769,65.33333333,0,1,0,0,1,0,0,0,0,9.333333333,7.0,0.0,64,0,0,0,0,0,0,2,14,1,0,229,0,0,32,0.0,0.0,0,0,0.0,0.0,0,0,BruteForce
233,2,1,14,0,14,0,7.0,9.899494937,0,0,0.0,0.0,60085.836910000005,12875.53648,116.5,45.96194078,149,84,233,233.0,0.0,233,233,0,0.0,0.0,0,0,1,0,0,0,64,20,8583.690987,4291.845494,0,14,7.0,8.082903769,65.33333333,0,1,0,0,1,0,0,0,0,9.333333333,7.0,0.0,64,0,0,0,0,0,0,2,14,1,0,229,0,0,32,0.0,0.0,0,0,0.0,0.0,0,0,BruteForce
3,2,0,14,0,14,0,7.0,9.899494937,0,0,0.0,0.0,4666666.666999999,666666.6667,3.0,0.0,3,3,3,3.0,0.0,3,3,0,0.0,0.0,0,0,1,0,0,0,64,0,666666.6667,0.0,0,14,9.333333333,8.082903769,65.33333333,0,1,0,0,1,0,0,0,0,14.0,7.0,0.0,64,0,0,0,0,0,0,2,14,0,0,229,-1,0,32,0.0,0.0,0,0,0.0,0.0,0,0,BruteForce
8200186,9,15,117,188,27,0,13.0,10.89724736,34,0,12.53333333,14.54975045,37.19427828,2.926762881,356529.8261,925918.944,2916071,3,5504948,688118.5,1277222.353,2957523,258,8200095,585721.0714,1142936.969,2916071,3,0,0,0,0,296,488,1.09753608,1.8292268,0,34,12.2,13.02241657,169.58333330000005,0,0,0,1,0,0,0,0,1,12.70833333,13.0,12.53333333,296,0,0,0,0,0,0,9,117,15,188,29200,227,6,32,0.0,0.0,0,0,0.0,0.0,0,0,BruteForce
9467574,9,15,123,188,37,0,13.66666667,12.55985669,34,0,12.53333333,14.54975045,32.84896426,2.5349683030000003,411633.6522,1073041.809,3360860,3,6232766,779095.75,1449409.238,3404550,219,9467482,676248.7143,1325087.869,3360860,3,0,0,0,0,296,488,0.950613114,1.58435519,0,37,12.44,13.53107535,183.09,0,0,0,1,0,0,0,0,1,12.95833333,13.66666667,12.53333333,296,0,0,0,0,0,0,9,123,15,188,29200,227,6,32,0.0,0.0,0,0,0.0,0.0,0,0,BruteForce
8638237,9,15,109,188,24,0,12.11111111,9.829095132,34,0,12.53333333,14.54975045,34.38201568,2.778344702,375575.5217,976468.3473,3084782,3,5686120,710765.0,1320621.4640000002,3129180,49,8638089,617006.3571,1205484.424,3084782,3,0,0,0,0,296,488,1.041879263,1.7364654380000002,0,34,11.88,12.72242115,161.86,0,0,0,1,0,0,0,0,1,12.375,12.11111111,12.53333333,296,0,0,0,0,0,0,9,109,15,188,29200,227,6,32,0.0,0.0,0,0,0.0,0.0,0,0,BruteForce
8826922,9,15,103,188,23,0,11.44444444,9.098229376,34,0,12.53333333,14.54975045,32.96732428,2.71895458,383779.2174,997724.0161,3084745,3,5699991,712498.875,1319262.635,2975374,4,8826798,630485.5714,1231713.515,3084745,3,0,0,0,0,296,488,1.019607968,1.699346613,0,34,11.64,12.53953747,157.24,0,0,0,1,0,0,0,0,1,12.125,11.44444444,12.53333333,296,0,0,0,0,0,0,9,103,15,188,29200,227,6,32,0.0,0.0,0,0,0.0,0.0,0,0,BruteForce
8423308,9,15,103,188,27,0,11.44444444,9.475113602,34,0,12.53333333,14.54975045,34.54699745,2.849236903,366230.7826,958768.4845,3203334,3,6093051,761631.375,1412513.745,3247788,3,8423248,601660.5714,1184525.542,3203334,3,0,0,0,0,296,488,1.068463839,1.780773064,0,34,11.64,12.6322339,159.5733333,0,0,0,1,0,0,0,0,1,12.125,11.44444444,12.53333333,296,0,0,0,0,0,0,9,103,15,188,29200,227,6,32,0.0,0.0,0,0,0.0,0.0,0,0,BruteForce
9474056,9,15,100,188,23,0,11.11111111,8.823894328,34,0,12.53333333,14.54975045,30.39880702,2.533233918,411915.4783,1079469.645,3712725,16,6756387,844548.375,1569658.2869999998,3757344,49,9473941,676710.0714,1333797.124,3712725,47,0,0,0,0,296,488,0.949962719,1.583271199,0,34,11.52,12.47704559,155.6766667,0,0,0,1,0,0,0,0,1,12.0,11.11111111,12.53333333,296,0,0,0,0,0,0,9,100,15,188,29200,227,6,32,0.0,0.0,0,0,0.0,0.0,0,0,BruteForce
257,2,1,14,0,14,0,7.0,9.899494937,0,0,0.0,0.0,54474.708170000005,11673.15175,128.5,105.3589104,203,54,257,257.0,0.0,257,257,0,0.0,0.0,0,0,1,0,0,0,64,20,7782.101167,3891.0505840000014,0,14,7.0,8.082903769,65.33333333,0,1,0,0,1,0,0,0,0,9.333333333,7.0,0.0,64,0,0,0,0,0,0,2,14,1,0,229,0,0,32,0.0,0.0,0,0,0.0,0.0,0,0,BruteForce
9225776,9,15,94,188,20,0,10.44444444,8.048464312,34,0,12.53333333,14.54975045,30.56653446,2.601407188,401120.6957,1058053.975,3712616,3,6251053,781381.625,1481770.955,3754053,48,9225631,658973.6429,1308253.956,3712616,3,0,0,0,0,296,488,0.975527695,1.625879492,0,34,11.28,12.31367803,151.6266667,0,0,0,1,0,0,0,0,1,11.75,10.44444444,12.53333333,296,0,0,0,0,0,0,9,94,15,188,29200,227,6,32,0.0,0.0,0,0,0.0,0.0,0,0,BruteForce
531,2,1,14,0,14,0,7.0,9.899494937,0,0,0.0,0.0,26365.3484,5649.717514,265.5,287.7924599,469,62,531,531.0,0.0,531,531,0,0.0,0.0,0,0,1,0,0,0,64,20,3766.478343,1883.239171,0,14,7.0,8.082903769,65.33333333,0,1,0,0,1,0,0,0,0,9.333333333,7.0,0.0,64,0,0,0,0,0,0,2,14,1,0,229,0,0,32,0.0,0.0,0,0,0.0,0.0,0,0,BruteForce
7787218,9,15,105,188,23,0,11.66666667,9.313968005,34,0,12.53333333,14.54975045,37.62576057,3.081973562,338574.6957,876788.2449,2694670,4,5225785,653223.125,1209664.277,2739100,4,7787122,556223.0,1081950.325,2694670,4,0,0,0,0,296,488,1.155740086,1.926233476,0,34,11.72,12.59139918,158.5433333,0,0,0,1,0,0,0,0,1,12.20833333,11.66666667,12.53333333,296,0,0,0,0,0,0,9,105,15,188,29200,227,6,32,0.0,0.0,0,0,0.0,0.0,0,0,BruteForce
9173845,9,15,102,188,25,0,11.33333333,9.178779875,34,0,12.53333333,14.54975045,31.61160887,2.6161331480000003,398862.8261,1051241.945,3712571,3,5419290,677411.25,1252296.873,2737145,272,9173756,655268.2857,1299715.838,3712571,3,0,0,0,0,296,488,0.981049931,1.635083218,0,34,11.6,12.55985669,157.75,0,0,0,1,0,0,0,0,1,12.08333333,11.33333333,12.53333333,296,0,0,0,0,0,0,9,102,15,188,29200,227,6,32,0.0,0.0,0,0,0.0,0.0,0,0,BruteForce
229,2,1,14,0,14,0,7.0,9.899494937,0,0,0.0,0.0,61135.371179999995,13100.43668,114.5,47.37615434,148,81,229,229.0,0.0,229,229,0,0.0,0.0,0,0,1,0,0,0,64,20,8733.624454,4366.812227,0,14,7.0,8.082903769,65.33333333,0,1,0,0,1,0,0,0,0,9.333333333,7.0,0.0,64,0,0,0,0,0,0,2,14,1,0,229,0,0,32,0.0,0.0,0,0,0.0,0.0,0,0,BruteForce
241,2,1,14,0,14,0,7.0,9.899494937,0,0,0.0,0.0,58091.28631,12448.13278,120.5,0.7071067809999999,121,120,241,241.0,0.0,241,241,0,0.0,0.0,0,0,1,0,0,0,64,20,8298.755187,4149.377593,0,14,7.0,8.082903769,65.33333333,0,1,0,0,1,0,0,0,0,9.333333333,7.0,0.0,64,0,0,0,0,0,0,2,14,1,0,229,0,0,32,0.0,0.0,0,0,0.0,0.0,0,0,BruteForce
236,2,1,14,0,14,0,7.0,9.899494937,0,0,0.0,0.0,59322.0339,12711.86441,118.0,84.85281374,178,58,236,236.0,0.0,236,236,0,0.0,0.0,0,0,1,0,0,0,64,20,8474.576271,4237.288136,0,14,7.0,8.082903769,65.33333333,0,1,0,0,1,0,0,0,0,9.333333333,7.0,0.0,64,0,0,0,0,0,0,2,14,1,0,229,0,0,32,0.0,0.0,0,0,0.0,0.0,0,0,BruteForce
8646642,9,15,106,188,23,0,11.77777778,9.497075573,34,0,12.53333333,14.54975045,34.00163902,2.7756440010000003,375940.9565,975542.0566,2948601,3,5910726,738840.75,1366190.352,2990699,3,8646522,617608.7143,1204083.444,2948601,3,0,0,0,0,296,488,1.040866501,1.734777501,0,34,11.76,12.63685087,159.69,0,0,0,1,0,0,0,0,1,12.25,11.77777778,12.53333333,296,0,0,0,0,0,0,9,106,15,188,29200,227,6,32,0.0,0.0,0,0,0.0,0.0,0,0,BruteForce
241,2,1,14,0,14,0,7.0,9.899494937,0,0,0.0,0.0,58091.28631,12448.13278,120.5,38.89087297,148,93,241,241.0,0.0,241,241,0,0.0,0.0,0,0,1,0,0,0,64,20,8298.755187,4149.377593,0,14,7.0,8.082903769,65.33333333,0,1,0,0,1,0,0,0,0,9.333333333,7.0,0.0,64,0,0,0,0,0,0,2,14,1,0,229,0,0,32,0.0,0.0,0,0,0.0,0.0,0,0,BruteForce
9522482,9,15,110,188,26,0,12.22222222,10.02219759,34,0,12.53333333,14.54975045,31.29436212,2.520351312,414020.9565,1085852.438,3732176,3,6788116,848514.5,1579045.46,3776317,222,9522364,680168.8571,1341799.073,3732176,3,0,0,0,0,296,488,0.945131742,1.57521957,0,34,11.92,12.77340988,163.16,0,0,0,1,0,0,0,0,1,12.41666667,12.22222222,12.53333333,296,0,0,0,0,0,0,9,110,15,188,29200,227,6,32,0.0,0.0,0,0,0.0,0.0,0,0,BruteForce
217,2,1,14,0,14,0,7.0,9.899494937,0,0,0.0,0.0,64516.12903,13824.88479,108.5,82.7314934,167,50,217,217.0,0.0,217,217,0,0.0,0.0,0,0,1,0,0,0,64,20,9216.589862,4608.294931,0,14,7.0,8.082903769,65.33333333,0,1,0,0,1,0,0,0,0,9.333333333,7.0,0.0,64,0,0,0,0,0,0,2,14,1,0,229,0,0,32,0.0,0.0,0,0,0.0,0.0,0,0,BruteForce
9480158,9,15,110,188,23,0,12.22222222,9.909310997,34,0,12.53333333,14.54975045,31.43407525,2.531603376,412180.7826,1083355.723,3736463,3,6488164,811020.5,1526857.95,3777933,3,9480028,677144.8571,1339025.456,3736463,4,0,0,0,0,296,488,0.949351266,1.58225211,0,34,11.92,12.7440182,162.41,0,0,0,1,0,0,0,0,1,12.41666667,12.22222222,12.53333333,296,0,0,0,0,0,0,9,110,15,188,29200,227,6,32,0.0,0.0,0,0,0.0,0.0,0,0,BruteForce
3,2,0,14,0,14,0,7.0,9.899494937,0,0,0.0,0.0,4666666.666999999,666666.6667,3.0,0.0,3,3,3,3.0,0.0,3,3,0,0.0,0.0,0,0,1,0,0,0,64,0,666666.6667,0.0,0,14,9.333333333,8.082903769,65.33333333,0,1,0,0,1,0,0,0,0,14.0,7.0,0.0,64,0,0,0,0,0,0,2,14,0,0,229,-1,0,32,0.0,0.0,0,0,0.0,0.0,0,0,BruteForce
4,2,0,14,0,14,0,7.0,9.899494937,0,0,0.0,0.0,3500000.0,500000.0,4.0,0.0,4,4,4,4.0,0.0,4,4,0,0.0,0.0,0,0,1,0,0,0,64,0,500000.0,0.0,0,14,9.333333333,8.082903769,65.33333333,0,1,0,0,1,0,0,0,0,14.0,7.0,0.0,64,0,0,0,0,0,0,2,14,0,0,229,-1,0,32,0.0,0.0,0,0,0.0,0.0,0,0,BruteForce
228,2,1,14,0,14,0,7.0,9.899494937,0,0,0.0,0.0,61403.50877000001,13157.89474,114.0,87.68124087,176,52,228,228.0,0.0,228,228,0,0.0,0.0,0,0,1,0,0,0,64,20,8771.929825,4385.9649119999995,0,14,7.0,8.082903769,65.33333333,0,1,0,0,1,0,0,0,0,9.333333333,7.0,0.0,64,0,0,0,0,0,0,2,14,1,0,229,0,0,32,0.0,0.0,0,0,0.0,0.0,0,0,BruteForce
8477913,9,15,100,188,23,0,11.11111111,8.823894328,34,0,12.53333333,14.54975045,33.97062461,2.8308853839999997,368604.91299999994,958789.5284,2968369,3,5465640,683205.0,1268035.986,2937622,3,8477796,605556.8571,1183718.978,2968369,3,0,0,0,0,296,488,1.061582019,1.769303365,0,34,11.52,12.47704559,155.6766667,0,0,0,1,0,0,0,0,1,12.0,11.11111111,12.53333333,296,0,0,0,0,0,0,9,100,15,188,29200,227,6,32,0.0,0.0,0,0,0.0,0.0,0,0,BruteForce
8343241,9,15,106,188,23,0,11.77777778,9.417772796,34,0,12.53333333,14.54975045,35.23810471,2.876579977,362749.6087,941786.184,2988401,3,5822307,727788.375,1345358.15,3032763,3,8343126,595937.5714,1162485.204,2988401,3,0,0,0,0,296,488,1.078717491,1.797862485,0,34,11.76,12.61705195,159.19,0,0,0,1,0,0,0,0,1,12.25,11.77777778,12.53333333,296,0,0,0,0,0,0,9,106,15,188,29200,227,6,32,0.0,0.0,0,0,0.0,0.0,0,0,BruteForce
241,2,1,14,0,14,0,7.0,9.899494937,0,0,0.0,0.0,58091.28631,12448.13278,120.5,50.20458146,156,85,241,241.0,0.0,241,241,0,0.0,0.0,0,0,1,0,0,0,64,20,8298.755187,4149.377593,0,14,7.0,8.082903769,65.33333333,0,1,0,0,1,0,0,0,0,9.333333333,7.0,0.0,64,0,0,0,0,0,0,2,14,1,0,229,0,0,32,0.0,0.0,0,0,0.0,0.0,0,0,BruteForce
3,2,0,14,0,14,0,7.0,9.899494937,0,0,0.0,0.0,4666666.666999999,666666.6667,3.0,0.0,3,3,3,3.0,0.0,3,3,0,0.0,0.0,0,0,1,0,0,0,64,0,666666.6667,0.0,0,14,9.333333333,8.082903769,65.33333333,0,1,0,0,1,0,0,0,0,14.0,7.0,0.0,64,0,0,0,0,0,0,2,14,0,0,229,-1,0,32,0.0,0.0,0,0,0.0,0.0,0,0,BruteForce
214,2,1,14,0,14,0,7.0,9.899494937,0,0,0.0,0.0,65420.56075,14018.69159,107.0,26.87005769,126,88,214,214.0,0.0,214,214,0,0.0,0.0,0,0,1,0,0,0,64,20,9345.794393,4672.897196,0,14,7.0,8.082903769,65.33333333,0,1,0,0,1,0,0,0,0,9.333333333,7.0,0.0,64,0,0,0,0,0,0,2,14,1,0,229,0,0,32,0.0,0.0,0,0,0.0,0.0,0,0,BruteForce
8111392,9,15,107,188,23,0,11.88888889,9.532109479,34,0,12.53333333,14.54975045,36.36860356,2.9588016460000004,352669.2174,920159.3856,2916675,3,5152260,644032.5,1201192.441,2878902,247,8111290,579377.8571,1136409.447,2916675,3,0,0,0,0,296,488,1.109550617,1.849251029,0,34,11.8,12.64581617,159.91666669999995,0,0,0,1,0,0,0,0,1,12.29166667,11.88888889,12.53333333,296,0,0,0,0,0,0,9,107,15,188,29200,227,6,32,0.0,0.0,0,0,0.0,0.0,0,0,BruteForce
8330952,9,15,102,188,23,0,11.33333333,9.069178574,34,0,12.53333333,14.54975045,34.80994729,2.880823224,362215.3043,949287.4711,3147312,3,5460308,682538.5,1285954.549,3189521,19,8330857,595061.2143,1172951.593,3147312,3,0,0,0,0,296,488,1.080308709,1.800514515,0,34,11.6,12.53328901,157.08333330000005,0,0,0,1,0,0,0,0,1,12.08333333,11.33333333,12.53333333,296,0,0,0,0,0,0,9,102,15,188,29200,227,6,32,0.0,0.0,0,0,0.0,0.0,0,0,BruteForce
8334192,9,15,104,188,23,0,11.55555556,9.355628134,34,0,12.53333333,14.54975045,35.03638985,2.879703275,362356.1739,949867.2578,3146181,4,5460131,682516.375,1285845.542,3188878,210,8334105,595293.2143,1173696.205,3146181,4,0,0,0,0,296,488,1.079888728,1.799814547,0,34,11.68,12.60198397,158.81,0,0,0,1,0,0,0,0,1,12.16666667,11.55555556,12.53333333,296,0,0,0,0,0,0,9,104,15,188,29200,227,6,32,0.0,0.0,0,0,0.0,0.0,0,0,BruteForce
8397599,9,15,105,188,23,0,11.66666667,9.300537619,34,0,12.53333333,14.54975045,34.89092537,2.8579597569999997,365113.0,949858.0589,3007628,3,5526121,690765.125,1286323.157,3055864,223,8397480,599820.0,1172712.705,3007628,3,0,0,0,0,296,488,1.071734909,1.786224848,0,34,11.72,12.58808961,158.46,0,0,0,1,0,0,0,0,1,12.20833333,11.66666667,12.53333333,296,0,0,0,0,0,0,9,105,15,188,29200,227,6,32,0.0,0.0,0,0,0.0,0.0,0,0,BruteForce
9228082,9,15,107,188,23,0,11.88888889,9.584420228,34,0,12.53333333,14.54975045,31.96763965,2.6007571240000003,401220.9565,1041383.798,3263738,3,6040973,755121.625,1396203.5980000002,3306248,212,9227957,659139.7857,1285384.245,3263738,3,0,0,0,0,296,488,0.975283921,1.6254732019999998,0,34,11.8,12.6589889,160.25,0,0,0,1,0,0,0,0,1,12.29166667,11.88888889,12.53333333,296,0,0,0,0,0,0,9,107,15,188,29200,227,6,32,0.0,0.0,0,0,0.0,0.0,0,0,BruteForce
4,2,0,14,0,14,0,7.0,9.899494937,0,0,0.0,0.0,3500000.0,500000.0,4.0,0.0,4,4,4,4.0,0.0,4,4,0,0.0,0.0,0,0,1,0,0,0,64,0,500000.0,0.0,0,14,9.333333333,8.082903769,65.33333333,0,1,0,0,1,0,0,0,0,14.0,7.0,0.0,64,0,0,0,0,0,0,2,14,0,0,229,-1,0,32,0.0,0.0,0,0,0.0,0.0,0,0,BruteForce
220,2,1,14,0,14,0,7.0,9.899494937,0,0,0.0,0.0,63636.36364,13636.36364,110.0,45.254834,142,78,220,220.0,0.0,220,220,0,0.0,0.0,0,0,1,0,0,0,64,20,9090.909091,4545.454545000001,0,14,7.0,8.082903769,65.33333333,0,1,0,0,1,0,0,0,0,9.333333333,7.0,0.0,64,0,0,0,0,0,0,2,14,1,0,229,0,0,32,0.0,0.0,0,0,0.0,0.0,0,0,BruteForce
9161320,9,15,111,188,25,0,12.33333333,10.0871205,34,0,12.53333333,14.54975045,32.63721822,2.619709823,398318.2609,1053040.399,3496478,3,6876233,859529.125,1590683.655,3540353,216,9161225,654373.2143,1302367.531,3496478,3,0,0,0,0,296,488,0.982391184,1.63731864,0,34,11.96,12.79153366,163.6233333,0,0,0,1,0,0,0,0,1,12.45833333,12.33333333,12.53333333,296,0,0,0,0,0,0,9,111,15,188,29200,227,6,32,0.0,0.0,0,0,0.0,0.0,0,0,BruteForce
232,2,1,14,0,14,0,7.0,9.899494937,0,0,0.0,0.0,60344.82759,12931.03448,116.0,79.19595949,172,60,232,232.0,0.0,232,232,0,0.0,0.0,0,0,1,0,0,0,64,20,8620.689655,4310.344828,0,14,7.0,8.082903769,65.33333333,0,1,0,0,1,0,0,0,0,9.333333333,7.0,0.0,64,0,0,0,0,0,0,2,14,1,0,229,0,0,32,0.0,0.0,0,0,0.0,0.0,0,0,BruteForce
231,2,1,14,0,14,0,7.0,9.899494937,0,0,0.0,0.0,60606.06061,12987.01299,115.5,119.501046,200,31,231,231.0,0.0,231,231,0,0.0,0.0,0,0,1,0,0,0,64,20,8658.008658,4329.004329,0,14,7.0,8.082903769,65.33333333,0,1,0,0,1,0,0,0,0,9.333333333,7.0,0.0,64,0,0,0,0,0,0,2,14,1,0,229,0,0,32,0.0,0.0,0,0,0.0,0.0,0,0,BruteForce
3,2,0,14,0,14,0,7.0,9.899494937,0,0,0.0,0.0,4666666.666999999,666666.6667,3.0,0.0,3,3,3,3.0,0.0,3,3,0,0.0,0.0,0,0,1,0,0,0,64,0,666666.6667,0.0,0,14,9.333333333,8.082903769,65.33333333,0,1,0,0,1,0,0,0,0,14.0,7.0,0.0,64,0,0,0,0,0,0,2,14,0,0,229,-1,0,32,0.0,0.0,0,0,0.0,0.0,0,0,BruteForce
8654644,9,15,99,188,19,0,11.0,8.529361055,34,0,12.53333333,14.54975045,33.16138711,2.773077668,376288.8696,986435.0631,3516302,3,5936533,742066.625,1393874.931,3560460,222,8654547,618181.9286,1218889.233,3516302,3,0,0,0,0,296,488,1.039904125,1.7331735419999998,0,34,11.48,12.41007655,154.01,0,0,0,1,0,0,0,0,1,11.95833333,11.0,12.53333333,296,0,0,0,0,0,0,9,99,15,188,29200,227,6,32,0.0,0.0,0,0,0.0,0.0,0,0,BruteForce
4,2,0,14,0,14,0,7.0,9.899494937,0,0,0.0,0.0,3500000.0,500000.0,4.0,0.0,4,4,4,4.0,0.0,4,4,0,0.0,0.0,0,0,1,0,0,0,64,0,500000.0,0.0,0,14,9.333333333,8.082903769,65.33333333,0,1,0,0,1,0,0,0,0,14.0,7.0,0.0,64,0,0,0,0,0,0,2,14,0,0,229,-1,0,32,0.0,0.0,0,0,0.0,0.0,0,0,BruteForce
229,2,1,14,0,14,0,7.0,9.899494937,0,0,0.0,0.0,61135.371179999995,13100.43668,114.5,86.97413409,176,53,229,229.0,0.0,229,229,0,0.0,0.0,0,0,1,0,0,0,64,20,8733.624454,4366.812227,0,14,7.0,8.082903769,65.33333333,0,1,0,0,1,0,0,0,0,9.333333333,7.0,0.0,64,0,0,0,0,0,0,2,14,1,0,229,0,0,32,0.0,0.0,0,0,0.0,0.0,0,0,BruteForce
228,2,1,14,0,14,0,7.0,9.899494937,0,0,0.0,0.0,61403.50877000001,13157.89474,114.0,76.36753237,168,60,228,228.0,0.0,228,228,0,0.0,0.0,0,0,1,0,0,0,64,20,8771.929825,4385.9649119999995,0,14,7.0,8.082903769,65.33333333,0,1,0,0,1,0,0,0,0,9.333333333,7.0,0.0,64,0,0,0,0,0,0,2,14,1,0,229,0,0,32,0.0,0.0,0,0,0.0,0.0,0,0,BruteForce
9138836,9,15,104,188,23,0,11.55555556,9.193898943,34,0,12.53333333,14.54975045,31.95155269,2.626155016,397340.6957,1034311.151,3300607,3,5795785,724473.125,1339798.455,2931975,3,9138717,652765.5,1277061.969,3300607,3,0,0,0,0,296,488,0.984808131,1.641346885,0,34,11.68,12.56224502,157.81,0,0,0,1,0,0,0,0,1,12.16666667,11.55555556,12.53333333,296,0,0,0,0,0,0,9,104,15,188,29200,227,6,32,0.0,0.0,0,0,0.0,0.0,0,0,BruteForce
272,2,1,14,0,14,0,7.0,9.899494937,0,0,0.0,0.0,51470.58824,11029.41176,136.0,74.95331881,189,83,272,272.0,0.0,272,272,0,0.0,0.0,0,0,1,0,0,0,64,20,7352.941176,3676.470588,0,14,7.0,8.082903769,65.33333333,0,1,0,0,1,0,0,0,0,9.333333333,7.0,0.0,64,0,0,0,0,0,0,2,14,1,0,229,0,0,32,0.0,0.0,0,0,0.0,0.0,0,0,BruteForce
209,2,1,14,0,14,0,7.0,9.899494937,0,0,0.0,0.0,66985.64593,14354.06699,104.5,24.74873734,122,87,209,209.0,0.0,209,209,0,0.0,0.0,0,0,1,0,0,0,64,20,9569.37799,4784.688995,0,14,7.0,8.082903769,65.33333333,0,1,0,0,1,0,0,0,0,9.333333333,7.0,0.0,64,0,0,0,0,0,0,2,14,1,0,229,0,0,32,0.0,0.0,0,0,0.0,0.0,0,0,BruteForce
267,2,1,14,0,14,0,7.0,9.899494937,0,0,0.0,0.0,52434.45693,11235.95506,133.5,26.1629509,152,115,267,267.0,0.0,267,267,0,0.0,0.0,0,0,1,0,0,0,64,20,7490.636704,3745.318352,0,14,7.0,8.082903769,65.33333333,0,1,0,0,1,0,0,0,0,9.333333333,7.0,0.0,64,0,0,0,0,0,0,2,14,1,0,229,0,0,32,0.0,0.0,0,0,0.0,0.0,0,0,BruteForce
9138139,9,15,105,188,23,0,11.66666667,9.420721841,34,0,12.53333333,14.54975045,32.06342123,2.626355322,397310.3913,1036291.63,3319931,3,6482328,810291.0,1500098.613,3365878,4,9138024,652716.0,1279786.725,3319931,3,0,0,0,0,296,488,0.984883246,1.641472077,0,34,11.72,12.61784451,159.21,0,0,0,1,0,0,0,0,1,12.20833333,11.66666667,12.53333333,296,0,0,0,0,0,0,9,105,15,188,29200,227,6,32,0.0,0.0,0,0,0.0,0.0,0,0,BruteForce
213,2,1,14,0,14,0,7.0,9.899494937,0,0,0.0,0.0,65727.69953,14084.50704,106.5,109.6015511,184,29,213,213.0,0.0,213,213,0,0.0,0.0,0,0,1,0,0,0,64,20,9389.671362,4694.835681000001,0,14,7.0,8.082903769,65.33333333,0,1,0,0,1,0,0,0,0,9.333333333,7.0,0.0,64,0,0,0,0,0,0,2,14,1,0,229,0,0,32,0.0,0.0,0,0,0.0,0.0,0,0,BruteForce
9434271,9,15,111,188,25,0,12.33333333,10.12422837,34,0,12.53333333,14.54975045,31.69296282,2.543916748,410185.6957,1067277.982,3324543,3,6327584,790948.0,1466930.079,3367918,48,9434136,673866.8571,1317702.069,3324543,3,0,0,0,0,296,488,0.95396878,1.589947967,0,34,11.96,12.80130202,163.8733333,0,0,0,1,0,0,0,0,1,12.45833333,12.33333333,12.53333333,296,0,0,0,0,0,0,9,111,15,188,29200,227,6,32,0.0,0.0,0,0,0.0,0.0,0,0,BruteForce
9671064,9,15,106,188,22,0,11.77777778,9.404490653,34,0,12.53333333,14.54975045,30.39996426,2.481629736,420481.0435,1080193.569,3317876,3,6429462,803682.75,1458137.0669999996,3363484,228,9670962,690783.0,1331749.834,3317876,3,0,0,0,0,296,488,0.930611151,1.551018585,0,34,11.76,12.61374911,159.10666669999995,0,0,0,1,0,0,0,0,1,12.25,11.77777778,12.53333333,296,0,0,0,0,0,0,9,106,15,188,29200,227,6,32,0.0,0.0,0,0,0.0,0.0,0,0,BruteForce
244,2,1,14,0,14,0,7.0,9.899494937,0,0,0.0,0.0,57377.049179999995,12295.08197,122.0,46.66904756,155,89,244,244.0,0.0,244,244,0,0.0,0.0,0,0,1,0,0,0,64,20,8196.721311,4098.360656,0,14,7.0,8.082903769,65.33333333,0,1,0,0,1,0,0,0,0,9.333333333,7.0,0.0,64,0,0,0,0,0,0,2,14,1,0,229,0,0,32,0.0,0.0,0,0,0.0,0.0,0,0,BruteForce
254,2,1,14,0,14,0,7.0,9.899494937,0,0,0.0,0.0,55118.110239999995,11811.02362,127.0,38.18376618,154,100,254,254.0,0.0,254,254,0,0.0,0.0,0,0,1,0,0,0,64,20,7874.015748000003,3937.007874,0,14,7.0,8.082903769,65.33333333,0,1,0,0,1,0,0,0,0,9.333333333,7.0,0.0,64,0,0,0,0,0,0,2,14,1,0,229,0,0,32,0.0,0.0,0,0,0.0,0.0,0,0,BruteForce
205,2,1,14,0,14,0,7.0,9.899494937,0,0,0.0,0.0,68292.68293,14634.14634,102.5,23.33452378,119,86,205,205.0,0.0,205,205,0,0.0,0.0,0,0,1,0,0,0,64,20,9756.097561,4878.04878,0,14,7.0,8.082903769,65.33333333,0,1,0,0,1,0,0,0,0,9.333333333,7.0,0.0,64,0,0,0,0,0,0,2,14,1,0,229,0,0,32,0.0,0.0,0,0,0.0,0.0,0,0,BruteForce
10028496,9,15,104,188,23,0,11.55555556,9.193898943,34,0,12.53333333,14.54975045,29.11702812,2.393180393,436021.5652,1138540.203,3692764,3,7069238,883654.75,1637255.887,3735649,49,10000000,716310.7143,1406233.615,3692764,3,0,0,0,0,296,488,0.897442647,1.495737746,0,34,11.68,12.56224502,157.81,0,0,0,1,0,0,0,0,1,12.16666667,11.55555556,12.53333333,296,0,0,0,0,0,0,9,104,15,188,29200,227,6,32,0.0,0.0,0,0,0.0,0.0,0,0,BruteForce
247,2,1,14,0,14,0,7.0,9.899494937,0,0,0.0,0.0,56680.16194,12145.74899,123.5,96.87362902,192,55,247,247.0,0.0,247,247,0,0.0,0.0,0,0,1,0,0,0,64,20,8097.165992,4048.582996,0,14,7.0,8.082903769,65.33333333,0,1,0,0,1,0,0,0,0,9.333333333,7.0,0.0,64,0,0,0,0,0,0,2,14,1,0,229,0,0,32,0.0,0.0,0,0,0.0,0.0,0,0,BruteForce
238,2,1,14,0,14,0,7.0,9.899494937,0,0,0.0,0.0,58823.52941,12605.04202,119.0,66.46803743,166,72,238,238.0,0.0,238,238,0,0.0,0.0,0,0,1,0,0,0,64,20,8403.361345000001,4201.6806719999995,0,14,7.0,8.082903769,65.33333333,0,1,0,0,1,0,0,0,0,9.333333333,7.0,0.0,64,0,0,0,0,0,0,2,14,1,0,229,0,0,32,0.0,0.0,0,0,0.0,0.0,0,0,BruteForce
219,2,1,14,0,14,0,7.0,9.899494937,0,0,0.0,0.0,63926.94064,13698.63014,109.5,81.31727984,167,52,219,219.0,0.0,219,219,0,0.0,0.0,0,0,1,0,0,0,64,20,9132.420091,4566.210046,0,14,7.0,8.082903769,65.33333333,0,1,0,0,1,0,0,0,0,9.333333333,7.0,0.0,64,0,0,0,0,0,0,2,14,1,0,229,0,0,32,0.0,0.0,0,0,0.0,0.0,0,0,BruteForce
8308049,9,15,101,188,20,0,11.22222222,8.771798245,34,0,12.53333333,14.54975045,34.78554351,2.8887648589999997,361219.5217,937247.8649,2867967,3,5394120,674265.0,1248691.976,2830140,3,8307920,593422.8571,1156806.762,2867967,3,0,0,0,0,296,488,1.083286822,1.805478037,0,34,11.56,12.46354685,155.34,0,0,0,1,0,0,0,0,1,12.04166667,11.22222222,12.53333333,296,0,0,0,0,0,0,9,101,15,188,29200,227,6,32,0.0,0.0,0,0,0.0,0.0,0,0,BruteForce
278,2,1,14,0,14,0,7.0,9.899494937,0,0,0.0,0.0,50359.712230000005,10791.36691,139.0,77.78174593,194,84,278,278.0,0.0,278,278,0,0.0,0.0,0,0,1,0,0,0,64,20,7194.244604,3597.122302,0,14,7.0,8.082903769,65.33333333,0,1,0,0,1,0,0,0,0,9.333333333,7.0,0.0,64,0,0,0,0,0,0,2,14,1,0,229,0,0,32,0.0,0.0,0,0,0.0,0.0,0,0,BruteForce
9458748,9,15,113,188,24,0,12.55555556,10.3091114,34,0,12.53333333,14.54975045,31.82239341,2.537333694,411249.91299999994,1080622.957,3711653,3,6406100,800762.5,1508722.8469999996,3755873,257,9458630,675616.4286,1335609.264,3711653,3,0,0,0,0,296,488,0.951500135,1.585833559,0,34,12.04,12.85327455,165.2066667,0,0,0,1,0,0,0,0,1,12.54166667,12.55555556,12.53333333,296,0,0,0,0,0,0,9,113,15,188,29200,227,6,32,0.0,0.0,0,0,0.0,0.0,0,0,BruteForce
1,2,0,14,0,14,0,7.0,9.899494937,0,0,0.0,0.0,14000000.0,2000000.0,1.0,0.0,1,1,1,1.0,0.0,1,1,0,0.0,0.0,0,0,1,0,0,0,64,0,2000000.0,0.0,0,14,9.333333333,8.082903769,65.33333333,0,1,0,0,1,0,0,0,0,14.0,7.0,0.0,64,0,0,0,0,0,0,2,14,0,0,229,-1,0,32,0.0,0.0,0,0,0.0,0.0,0,0,BruteForce
265,2,1,14,0,14,0,7.0,9.899494937,0,0,0.0,0.0,52830.18868,11320.75472,132.5,26.1629509,151,114,265,265.0,0.0,265,265,0,0.0,0.0,0,0,1,0,0,0,64,20,7547.169811,3773.584906,0,14,7.0,8.082903769,65.33333333,0,1,0,0,1,0,0,0,0,9.333333333,7.0,0.0,64,0,0,0,0,0,0,2,14,1,0,229,0,0,32,0.0,0.0,0,0,0.0,0.0,0,0,BruteForce
8705209,9,15,112,188,24,0,12.44444444,10.18713786,34,0,12.53333333,14.54975045,34.46212492,2.756969993,378487.3478,985657.799,3142898,3,5768419,721052.375,1343201.454,3185342,3,8705139,621795.6429,1217045.887,3142898,3,0,0,0,0,296,488,1.033863748,1.723106246,0,34,12.0,12.81925635,164.33333330000005,0,0,0,1,0,0,0,0,1,12.5,12.44444444,12.53333333,296,0,0,0,0,0,0,9,112,15,188,29200,227,6,32,0.0,0.0,0,0,0.0,0.0,0,0,BruteForce
1,2,0,14,0,14,0,7.0,9.899494937,0,0,0.0,0.0,14000000.0,2000000.0,1.0,0.0,1,1,1,1.0,0.0,1,1,0,0.0,0.0,0,0,1,0,0,0,64,0,2000000.0,0.0,0,14,9.333333333,8.082903769,65.33333333,0,1,0,0,1,0,0,0,0,14.0,7.0,0.0,64,0,0,0,0,0,0,2,14,0,0,229,-1,0,32,0.0,0.0,0,0,0.0,0.0,0,0,BruteForce
3,2,0,14,0,14,0,7.0,9.899494937,0,0,0.0,0.0,4666666.666999999,666666.6667,3.0,0.0,3,3,3,3.0,0.0,3,3,0,0.0,0.0,0,0,1,0,0,0,64,0,666666.6667,0.0,0,14,9.333333333,8.082903769,65.33333333,0,1,0,0,1,0,0,0,0,14.0,7.0,0.0,64,0,0,0,0,0,0,2,14,0,0,229,-1,0,32,0.0,0.0,0,0,0.0,0.0,0,0,BruteForce
214,2,1,14,0,14,0,7.0,9.899494937,0,0,0.0,0.0,65420.56075,14018.69159,107.0,73.53910524,159,55,214,214.0,0.0,214,214,0,0.0,0.0,0,0,1,0,0,0,64,20,9345.794393,4672.897196,0,14,7.0,8.082903769,65.33333333,0,1,0,0,1,0,0,0,0,9.333333333,7.0,0.0,64,0,0,0,0,0,0,2,14,1,0,229,0,0,32,0.0,0.0,0,0,0.0,0.0,0,0,BruteForce
8956317,9,15,111,188,24,0,12.33333333,10.04987562,34,0,12.53333333,14.54975045,33.38425828,2.679672906,389405.08700000006,1021720.803,3416805,3,5497585,687198.125,1279913.861,3047331,217,8956197,639728.3571,1262608.728,3416805,3,0,0,0,0,296,488,1.00487734,1.674795566,0,34,11.96,12.78175783,163.3733333,0,0,0,1,0,0,0,0,1,12.45833333,12.33333333,12.53333333,296,0,0,0,0,0,0,9,111,15,188,29200,227,6,32,0.0,0.0,0,0,0.0,0.0,0,0,BruteForce
9000441,9,15,113,188,24,0,12.55555556,10.3091114,34,0,12.53333333,14.54975045,33.44280575,2.666536006,391323.5217,1028191.473,3475478,3,5482869,685358.625,1276758.497,3032880,3,9000320,642880.0,1270796.863,3475478,3,0,0,0,0,296,488,0.999951002,1.666585004,0,34,12.04,12.85327455,165.2066667,0,0,0,1,0,0,0,0,1,12.54166667,12.55555556,12.53333333,296,0,0,0,0,0,0,9,113,15,188,29200,227,6,32,0.0,0.0,0,0,0.0,0.0,0,0,BruteForce
48,2,0,14,0,14,0,7.0,9.899494937,0,0,0.0,0.0,291666.6667,41666.66667,48.0,0.0,48,48,48,48.0,0.0,48,48,0,0.0,0.0,0,0,1,0,0,0,64,0,41666.66667,0.0,0,14,9.333333333,8.082903769,65.33333333,0,1,0,0,1,0,0,0,0,14.0,7.0,0.0,64,0,0,0,0,0,0,2,14,0,0,229,-1,0,32,0.0,0.0,0,0,0.0,0.0,0,0,BruteForce
43,2,0,14,0,14,0,7.0,9.899494937,0,0,0.0,0.0,325581.3953,46511.62791,43.0,0.0,43,43,43,43.0,0.0,43,43,0,0.0,0.0,0,0,1,0,0,0,64,0,46511.62791,0.0,0,14,9.333333333,8.082903769,65.33333333,0,1,0,0,1,0,0,0,0,14.0,7.0,0.0,64,0,0,0,0,0,0,2,14,0,0,229,-1,0,32,0.0,0.0,0,0,0.0,0.0,0,0,BruteForce
10388034,9,15,112,188,24,0,12.44444444,10.17486009,34,0,12.53333333,14.54975045,28.879381800000004,2.310350544,451653.6522,1175770.548,3592144,3,6869467,858683.375,1590717.7759999996,3635074,222,10400000,741994.0,1451730.753,3592144,3,0,0,0,0,296,488,0.8663814540000001,1.44396909,0,34,12.0,12.81600562,164.25,0,0,0,1,0,0,0,0,1,12.5,12.44444444,12.53333333,296,0,0,0,0,0,0,9,112,15,188,29200,227,6,32,0.0,0.0,0,0,0.0,0.0,0,0,BruteForce
216,2,1,14,0,14,0,7.0,9.899494937,0,0,0.0,0.0,64814.81481,13888.88889,108.0,32.52691193,131,85,216,216.0,0.0,216,216,0,0.0,0.0,0,0,1,0,0,0,64,20,9259.259259,4629.6296299999985,0,14,7.0,8.082903769,65.33333333,0,1,0,0,1,0,0,0,0,9.333333333,7.0,0.0,64,0,0,0,0,0,0,2,14,1,0,229,0,0,32,0.0,0.0,0,0,0.0,0.0,0,0,BruteForce
9192171,9,15,107,188,23,0,11.88888889,9.545214042,34,0,12.53333333,14.54975045,32.09252743,2.610917486,399659.6087,1046269.761,3495843,4,6164979,770622.375,1446059.053,3540373,220,9192075,656576.7857,1292628.857,3495843,4,0,0,0,0,296,488,0.979094057,1.631823429,0,34,11.8,12.64911064,160.0,0,0,0,1,0,0,0,0,1,12.29166667,11.88888889,12.53333333,296,0,0,0,0,0,0,9,107,15,188,29200,227,6,32,0.0,0.0,0,0,0.0,0.0,0,0,BruteForce
9977368,9,15,112,188,24,0,12.44444444,10.18713786,34,0,12.53333333,14.54975045,30.06805001,2.405444001,433798.6087,1127921.379,3435268,4,6749964,843745.5,1561093.736,3478338,209,9977246,712660.4286,1392465.254,3435268,4,0,0,0,0,296,488,0.9020415,1.5034025009999998,0,34,12.0,12.81925635,164.33333330000005,0,0,0,1,0,0,0,0,1,12.5,12.44444444,12.53333333,296,0,0,0,0,0,0,9,112,15,188,29200,227,6,32,0.0,0.0,0,0,0.0,0.0,0,0,BruteForce
9138949,9,15,113,188,24,0,12.55555556,10.3091114,34,0,12.53333333,14.54975045,32.93595358,2.626122544,397345.6087,1038503.684,3508588,3,6385391,798173.875,1486582.38,3550633,48,9138876,652776.8571,1282803.931,3508588,3,0,0,0,0,296,488,0.984795954,1.64132659,0,34,12.04,12.85327455,165.2066667,0,0,0,1,0,0,0,0,1,12.54166667,12.55555556,12.53333333,296,0,0,0,0,0,0,9,113,15,188,29200,227,6,32,0.0,0.0,0,0,0.0,0.0,0,0,BruteForce
9140559,9,15,110,188,24,0,12.22222222,9.921917377,34,0,12.53333333,14.54975045,32.601944800000005,2.625659984,397415.6087,1039147.005,3512554,3,6389863,798732.875,1487627.146,3554890,61,9140425,652887.5,1283663.023,3512554,3,0,0,0,0,296,488,0.984622494,1.64103749,0,34,11.92,12.74728729,162.49333330000005,0,0,0,1,0,0,0,0,1,12.41666667,12.22222222,12.53333333,296,0,0,0,0,0,0,9,110,15,188,29200,227,6,32,0.0,0.0,0,0,0.0,0.0,0,0,BruteForce
227,2,1,14,0,14,0,7.0,9.899494937,0,0,0.0,0.0,61674.00881,13215.85903,113.5,81.31727984,171,56,227,227.0,0.0,227,227,0,0.0,0.0,0,0,1,0,0,0,64,20,8810.572687,4405.286344,0,14,7.0,8.082903769,65.33333333,0,1,0,0,1,0,0,0,0,9.333333333,7.0,0.0,64,0,0,0,0,0,0,2,14,1,0,229,0,0,32,0.0,0.0,0,0,0.0,0.0,0,0,BruteForce
10442936,9,15,111,188,24,0,12.33333333,10.04987562,34,0,12.53333333,14.54975045,28.63179474,2.29820426,454040.6957,1183077.042,3612972,3,6904702,863087.75,1600096.993,3655310,48,10400000,745912.9286,1460901.254,3612972,3,0,0,0,0,296,488,0.8618265970000001,1.436377662,0,34,11.96,12.78175783,163.3733333,0,0,0,1,0,0,0,0,1,12.45833333,12.33333333,12.53333333,296,0,0,0,0,0,0,9,111,15,188,29200,227,6,32,0.0,0.0,0,0,0.0,0.0,0,0,BruteForce
9347796,9,15,116,188,34,0,12.88888889,11.49395977,34,0,12.53333333,14.54975045,32.5210349,2.567450124,406425.91299999994,1057742.826,3355871,3,6401070,800133.75,1483712.762,3399509,232,9347689,667692.0714,1305962.443,3355871,3,0,0,0,0,296,488,0.962793797,1.604656328,0,34,12.16,13.18989512,173.9733333,0,0,0,1,0,0,0,0,1,12.66666667,12.88888889,12.53333333,296,0,0,0,0,0,0,9,116,15,188,29200,227,6,32,0.0,0.0,0,0,0.0,0.0,0,0,BruteForce
4,2,0,14,0,14,0,7.0,9.899494937,0,0,0.0,0.0,3500000.0,500000.0,4.0,0.0,4,4,4,4.0,0.0,4,4,0,0.0,0.0,0,0,1,0,0,0,64,0,500000.0,0.0,0,14,9.333333333,8.082903769,65.33333333,0,1,0,0,1,0,0,0,0,14.0,7.0,0.0,64,0,0,0,0,0,0,2,14,0,0,229,-1,0,32,0.0,0.0,0,0,0.0,0.0,0,0,BruteForce
9915233,9,15,103,188,22,0,11.44444444,9.070709883,34,0,12.53333333,14.54975045,29.34878081,2.420518005,431097.08700000006,1126065.876,3674049,4,6199560,774945.0,1434430.763,3224352,4,9915140,708224.2857,1390876.171,3674049,10,0,0,0,0,296,488,0.907694252,1.5128237530000002,0,34,11.64,12.53289006,157.0733333,0,0,0,1,0,0,0,0,1,12.125,11.44444444,12.53333333,296,0,0,0,0,0,0,9,103,15,188,29200,227,6,32,0.0,0.0,0,0,0.0,0.0,0,0,BruteForce
9081066,9,15,104,188,23,0,11.55555556,9.193898943,34,0,12.53333333,14.54975045,32.154815299999996,2.642861532,394828.9565,1028906.397,3312561,3,6310588,788823.5,1462967.769,3356835,3,9080978,648641.2857,1270541.45,3312561,3,0,0,0,0,296,488,0.991073074,1.651788457,0,34,11.68,12.56224502,157.81,0,0,0,1,0,0,0,0,1,12.16666667,11.55555556,12.53333333,296,0,0,0,0,0,0,9,104,15,188,29200,227,6,32,0.0,0.0,0,0,0.0,0.0,0,0,BruteForce
9352709,9,15,100,188,23,0,11.11111111,8.823894328,34,0,12.53333333,14.54975045,30.79321724,2.566101436,406639.5217,1027509.734,3326362,3,6582214,822776.75,1450193.215,3368753,3,9352653,668046.6429,1264387.365,3326362,3,0,0,0,0,296,488,0.962288039,1.6038133980000002,0,34,11.52,12.47704559,155.6766667,0,0,0,1,0,0,0,0,1,12.0,11.11111111,12.53333333,296,0,0,0,0,0,0,9,100,15,188,29200,227,6,32,0.0,0.0,0,0,0.0,0.0,0,0,BruteForce
220,2,1,14,0,14,0,7.0,9.899494937,0,0,0.0,0.0,63636.36364,13636.36364,110.0,32.52691193,133,87,220,220.0,0.0,220,220,0,0.0,0.0,0,0,1,0,0,0,64,20,9090.909091,4545.454545000001,0,14,7.0,8.082903769,65.33333333,0,1,0,0,1,0,0,0,0,9.333333333,7.0,0.0,64,0,0,0,0,0,0,2,14,1,0,229,0,0,32,0.0,0.0,0,0,0.0,0.0,0,0,BruteForce
8928820,9,15,98,188,20,0,10.88888889,8.491826135,34,0,12.53333333,14.54975045,32.03110825,2.687925168,388209.5652,1016119.89,3372424,1,6433901,804237.625,1491395.117,3419557,3,8928733,637766.6429,1255356.0,3372424,1,0,0,0,0,296,488,1.007971938,1.67995323,0,34,11.44,12.40322539,153.84,0,0,0,1,0,0,0,0,1,11.91666667,10.88888889,12.53333333,296,0,0,0,0,0,0,9,98,15,188,29200,227,6,32,0.0,0.0,0,0,0.0,0.0,0,0,BruteForce
9362548,9,15,108,188,24,0,12.0,9.695359715,34,0,12.53333333,14.54975045,31.61532523,2.563404748,407067.3043,1059531.704,3375953,3,5944516,743064.5,1373509.116,3007899,246,9362433,668745.2143,1308187.877,3375953,3,0,0,0,0,296,488,0.961276781,1.602127968,0,34,11.84,12.68752668,160.9733333,0,0,0,1,0,0,0,0,1,12.33333333,12.0,12.53333333,296,0,0,0,0,0,0,9,108,15,188,29200,227,6,32,0.0,0.0,0,0,0.0,0.0,0,0,BruteForce
223,2,1,14,0,14,0,7.0,9.899494937,0,0,0.0,0.0,62780.269060000006,13452.9148,111.5,41.71930009,141,82,223,223.0,0.0,223,223,0,0.0,0.0,0,0,1,0,0,0,64,20,8968.609865,4484.3049329999985,0,14,7.0,8.082903769,65.33333333,0,1,0,0,1,0,0,0,0,9.333333333,7.0,0.0,64,0,0,0,0,0,0,2,14,1,0,229,0,0,32,0.0,0.0,0,0,0.0,0.0,0,0,BruteForce
8991281,9,15,105,188,23,0,11.66666667,9.300537619,34,0,12.53333333,14.54975045,32.58712524,2.669252579,390925.2609,1023170.846,3396602,3,6476780,809597.5,1500367.9640000004,3439060,3,8991155,642225.3571,1264061.914,3396602,3,0,0,0,0,296,488,1.000969717,1.668282862,0,34,11.72,12.58808961,158.46,0,0,0,1,0,0,0,0,1,12.20833333,11.66666667,12.53333333,296,0,0,0,0,0,0,9,105,15,188,29200,227,6,32,0.0,0.0,0,0,0.0,0.0,0,0,BruteForce
218,2,1,14,0,14,0,7.0,9.899494937,0,0,0.0,0.0,64220.18349,13761.46789,109.0,74.95331881,162,56,218,218.0,0.0,218,218,0,0.0,0.0,0,0,1,0,0,0,64,20,9174.311927,4587.155963,0,14,7.0,8.082903769,65.33333333,0,1,0,0,1,0,0,0,0,9.333333333,7.0,0.0,64,0,0,0,0,0,0,2,14,1,0,229,0,0,32,0.0,0.0,0,0,0.0,0.0,0,0,BruteForce
247,2,1,14,0,14,0,7.0,9.899494937,0,0,0.0,0.0,56680.16194,12145.74899,123.5,79.90306627,180,67,247,247.0,0.0,247,247,0,0.0,0.0,0,0,1,0,0,0,64,20,8097.165992,4048.582996,0,14,7.0,8.082903769,65.33333333,0,1,0,0,1,0,0,0,0,9.333333333,7.0,0.0,64,0,0,0,0,0,0,2,14,1,0,229,0,0,32,0.0,0.0,0,0,0.0,0.0,0,0,BruteForce
3,2,0,14,0,14,0,7.0,9.899494937,0,0,0.0,0.0,4666666.666999999,666666.6667,3.0,0.0,3,3,3,3.0,0.0,3,3,0,0.0,0.0,0,0,1,0,0,0,64,0,666666.6667,0.0,0,14,9.333333333,8.082903769,65.33333333,0,1,0,0,1,0,0,0,0,14.0,7.0,0.0,64,0,0,0,0,0,0,2,14,0,0,229,-1,0,32,0.0,0.0,0,0,0.0,0.0,0,0,BruteForce
220,2,1,14,0,14,0,7.0,9.899494937,0,0,0.0,0.0,63636.36364,13636.36364,110.0,67.88225099,158,62,220,220.0,0.0,220,220,0,0.0,0.0,0,0,1,0,0,0,64,20,9090.909091,4545.454545000001,0,14,7.0,8.082903769,65.33333333,0,1,0,0,1,0,0,0,0,9.333333333,7.0,0.0,64,0,0,0,0,0,0,2,14,1,0,229,0,0,32,0.0,0.0,0,0,0.0,0.0,0,0,BruteForce
9566060,9,15,121,188,34,0,13.44444444,11.88603289,34,0,12.53333333,14.54975045,32.30169997,2.5088699,415915.6522,1074151.515,3423958,3,6099927,762490.875,1389666.561,3051008,3,9565973,683283.7857,1325092.179,3423958,3,0,0,0,0,296,488,0.940826213,1.5680436880000002,0,34,12.36,13.3194094,177.4066667,0,0,0,1,0,0,0,0,1,12.875,13.44444444,12.53333333,296,0,0,0,0,0,0,9,121,15,188,29200,227,6,32,0.0,0.0,0,0,0.0,0.0,0,0,BruteForce
8446981,9,15,119,188,31,0,13.22222222,11.37736544,34,0,12.53333333,14.54975045,36.34434599,2.841251803,367260.0435,958793.2764,3109227,3,5556884,694610.5,1300178.187,3154858,3,8446885,603348.9286,1184199.476,3109227,3,0,0,0,0,296,488,1.065469426,1.775782377,0,34,12.28,13.16409258,173.2933333,0,0,0,1,0,0,0,0,1,12.79166667,13.22222222,12.53333333,296,0,0,0,0,0,0,9,119,15,188,29200,227,6,32,0.0,0.0,0,0,0.0,0.0,0,0,BruteForce
8671060,9,15,94,188,20,0,10.44444444,8.048464312,34,0,12.53333333,14.54975045,32.521975399999995,2.767827693,377002.6087,959165.82,3116551,9,5765187,720648.375,1289133.584,3158330,48,8671007,619357.6429,1181231.815,3116551,47,0,0,0,0,296,488,1.037935385,1.7298923080000002,0,34,11.28,12.31367803,151.6266667,0,0,0,1,0,0,0,0,1,11.75,10.44444444,12.53333333,296,0,0,0,0,0,0,9,94,15,188,29200,227,6,32,0.0,0.0,0,0,0.0,0.0,0,0,BruteForce
308,2,1,14,0,14,0,7.0,9.899494937,0,0,0.0,0.0,45454.54545,9740.25974,154.0,93.33809512,220,88,308,308.0,0.0,308,308,0,0.0,0.0,0,0,1,0,0,0,64,20,6493.506494,3246.753247,0,14,7.0,8.082903769,65.33333333,0,1,0,0,1,0,0,0,0,9.333333333,7.0,0.0,64,0,0,0,0,0,0,2,14,1,0,229,0,0,32,0.0,0.0,0,0,0.0,0.0,0,0,BruteForce
9363247,9,15,107,188,24,0,11.88888889,9.649409884,34,0,12.53333333,14.54975045,31.50616447,2.5632133809999997,407097.6957,1060115.395,3376724,3,5945105,743138.125,1374376.415,3009612,3,9363126,668794.7143,1308977.882,3376724,3,0,0,0,0,296,488,0.961205018,1.6020083630000002,0,34,11.8,12.67543556,160.66666669999995,0,0,0,1,0,0,0,0,1,12.29166667,11.88888889,12.53333333,296,0,0,0,0,0,0,9,107,15,188,29200,227,6,32,0.0,0.0,0,0,0.0,0.0,0,0,BruteForce
8628897,9,15,110,188,25,0,12.22222222,10.03466215,34,0,12.53333333,14.54975045,34.53512077,2.7813520080000003,375169.4348,982780.9449,3276326,3,6233125,779140.625,1445002.17,3318862,3,8628806,616343.2857,1214274.904,3276326,3,0,0,0,0,296,488,1.043007003,1.738345005,0,34,11.92,12.77667145,163.24333330000005,0,0,0,1,0,0,0,0,1,12.41666667,12.22222222,12.53333333,296,0,0,0,0,0,0,9,110,15,188,29200,227,6,32,0.0,0.0,0,0,0.0,0.0,0,0,BruteForce
4,2,0,14,0,14,0,7.0,9.899494937,0,0,0.0,0.0,3500000.0,500000.0,4.0,0.0,4,4,4,4.0,0.0,4,4,0,0.0,0.0,0,0,1,0,0,0,64,0,500000.0,0.0,0,14,9.333333333,8.082903769,65.33333333,0,1,0,0,1,0,0,0,0,14.0,7.0,0.0,64,0,0,0,0,0,0,2,14,0,0,229,-1,0,32,0.0,0.0,0,0,0.0,0.0,0,0,BruteForce
10059150,9,15,107,188,25,0,11.88888889,9.675283516,34,0,12.53333333,14.54975045,29.32653355,2.3858874759999997,437354.3478,1107136.168,3400629,3,6737836,842229.5,1488651.158,3447012,18,10100000,718502.3571,1362661.737,3400629,3,0,0,0,0,296,488,0.894707803,1.491179672,0,34,11.8,12.68200825,160.83333330000005,0,0,0,1,0,0,0,0,1,12.29166667,11.88888889,12.53333333,296,0,0,0,0,0,0,9,107,15,188,29200,227,6,32,0.0,0.0,0,0,0.0,0.0,0,0,BruteForce
9722542,9,15,105,188,23,0,11.66666667,9.313968005,34,0,12.53333333,14.54975045,30.13615164,2.468490236,422719.2174,1103417.001,3596510,3,6540041,817505.125,1522739.615,3638627,222,9722365,694454.6429,1362801.174,3596510,3,0,0,0,0,296,488,0.925683839,1.5428063980000002,0,34,11.72,12.59139918,158.5433333,0,0,0,1,0,0,0,0,1,12.20833333,11.66666667,12.53333333,296,0,0,0,0,0,0,9,105,15,188,29200,227,6,32,0.0,0.0,0,0,0.0,0.0,0,0,BruteForce
9725732,9,15,94,188,18,0,10.44444444,7.986099033999999,34,0,12.53333333,14.54975045,28.99524684,2.467680582,422857.91299999994,1104124.644,3603291,1,6542654,817831.75,1525859.696,3646666,4,9725589,694684.9286,1363720.522,3603291,1,0,0,0,0,296,488,0.925380218,1.542300364,0,34,11.28,12.3001355,151.2933333,0,0,0,1,0,0,0,0,1,11.75,10.44444444,12.53333333,296,0,0,0,0,0,0,9,94,15,188,29200,227,6,32,0.0,0.0,0,0,0.0,0.0,0,0,BruteForce
4,2,0,14,0,14,0,7.0,9.899494937,0,0,0.0,0.0,3500000.0,500000.0,4.0,0.0,4,4,4,4.0,0.0,4,4,0,0.0,0.0,0,0,1,0,0,0,64,0,500000.0,0.0,0,14,9.333333333,8.082903769,65.33333333,0,1,0,0,1,0,0,0,0,14.0,7.0,0.0,64,0,0,0,0,0,0,2,14,0,0,229,-1,0,32,0.0,0.0,0,0,0.0,0.0,0,0,BruteForce
10209152,9,15,107,188,25,0,11.88888889,9.636447017,34,0,12.53333333,14.54975045,28.89564187,2.350831881,443876.1739,1117896.076,3624988,3,6901154,862644.25,1510812.755,3669663,39,10200000,729215.7143,1375073.345,3624988,3,0,0,0,0,296,488,0.881561955,1.469269926,0,34,11.8,12.67214794,160.58333330000005,0,0,0,1,0,0,0,0,1,12.29166667,11.88888889,12.53333333,296,0,0,0,0,0,0,9,107,15,188,29200,227,6,32,0.0,0.0,0,0,0.0,0.0,0,0,BruteForce
10186502,9,15,119,188,35,0,13.22222222,11.88252685,34,0,12.53333333,14.54975045,30.13792173,2.356059028,442891.3913,1115858.683,3616644,3,6874398,859299.75,1505238.14,3658931,49,10200000,727603.0,1372631.3909999998,3616644,3,0,0,0,0,296,488,0.883522135,1.472536892,0,35,12.28,13.31202464,177.21,0,0,0,1,0,0,0,0,1,12.79166667,13.22222222,12.53333333,296,0,0,0,0,0,0,9,119,15,188,29200,227,6,32,0.0,0.0,0,0,0.0,0.0,0,0,BruteForce
208,2,1,14,0,14,0,7.0,9.899494937,0,0,0.0,0.0,67307.69231,14423.07692,104.0,50.91168825,140,68,208,208.0,0.0,208,208,0,0.0,0.0,0,0,1,0,0,0,64,20,9615.384615,4807.692308,0,14,7.0,8.082903769,65.33333333,0,1,0,0,1,0,0,0,0,9.333333333,7.0,0.0,64,0,0,0,0,0,0,2,14,1,0,229,0,0,32,0.0,0.0,0,0,0.0,0.0,0,0,BruteForce
246,2,1,14,0,14,0,7.0,9.899494937,0,0,0.0,0.0,56910.56911,12195.12195,123.0,148.492424,228,18,246,246.0,0.0,246,246,0,0.0,0.0,0,0,1,0,0,0,64,20,8130.081301,4065.04065,0,14,7.0,8.082903769,65.33333333,0,1,0,0,1,0,0,0,0,9.333333333,7.0,0.0,64,0,0,0,0,0,0,2,14,1,0,229,0,0,32,0.0,0.0,0,0,0.0,0.0,0,0,BruteForce
9639446,9,15,101,188,23,0,11.22222222,8.941165721,34,0,12.53333333,14.54975045,29.98097609,2.48976964,419106.3478,1049640.668,3344730,3,6716577,839572.125,1457769.231,3386729,24,9639385,688527.5,1290255.466,3344730,3,0,0,0,0,296,488,0.933663615,1.556106025,0,34,11.56,12.50359948,156.34,0,0,0,1,0,0,0,0,1,12.04166667,11.22222222,12.53333333,296,0,0,0,0,0,0,9,101,15,188,29200,227,6,32,0.0,0.0,0,0,0.0,0.0,0,0,BruteForce
233,2,1,14,0,14,0,7.0,9.899494937,0,0,0.0,0.0,60085.836910000005,12875.53648,116.5,54.44722215,155,78,233,233.0,0.0,233,233,0,0.0,0.0,0,0,1,0,0,0,64,20,8583.690987,4291.845494,0,14,7.0,8.082903769,65.33333333,0,1,0,0,1,0,0,0,0,9.333333333,7.0,0.0,64,0,0,0,0,0,0,2,14,1,0,229,0,0,32,0.0,0.0,0,0,0.0,0.0,0,0,BruteForce
9406060,9,15,104,188,23,0,11.55555556,9.221050796,34,0,12.53333333,14.54975045,31.04381643,2.551546556,408959.1304,1061423.592,3315789,3,6047764,755970.5,1392190.996,3143570,4,9405958,671854.1429,1310110.958,3315789,3,0,0,0,0,296,488,0.956829959,1.5947165980000002,0,34,11.68,12.56887691,157.97666669999995,0,0,0,1,0,0,0,0,1,12.16666667,11.55555556,12.53333333,296,0,0,0,0,0,0,9,104,15,188,29200,227,6,32,0.0,0.0,0,0,0.0,0.0,0,0,BruteForce
9183258,9,15,97,188,21,0,10.77777778,8.393118875,34,0,12.53333333,14.54975045,31.03473734,2.6134515659999997,399272.08700000006,1000493.245,3380842,3,6284479,785559.875,1368197.063,3424181,177,9183139,655938.5,1229924.614,3380842,3,0,0,0,0,296,488,0.980044337,1.633407229,0,34,11.4,12.38278375,153.33333330000005,0,0,0,1,0,0,0,0,1,11.875,10.77777778,12.53333333,296,0,0,0,0,0,0,9,97,15,188,29200,227,6,32,0.0,0.0,0,0,0.0,0.0,0,0,BruteForce
9006938,9,15,98,188,21,0,10.88888889,8.506533437,34,0,12.53333333,14.54975045,31.75329951,2.664612546,391606.0,1025894.13,3335232,3,6550969,818871.125,1514925.4430000002,3379368,223,9006877,643348.3571,1267549.424,3335232,3,0,0,0,0,296,488,0.999229705,1.665382842,0,34,11.44,12.40658427,153.9233333,0,0,0,1,0,0,0,0,1,11.91666667,10.88888889,12.53333333,296,0,0,0,0,0,0,9,98,15,188,29200,227,6,32,0.0,0.0,0,0,0.0,0.0,0,0,BruteForce
273,2,1,14,0,14,0,7.0,9.899494937,0,0,0.0,0.0,51282.05128,10989.01099,136.5,99.70205615,207,66,273,273.0,0.0,273,273,0,0.0,0.0,0,0,1,0,0,0,64,20,7326.007326000001,3663.003663,0,14,7.0,8.082903769,65.33333333,0,1,0,0,1,0,0,0,0,9.333333333,7.0,0.0,64,0,0,0,0,0,0,2,14,1,0,229,0,0,32,0.0,0.0,0,0,0.0,0.0,0,0,BruteForce
214,2,1,14,0,14,0,7.0,9.899494937,0,0,0.0,0.0,65420.56075,14018.69159,107.0,35.35533906,132,82,214,214.0,0.0,214,214,0,0.0,0.0,0,0,1,0,0,0,64,20,9345.794393,4672.897196,0,14,7.0,8.082903769,65.33333333,0,1,0,0,1,0,0,0,0,9.333333333,7.0,0.0,64,0,0,0,0,0,0,2,14,1,0,229,0,0,32,0.0,0.0,0,0,0.0,0.0,0,0,BruteForce
3,2,0,14,0,14,0,7.0,9.899494937,0,0,0.0,0.0,4666666.666999999,666666.6667,3.0,0.0,3,3,3,3.0,0.0,3,3,0,0.0,0.0,0,0,1,0,0,0,64,0,666666.6667,0.0,0,14,9.333333333,8.082903769,65.33333333,0,1,0,0,1,0,0,0,0,14.0,7.0,0.0,64,0,0,0,0,0,0,2,14,0,0,229,-1,0,32,0.0,0.0,0,0,0.0,0.0,0,0,BruteForce
9215146,9,15,101,188,22,0,11.22222222,8.828615092,34,0,12.53333333,14.54975045,31.36141305,2.604408004,400658.5217,1016365.785,3230883,4,6152391,769048.875,1367004.876,3275108,4,9215080,658220.0,1251247.531,3230883,4,0,0,0,0,296,488,0.976653001,1.6277550019999998,0,34,11.56,12.47691201,155.6733333,0,0,0,1,0,0,0,0,1,12.04166667,11.22222222,12.53333333,296,0,0,0,0,0,0,9,101,15,188,29200,227,6,32,0.0,0.0,0,0,0.0,0.0,0,0,BruteForce
3,2,0,14,0,14,0,7.0,9.899494937,0,0,0.0,0.0,4666666.666999999,666666.6667,3.0,0.0,3,3,3,3.0,0.0,3,3,0,0.0,0.0,0,0,1,0,0,0,64,0,666666.6667,0.0,0,14,9.333333333,8.082903769,65.33333333,0,1,0,0,1,0,0,0,0,14.0,7.0,0.0,64,0,0,0,0,0,0,2,14,0,0,229,-1,0,32,0.0,0.0,0,0,0.0,0.0,0,0,BruteForce
200,2,1,14,0,14,0,7.0,9.899494937,0,0,0.0,0.0,70000.0,15000.0,100.0,39.59797975,128,72,200,200.0,0.0,200,200,0,0.0,0.0,0,0,1,0,0,0,64,20,10000.0,5000.0,0,14,7.0,8.082903769,65.33333333,0,1,0,0,1,0,0,0,0,9.333333333,7.0,0.0,64,0,0,0,0,0,0,2,14,1,0,229,0,0,32,0.0,0.0,0,0,0.0,0.0,0,0,BruteForce
9255529,9,15,103,188,22,0,11.44444444,9.043106644,34,0,12.53333333,14.54975045,31.44066644,2.593044655,402414.3043,1051306.945,3317606,4,6604511,825563.875,1527124.647,3359456,4,9255440,661102.8571,1298559.237,3317606,48,0,0,0,0,296,488,0.972391746,1.620652909,0,34,11.64,12.52623913,156.9066667,0,0,0,1,0,0,0,0,1,12.125,11.44444444,12.53333333,296,0,0,0,0,0,0,9,103,15,188,29200,227,6,32,0.0,0.0,0,0,0.0,0.0,0,0,BruteForce
231,2,1,14,0,14,0,7.0,9.899494937,0,0,0.0,0.0,60606.06061,12987.01299,115.5,99.70205615,186,45,231,231.0,0.0,231,231,0,0.0,0.0,0,0,1,0,0,0,64,20,8658.008658,4329.004329,0,14,7.0,8.082903769,65.33333333,0,1,0,0,1,0,0,0,0,9.333333333,7.0,0.0,64,0,0,0,0,0,0,2,14,1,0,229,0,0,32,0.0,0.0,0,0,0.0,0.0,0,0,BruteForce
3,2,0,14,0,14,0,7.0,9.899494937,0,0,0.0,0.0,4666666.666999999,666666.6667,3.0,0.0,3,3,3,3.0,0.0,3,3,0,0.0,0.0,0,0,1,0,0,0,64,0,666666.6667,0.0,0,14,9.333333333,8.082903769,65.33333333,0,1,0,0,1,0,0,0,0,14.0,7.0,0.0,64,0,0,0,0,0,0,2,14,0,0,229,-1,0,32,0.0,0.0,0,0,0.0,0.0,0,0,BruteForce
8546742,9,15,103,188,23,0,11.44444444,9.207484878,34,0,12.53333333,14.54975045,34.04806182,2.8080875730000003,371597.4783,974268.5244,3217635,3,5601332,700166.5,1317968.532,3259691,3,8546627,610473.3571,1203871.552,3217635,3,0,0,0,0,296,488,1.05303284,1.755054733,0,34,11.64,12.56609194,157.9066667,0,0,0,1,0,0,0,0,1,12.125,11.44444444,12.53333333,296,0,0,0,0,0,0,9,103,15,188,29200,227,6,32,0.0,0.0,0,0,0.0,0.0,0,0,BruteForce
248,2,1,14,0,14,0,7.0,9.899494937,0,0,0.0,0.0,56451.6129,12096.77419,124.0,41.01219331,153,95,248,248.0,0.0,248,248,0,0.0,0.0,0,0,1,0,0,0,64,20,8064.516129000002,4032.258065,0,14,7.0,8.082903769,65.33333333,0,1,0,0,1,0,0,0,0,9.333333333,7.0,0.0,64,0,0,0,0,0,0,2,14,1,0,229,0,0,32,0.0,0.0,0,0,0.0,0.0,0,0,BruteForce
9397559,9,15,104,188,22,0,11.55555556,9.153020145,34,0,12.53333333,14.54975045,31.07189856,2.553854677,408589.5217,1039772.621,3216857,3,6139478,767434.75,1366071.809,3103231,3,9397470,671247.8571,1280531.149,3216857,4,0,0,0,0,296,488,0.957695504,1.5961591730000002,0,34,11.68,12.55229063,157.56,0,0,0,1,0,0,0,0,1,12.16666667,11.55555556,12.53333333,296,0,0,0,0,0,0,9,104,15,188,29200,227,6,32,0.0,0.0,0,0,0.0,0.0,0,0,BruteForce
8940966,9,15,106,188,23,0,11.77777778,9.444281044,34,0,12.53333333,14.54975045,32.88235298,2.684273713,388737.6522,1012347.099,3256729,3,6156163,769520.375,1427951.506,3300417,316,8940912,638636.5714,1249999.271,3256729,3,0,0,0,0,296,488,1.006602642,1.67767107,0,34,11.76,12.62365504,159.35666669999995,0,0,0,1,0,0,0,0,1,12.25,11.77777778,12.53333333,296,0,0,0,0,0,0,9,106,15,188,29200,227,6,32,0.0,0.0,0,0,0.0,0.0,0,0,BruteForce
3,2,0,14,0,14,0,7.0,9.899494937,0,0,0.0,0.0,4666666.666999999,666666.6667,3.0,0.0,3,3,3,3.0,0.0,3,3,0,0.0,0.0,0,0,1,0,0,0,64,0,666666.6667,0.0,0,14,9.333333333,8.082903769,65.33333333,0,1,0,0,1,0,0,0,0,14.0,7.0,0.0,64,0,0,0,0,0,0,2,14,0,0,229,-1,0,32,0.0,0.0,0,0,0.0,0.0,0,0,BruteForce
3,2,0,14,0,14,0,7.0,9.899494937,0,0,0.0,0.0,4666666.666999999,666666.6667,3.0,0.0,3,3,3,3.0,0.0,3,3,0,0.0,0.0,0,0,1,0,0,0,64,0,666666.6667,0.0,0,14,9.333333333,8.082903769,65.33333333,0,1,0,0,1,0,0,0,0,14.0,7.0,0.0,64,0,0,0,0,0,0,2,14,0,0,229,-1,0,32,0.0,0.0,0,0,0.0,0.0,0,0,BruteForce
8786309,9,15,99,188,21,0,11.0,8.631338251,34,0,12.53333333,14.54975045,32.66445558,2.731522417,382013.4348,968295.3229,3237497,3,6418480,802310.0,1412501.035,3281500,283,8786265,627590.3571,1191959.19,3237497,3,0,0,0,0,296,488,1.024320907,1.7072015109999998,0,34,11.48,12.43355675,154.5933333,0,0,0,1,0,0,0,0,1,11.95833333,11.0,12.53333333,296,0,0,0,0,0,0,9,99,15,188,29200,227,6,32,0.0,0.0,0,0,0.0,0.0,0,0,BruteForce
8770647,9,15,104,188,22,0,11.55555556,9.166666667,34,0,12.53333333,14.54975045,33.29286882,2.7364001769999997,381332.4783,968807.7146,3238363,2,6407048,800881.0,1414354.083,3281102,231,8770575,626469.6429,1192911.887,3238363,2,0,0,0,0,296,488,1.026150066,1.71025011,0,34,11.68,12.55560964,157.64333330000005,0,0,0,1,0,0,0,0,1,12.16666667,11.55555556,12.53333333,296,0,0,0,0,0,0,9,104,15,188,29200,227,6,32,0.0,0.0,0,0,0.0,0.0,0,0,BruteForce
8659046,9,15,99,188,21,0,11.0,8.631338251,34,0,12.53333333,14.54975045,33.14452885,2.771667918,376480.2609,969907.2751,3240567,3,6295896,786987.0,1420897.129,3283448,314,8658934,618495.2857,1196168.167,3240567,3,0,0,0,0,296,488,1.039375469,1.732292449,0,34,11.48,12.43355675,154.5933333,0,0,0,1,0,0,0,0,1,11.95833333,11.0,12.53333333,296,0,0,0,0,0,0,9,99,15,188,29200,227,6,32,0.0,0.0,0,0,0.0,0.0,0,0,BruteForce
9095377,9,15,109,188,25,0,12.11111111,9.854496999,34,0,12.53333333,14.54975045,32.65395156,2.6387031569999997,395451.1739,1028180.721,3174498,1,5877213,734651.625,1360216.631,3063890,19,9095293,649663.7857,1269326.568,3174498,1,0,0,0,0,296,488,0.989513684,1.649189473,0,34,11.88,12.72896958,162.0266667,0,0,0,1,0,0,0,0,1,12.375,12.11111111,12.53333333,296,0,0,0,0,0,0,9,109,15,188,29200,227,6,32,0.0,0.0,0,0,0.0,0.0,0,0,BruteForce
250,2,1,14,0,14,0,7.0,9.899494937,0,0,0.0,0.0,56000.0,12000.0,125.0,72.12489168,176,74,250,250.0,0.0,250,250,0,0.0,0.0,0,0,1,0,0,0,64,20,8000.0,4000.0,0,14,7.0,8.082903769,65.33333333,0,1,0,0,1,0,0,0,0,9.333333333,7.0,0.0,64,0,0,0,0,0,0,2,14,1,0,229,0,0,32,0.0,0.0,0,0,0.0,0.0,0,0,BruteForce
8863522,9,15,106,188,22,0,11.77777778,9.404490653,34,0,12.53333333,14.54975045,33.16965874,2.707727244,385370.5217,999185.9055,3016475,3,6057349,757168.625,1399378.94,3065274,3,8863412,633100.8571,1233152.954,3016475,3,0,0,0,0,296,488,1.015397717,1.692329528,0,34,11.76,12.61374911,159.10666669999995,0,0,0,1,0,0,0,0,1,12.25,11.77777778,12.53333333,296,0,0,0,0,0,0,9,106,15,188,29200,227,6,32,0.0,0.0,0,0,0.0,0.0,0,0,BruteForce
9231339,9,15,106,188,24,0,11.77777778,9.457507306,34,0,12.53333333,14.54975045,31.84803418,2.599839525,401362.5652,1040970.993,3197559,3,6108929,763616.125,1408481.259,3240071,3,9231291,659377.9286,1284764.059,3197559,3,0,0,0,0,296,488,0.974939822,1.624899703,0,34,11.76,12.62695529,159.44,0,0,0,1,0,0,0,0,1,12.25,11.77777778,12.53333333,296,0,0,0,0,0,0,9,106,15,188,29200,227,6,32,0.0,0.0,0,0,0.0,0.0,0,0,BruteForce
207,2,1,14,0,14,0,7.0,9.899494937,0,0,0.0,0.0,67632.85024,14492.75362,103.5,72.83199846,155,52,207,207.0,0.0,207,207,0,0.0,0.0,0,0,1,0,0,0,64,20,9661.835749,4830.917874,0,14,7.0,8.082903769,65.33333333,0,1,0,0,1,0,0,0,0,9.333333333,7.0,0.0,64,0,0,0,0,0,0,2,14,1,0,229,0,0,32,0.0,0.0,0,0,0.0,0.0,0,0,BruteForce
9173719,9,15,103,188,22,0,11.44444444,9.043106644,34,0,12.53333333,14.54975045,31.7210501,2.61616908,398857.3478,1034399.201,3195259,3,5934775,741846.875,1367913.762,3083676,4,9173594,655256.7143,1276645.878,3195259,3,0,0,0,0,296,488,0.981063405,1.635105675,0,34,11.64,12.52623913,156.9066667,0,0,0,1,0,0,0,0,1,12.125,11.44444444,12.53333333,296,0,0,0,0,0,0,9,103,15,188,29200,227,6,32,0.0,0.0,0,0,0.0,0.0,0,0,BruteForce
47,2,0,14,0,14,0,7.0,9.899494937,0,0,0.0,0.0,297872.3404,42553.19149,47.0,0.0,47,47,47,47.0,0.0,47,47,0,0.0,0.0,0,0,1,0,0,0,64,0,42553.19149,0.0,0,14,9.333333333,8.082903769,65.33333333,0,1,0,0,1,0,0,0,0,14.0,7.0,0.0,64,0,0,0,0,0,0,2,14,0,0,229,-1,0,32,0.0,0.0,0,0,0.0,0.0,0,0,BruteForce
42,2,0,14,0,14,0,7.0,9.899494937,0,0,0.0,0.0,333333.3333,47619.04762,42.0,0.0,42,42,42,42.0,0.0,42,42,0,0.0,0.0,0,0,1,0,0,0,64,0,47619.04762,0.0,0,14,9.333333333,8.082903769,65.33333333,0,1,0,0,1,0,0,0,0,14.0,7.0,0.0,64,0,0,0,0,0,0,2,14,0,0,229,-1,0,32,0.0,0.0,0,0,0.0,0.0,0,0,BruteForce
276,2,1,14,0,14,0,7.0,9.899494937,0,0,0.0,0.0,50724.63768,10869.56522,138.0,69.29646456,187,89,276,276.0,0.0,276,276,0,0.0,0.0,0,0,1,0,0,0,64,20,7246.376812,3623.188406,0,14,7.0,8.082903769,65.33333333,0,1,0,0,1,0,0,0,0,9.333333333,7.0,0.0,64,0,0,0,0,0,0,2,14,1,0,229,0,0,32,0.0,0.0,0,0,0.0,0.0,0,0,BruteForce
9134814,9,15,119,188,37,0,13.22222222,12.2553843,34,0,12.53333333,14.54975045,33.60769032,2.627311295,397165.8261,1030931.474,3066762,3,6142263,767782.875,1420109.312,3109865,3,9134760,652482.8571,1272488.301,3066762,3,0,0,0,0,296,488,0.985241736,1.642069559,0,37,12.28,13.42423182,180.21,0,0,0,1,0,0,0,0,1,12.79166667,13.22222222,12.53333333,296,0,0,0,0,0,0,9,119,15,188,29200,227,6,32,0.0,0.0,0,0,0.0,0.0,0,0,BruteForce
9418594,9,15,100,188,21,0,11.11111111,8.681077762000001,34,0,12.53333333,14.54975045,30.57781236,2.54815103,409504.08700000006,1063832.57,3233009,3,6316367,789545.875,1461646.83,3279501,3,9418476,672748.2857,1313220.247,3233009,3,0,0,0,0,296,488,0.955556636,1.592594394,0,34,11.52,12.44360612,154.8433333,0,0,0,1,0,0,0,0,1,12.0,11.11111111,12.53333333,296,0,0,0,0,0,0,9,100,15,188,29200,227,6,32,0.0,0.0,0,0,0.0,0.0,0,0,BruteForce
274,2,1,14,0,14,0,7.0,9.899494937,0,0,0.0,0.0,51094.890510000005,10948.90511,137.0,63.63961031,182,92,274,274.0,0.0,274,274,0,0.0,0.0,0,0,1,0,0,0,64,20,7299.270073000002,3649.635036,0,14,7.0,8.082903769,65.33333333,0,1,0,0,1,0,0,0,0,9.333333333,7.0,0.0,64,0,0,0,0,0,0,2,14,1,0,229,0,0,32,0.0,0.0,0,0,0.0,0.0,0,0,BruteForce
247,2,1,14,0,14,0,7.0,9.899494937,0,0,0.0,0.0,56680.16194,12145.74899,123.5,85.55992052,184,63,247,247.0,0.0,247,247,0,0.0,0.0,0,0,1,0,0,0,64,20,8097.165992,4048.582996,0,14,7.0,8.082903769,65.33333333,0,1,0,0,1,0,0,0,0,9.333333333,7.0,0.0,64,0,0,0,0,0,0,2,14,1,0,229,0,0,32,0.0,0.0,0,0,0.0,0.0,0,0,BruteForce
49,2,0,14,0,14,0,7.0,9.899494937,0,0,0.0,0.0,285714.2857,40816.32653,49.0,0.0,49,49,49,49.0,0.0,49,49,0,0.0,0.0,0,0,1,0,0,0,64,0,40816.32653,0.0,0,14,9.333333333,8.082903769,65.33333333,0,1,0,0,1,0,0,0,0,14.0,7.0,0.0,64,0,0,0,0,0,0,2,14,0,0,229,-1,0,32,0.0,0.0,0,0,0.0,0.0,0,0,BruteForce
8176636,9,15,111,188,26,0,12.33333333,10.12422837,34,0,12.53333333,14.54975045,36.56760555,2.935192419,355505.91299999994,922039.5852,2824318,3,5310168,663771.0,1228179.366,2787157,3,8176512,584036.5714,1137983.079,2824318,3,0,0,0,0,296,488,1.100697157,1.834495262,0,34,11.96,12.80130202,163.8733333,0,0,0,1,0,0,0,0,1,12.45833333,12.33333333,12.53333333,296,0,0,0,0,0,0,9,111,15,188,29200,227,6,32,0.0,0.0,0,0,0.0,0.0,0,0,BruteForce
8563242,9,15,105,188,25,0,11.66666667,9.433981132,34,0,12.53333333,14.54975045,34.21601305,2.802676837,372314.8696,939930.5938,3000034,3,6042287,755285.875,1330968.446,3041724,12,8563155,611653.9286,1156498.5359999998,3000034,3,0,0,0,0,296,488,1.051003814,1.7516730230000002,0,34,11.72,12.62114628,159.2933333,0,0,0,1,0,0,0,0,1,12.20833333,11.66666667,12.53333333,296,0,0,0,0,0,0,9,105,15,188,29200,227,6,32,0.0,0.0,0,0,0.0,0.0,0,0,BruteForce
8585226,9,15,99,188,20,0,11.0,8.544003745,34,0,12.53333333,14.54975045,33.42952183,2.795500084,373270.6957,941428.8505,3000633,3,6059744,757468.0,1333077.389,3044814,195,8585101,613221.5,1158208.416,3000633,3,0,0,0,0,296,488,1.048312531,1.747187552,0,34,11.48,12.41343358,154.0933333,0,0,0,1,0,0,0,0,1,11.95833333,11.0,12.53333333,296,0,0,0,0,0,0,9,99,15,188,29200,227,6,32,0.0,0.0,0,0,0.0,0.0,0,0,BruteForce
274,2,1,14,0,14,0,7.0,9.899494937,0,0,0.0,0.0,51094.890510000005,10948.90511,137.0,73.53910524,189,85,274,274.0,0.0,274,274,0,0.0,0.0,0,0,1,0,0,0,64,20,7299.270073000002,3649.635036,0,14,7.0,8.082903769,65.33333333,0,1,0,0,1,0,0,0,0,9.333333333,7.0,0.0,64,0,0,0,0,0,0,2,14,1,0,229,0,0,32,0.0,0.0,0,0,0.0,0.0,0,0,BruteForce
8761622,9,15,108,188,24,0,12.0,9.695359715,34,0,12.53333333,14.54975045,33.78369895,2.739218834,380940.08700000006,960787.3049,3104566,3,5613832,701729.0,1226406.126,2806223,3,8761543,625824.5,1182025.133,3104566,4,0,0,0,0,296,488,1.027207063,1.712011771,0,34,11.84,12.68752668,160.9733333,0,0,0,1,0,0,0,0,1,12.33333333,12.0,12.53333333,296,0,0,0,0,0,0,9,108,15,188,29200,227,6,32,0.0,0.0,0,0,0.0,0.0,0,0,BruteForce
8796723,9,15,110,188,24,0,12.22222222,9.972183534,34,0,12.53333333,14.54975045,33.87625142,2.728288705,382466.2174,961168.0043,3114461,2,5640662,705082.75,1225041.139,2811812,211,8796656,628332.5714,1181989.249,3114461,2,0,0,0,0,296,488,1.023108264,1.70518044,0,34,11.92,12.76035527,162.8266667,0,0,0,1,0,0,0,0,1,12.41666667,12.22222222,12.53333333,296,0,0,0,0,0,0,9,110,15,188,29200,227,6,32,0.0,0.0,0,0,0.0,0.0,0,0,BruteForce
3,2,0,14,0,14,0,7.0,9.899494937,0,0,0.0,0.0,4666666.666999999,666666.6667,3.0,0.0,3,3,3,3.0,0.0,3,3,0,0.0,0.0,0,0,1,0,0,0,64,0,666666.6667,0.0,0,14,9.333333333,8.082903769,65.33333333,0,1,0,0,1,0,0,0,0,14.0,7.0,0.0,64,0,0,0,0,0,0,2,14,0,0,229,-1,0,32,0.0,0.0,0,0,0.0,0.0,0,0,BruteForce
4,2,0,14,0,14,0,7.0,9.899494937,0,0,0.0,0.0,3500000.0,500000.0,4.0,0.0,4,4,4,4.0,0.0,4,4,0,0.0,0.0,0,0,1,0,0,0,64,0,500000.0,0.0,0,14,9.333333333,8.082903769,65.33333333,0,1,0,0,1,0,0,0,0,14.0,7.0,0.0,64,0,0,0,0,0,0,2,14,0,0,229,-1,0,32,0.0,0.0,0,0,0.0,0.0,0,0,BruteForce
8301190,9,15,109,188,24,0,12.11111111,9.829095132,34,0,12.53333333,14.54975045,35.77800291,2.891151751,360921.3043,923654.6717,3196542,4,5061232,632654.0,1119456.052,2577240,240,8301133,592938.0714,1138264.779,3196542,4,0,0,0,0,296,488,1.084181906,1.806969844,0,34,11.88,12.72242115,161.86,0,0,0,1,0,0,0,0,1,12.375,12.11111111,12.53333333,296,0,0,0,0,0,0,9,109,15,188,29200,227,6,32,0.0,0.0,0,0,0.0,0.0,0,0,BruteForce
232,2,1,14,0,14,0,7.0,9.899494937,0,0,0.0,0.0,60344.82759,12931.03448,116.0,41.01219331,145,87,232,232.0,0.0,232,232,0,0.0,0.0,0,0,1,0,0,0,64,20,8620.689655,4310.344828,0,14,7.0,8.082903769,65.33333333,0,1,0,0,1,0,0,0,0,9.333333333,7.0,0.0,64,0,0,0,0,0,0,2,14,1,0,229,0,0,32,0.0,0.0,0,0,0.0,0.0,0,0,BruteForce
206,2,1,14,0,14,0,7.0,9.899494937,0,0,0.0,0.0,67961.16505,14563.1068,103.0,22.627417,119,87,206,206.0,0.0,206,206,0,0.0,0.0,0,0,1,0,0,0,64,20,9708.737864,4854.368932,0,14,7.0,8.082903769,65.33333333,0,1,0,0,1,0,0,0,0,9.333333333,7.0,0.0,64,0,0,0,0,0,0,2,14,1,0,229,0,0,32,0.0,0.0,0,0,0.0,0.0,0,0,BruteForce
49,2,0,14,0,14,0,7.0,9.899494937,0,0,0.0,0.0,285714.2857,40816.32653,49.0,0.0,49,49,49,49.0,0.0,49,49,0,0.0,0.0,0,0,1,0,0,0,64,0,40816.32653,0.0,0,14,9.333333333,8.082903769,65.33333333,0,1,0,0,1,0,0,0,0,14.0,7.0,0.0,64,0,0,0,0,0,0,2,14,0,0,229,-1,0,32,0.0,0.0,0,0,0.0,0.0,0,0,BruteForce
352,2,1,14,0,14,0,7.0,9.899494937,0,0,0.0,0.0,39772.72727,8522.727273,176.0,166.8772004,294,58,352,352.0,0.0,352,352,0,0.0,0.0,0,0,1,0,0,0,64,20,5681.818182,2840.909091,0,14,7.0,8.082903769,65.33333333,0,1,0,0,1,0,0,0,0,9.333333333,7.0,0.0,64,0,0,0,0,0,0,2,14,1,0,229,0,0,32,0.0,0.0,0,0,0.0,0.0,0,0,BruteForce
9590137,9,15,97,188,19,0,10.77777778,8.303279137999999,34,0,12.53333333,14.54975045,29.71803218,2.502571131,416962.4783,1089707.299,3548304,3,6783697,847962.125,1571851.188,3591314,204,9590097,685006.9286,1346041.836,3548304,3,0,0,0,0,296,488,0.938464174,1.564106957,0,34,11.4,12.36257794,152.83333330000005,0,0,0,1,0,0,0,0,1,11.875,10.77777778,12.53333333,296,0,0,0,0,0,0,9,97,15,188,29200,227,6,32,0.0,0.0,0,0,0.0,0.0,0,0,BruteForce
9602779,9,15,106,188,27,0,11.77777778,9.705382241,34,0,12.53333333,14.54975045,30.61613727,2.499276512,417512.1304,1091203.555,3552697,3,6796088,849511.0,1574691.0259999996,3596035,227,9602718,685908.4286,1347898.5280000002,3552697,3,0,0,0,0,296,488,0.937228692,1.56204782,0,34,11.76,12.68949697,161.02333330000005,0,0,0,1,0,0,0,0,1,12.25,11.77777778,12.53333333,296,0,0,0,0,0,0,9,106,15,188,29200,227,6,32,0.0,0.0,0,0,0.0,0.0,0,0,BruteForce
9621679,9,15,104,188,24,0,11.55555556,9.248122933,34,0,12.53333333,14.54975045,30.34813363,2.4943671469999997,418333.8696,1092680.544,3550573,3,6799131,849891.375,1575492.63,3593878,3,9621612,687258.0,1349632.751,3550573,3,0,0,0,0,296,488,0.93538768,1.558979467,0,34,11.68,12.57550529,158.14333330000005,0,0,0,1,0,0,0,0,1,12.16666667,11.55555556,12.53333333,296,0,0,0,0,0,0,9,104,15,188,29200,227,6,32,0.0,0.0,0,0,0.0,0.0,0,0,BruteForce
8906773,9,15,115,188,30,0,12.77777778,10.88321848,34,0,12.53333333,14.54975045,34.01905494,2.6945786089999997,387251.0,1019342.162,3576677,2,6134380,766797.5,1448007.148,3620160,4,8906687,636191.9286,1260105.24,3576677,2,0,0,0,0,296,488,1.010466978,1.684111631,0,34,12.12,13.01383879,169.36,0,0,0,1,0,0,0,0,1,12.625,12.77777778,12.53333333,296,0,0,0,0,0,0,9,115,15,188,29200,227,6,32,0.0,0.0,0,0,0.0,0.0,0,0,BruteForce
3,2,0,14,0,14,0,7.0,9.899494937,0,0,0.0,0.0,4666666.666999999,666666.6667,3.0,0.0,3,3,3,3.0,0.0,3,3,0,0.0,0.0,0,0,1,0,0,0,64,0,666666.6667,0.0,0,14,9.333333333,8.082903769,65.33333333,0,1,0,0,1,0,0,0,0,14.0,7.0,0.0,64,0,0,0,0,0,0,2,14,0,0,229,-1,0,32,0.0,0.0,0,0,0.0,0.0,0,0,BruteForce
9136253,9,15,110,188,27,0,12.22222222,10.08436634,34,0,12.53333333,14.54975045,32.6173104,2.626897482,397228.3913,1033600.04,3175607,4,6363203,795400.375,1471177.362,3218570,4,9136159,652582.7857,1276125.7659999998,3175607,4,0,0,0,0,296,488,0.985086556,1.641810926,0,34,11.92,12.78970941,163.5766667,0,0,0,1,0,0,0,0,1,12.41666667,12.22222222,12.53333333,296,0,0,0,0,0,0,9,110,15,188,29200,227,6,32,0.0,0.0,0,0,0.0,0.0,0,0,BruteForce
229,2,1,14,0,14,0,7.0,9.899494937,0,0,0.0,0.0,61135.371179999995,13100.43668,114.5,41.71930009,144,85,229,229.0,0.0,229,229,0,0.0,0.0,0,0,1,0,0,0,64,20,8733.624454,4366.812227,0,14,7.0,8.082903769,65.33333333,0,1,0,0,1,0,0,0,0,9.333333333,7.0,0.0,64,0,0,0,0,0,0,2,14,1,0,229,0,0,32,0.0,0.0,0,0,0.0,0.0,0,0,BruteForce
8715194,9,15,107,188,24,0,11.88888889,9.571369344,34,0,12.53333333,14.54975045,33.84893096,2.7538113319999997,378921.4783,970436.9123,2928598,3,5744946,718118.25,1298195.647,2946844,251,8715136,622509.7143,1196013.833,2928598,3,0,0,0,0,296,488,1.03267925,1.721132083,0,34,11.8,12.655697,160.16666669999995,0,0,0,1,0,0,0,0,1,12.29166667,11.88888889,12.53333333,296,0,0,0,0,0,0,9,107,15,188,29200,227,6,32,0.0,0.0,0,0,0.0,0.0,0,0,BruteForce
3,2,0,14,0,14,0,7.0,9.899494937,0,0,0.0,0.0,4666666.666999999,666666.6667,3.0,0.0,3,3,3,3.0,0.0,3,3,0,0.0,0.0,0,0,1,0,0,0,64,0,666666.6667,0.0,0,14,9.333333333,8.082903769,65.33333333,0,1,0,0,1,0,0,0,0,14.0,7.0,0.0,64,0,0,0,0,0,0,2,14,0,0,229,-1,0,32,0.0,0.0,0,0,0.0,0.0,0,0,BruteForce
7728764,9,15,110,188,28,0,12.22222222,10.21980648,34,0,12.53333333,14.54975045,38.55726478,3.10528307,336033.2174,870562.8829999998,2716837,3,5236465,654558.125,1212707.763,2759212,3,7728675,552048.2143,1074316.416,2716837,47,0,0,0,0,296,488,1.164481151,1.940801919,0,34,11.92,12.82549544,164.49333330000005,0,0,0,1,0,0,0,0,1,12.41666667,12.22222222,12.53333333,296,0,0,0,0,0,0,9,110,15,188,29200,227,6,32,0.0,0.0,0,0,0.0,0.0,0,0,BruteForce
8361480,9,15,101,188,22,0,11.22222222,8.913161305,34,0,12.53333333,14.54975045,34.56325914,2.870305257,363542.6087,946552.0629,3072713,4,5831060,728882.5,1352055.885,3116971,4,8361385,597241.7857,1168737.633,3072713,4,0,0,0,0,296,488,1.076364471,1.7939407859999998,0,34,11.56,12.49693296,156.1733333,0,0,0,1,0,0,0,0,1,12.04166667,11.22222222,12.53333333,296,0,0,0,0,0,0,9,101,15,188,29200,227,6,32,0.0,0.0,0,0,0.0,0.0,0,0,BruteForce
246,2,1,14,0,14,0,7.0,9.899494937,0,0,0.0,0.0,56910.56911,12195.12195,123.0,142.8355698,224,22,246,246.0,0.0,246,246,0,0.0,0.0,0,0,1,0,0,0,64,20,8130.081301,4065.04065,0,14,7.0,8.082903769,65.33333333,0,1,0,0,1,0,0,0,0,9.333333333,7.0,0.0,64,0,0,0,0,0,0,2,14,1,0,229,0,0,32,0.0,0.0,0,0,0.0,0.0,0,0,BruteForce
208,2,1,14,0,14,0,7.0,9.899494937,0,0,0.0,0.0,67307.69231,14423.07692,104.0,66.46803743,151,57,208,208.0,0.0,208,208,0,0.0,0.0,0,0,1,0,0,0,64,20,9615.384615,4807.692308,0,14,7.0,8.082903769,65.33333333,0,1,0,0,1,0,0,0,0,9.333333333,7.0,0.0,64,0,0,0,0,0,0,2,14,1,0,229,0,0,32,0.0,0.0,0,0,0.0,0.0,0,0,BruteForce
3,2,0,14,0,14,0,7.0,9.899494937,0,0,0.0,0.0,4666666.666999999,666666.6667,3.0,0.0,3,3,3,3.0,0.0,3,3,0,0.0,0.0,0,0,1,0,0,0,64,0,666666.6667,0.0,0,14,9.333333333,8.082903769,65.33333333,0,1,0,0,1,0,0,0,0,14.0,7.0,0.0,64,0,0,0,0,0,0,2,14,0,0,229,-1,0,32,0.0,0.0,0,0,0.0,0.0,0,0,BruteForce
211,2,1,14,0,14,0,7.0,9.899494937,0,0,0.0,0.0,66350.7109,14218.00948,105.5,116.6726189,188,23,211,211.0,0.0,211,211,0,0.0,0.0,0,0,1,0,0,0,64,20,9478.672986,4739.336493,0,14,7.0,8.082903769,65.33333333,0,1,0,0,1,0,0,0,0,9.333333333,7.0,0.0,64,0,0,0,0,0,0,2,14,1,0,229,0,0,32,0.0,0.0,0,0,0.0,0.0,0,0,BruteForce
9283889,9,15,103,188,22,0,11.44444444,9.043106644,34,0,12.53333333,14.54975045,31.34462293,2.58512354,403647.3478,1046642.468,3226297,3,6010287,751285.875,1386827.154,3127574,3,9283774,663126.7143,1291731.797,3226297,3,0,0,0,0,296,488,0.969421328,1.615702213,0,34,11.64,12.52623913,156.9066667,0,0,0,1,0,0,0,0,1,12.125,11.44444444,12.53333333,296,0,0,0,0,0,0,9,103,15,188,29200,227,6,32,0.0,0.0,0,0,0.0,0.0,0,0,BruteForce
48,2,0,14,0,14,0,7.0,9.899494937,0,0,0.0,0.0,291666.6667,41666.66667,48.0,0.0,48,48,48,48.0,0.0,48,48,0,0.0,0.0,0,0,1,0,0,0,64,0,41666.66667,0.0,0,14,9.333333333,8.082903769,65.33333333,0,1,0,0,1,0,0,0,0,14.0,7.0,0.0,64,0,0,0,0,0,0,2,14,0,0,229,-1,0,32,0.0,0.0,0,0,0.0,0.0,0,0,BruteForce
9260002,9,15,108,188,24,0,12.0,9.695359715,34,0,12.53333333,14.54975045,31.96543586,2.591792097,402608.7826,1056328.275,3724776,3,6337504,792188.0,1487462.113,3767959,3,9259916,661422.5714,1305370.86,3724776,3,0,0,0,0,296,488,0.971922036,1.619870061,0,34,11.84,12.68752668,160.9733333,0,0,0,1,0,0,0,0,1,12.33333333,12.0,12.53333333,296,0,0,0,0,0,0,9,108,15,188,29200,227,6,32,0.0,0.0,0,0,0.0,0.0,0,0,BruteForce
263,2,1,14,0,14,0,7.0,9.899494937,0,0,0.0,0.0,53231.93916,11406.84411,131.5,27.57716447,151,112,263,263.0,0.0,263,263,0,0.0,0.0,0,0,1,0,0,0,64,20,7604.562738,3802.281369,0,14,7.0,8.082903769,65.33333333,0,1,0,0,1,0,0,0,0,9.333333333,7.0,0.0,64,0,0,0,0,0,0,2,14,1,0,229,0,0,32,0.0,0.0,0,0,0.0,0.0,0,0,BruteForce
8726101,9,15,108,188,24,0,12.0,9.682458366,34,0,12.53333333,14.54975045,33.92122094,2.7503692660000003,379395.6957,981059.0937,2900580,3,5844293,730536.625,1344078.019,2943079,3,8725989,623284.9286,1210422.256,2900580,3,0,0,0,0,296,488,1.031388475,1.718980791,0,34,11.84,12.68424219,160.89,0,0,0,1,0,0,0,0,1,12.33333333,12.0,12.53333333,296,0,0,0,0,0,0,9,108,15,188,29200,227,6,32,0.0,0.0,0,0,0.0,0.0,0,0,BruteForce
9746209,9,15,118,188,36,0,13.11111111,11.92103649,34,0,12.53333333,14.54975045,31.39682311,2.46249593,423748.2174,1094151.499,3744874,3,6804405,850550.625,1550949.545,3787614,4,9746110,696150.7143,1349734.062,3744874,3,0,0,0,0,296,488,0.923435974,1.539059957,0,36,12.24,13.32066064,177.44,0,0,0,1,0,0,0,0,1,12.75,13.11111111,12.53333333,296,0,0,0,0,0,0,9,118,15,188,29200,227,6,32,0.0,0.0,0,0,0.0,0.0,0,0,BruteForce
252,2,1,14,0,14,0,7.0,9.899494937,0,0,0.0,0.0,55555.55556,11904.7619,126.0,5.6568542489999984,130,122,252,252.0,0.0,252,252,0,0.0,0.0,0,0,1,0,0,0,64,20,7936.507937,3968.253968,0,14,7.0,8.082903769,65.33333333,0,1,0,0,1,0,0,0,0,9.333333333,7.0,0.0,64,0,0,0,0,0,0,2,14,1,0,229,0,0,32,0.0,0.0,0,0,0.0,0.0,0,0,BruteForce
48,2,0,14,0,14,0,7.0,9.899494937,0,0,0.0,0.0,291666.6667,41666.66667,48.0,0.0,48,48,48,48.0,0.0,48,48,0,0.0,0.0,0,0,1,0,0,0,64,0,41666.66667,0.0,0,14,9.333333333,8.082903769,65.33333333,0,1,0,0,1,0,0,0,0,14.0,7.0,0.0,64,0,0,0,0,0,0,2,14,0,0,229,-1,0,32,0.0,0.0,0,0,0.0,0.0,0,0,BruteForce
8905591,9,15,103,188,22,0,11.44444444,9.043106644,34,0,12.53333333,14.54975045,32.67610201,2.6949362480000003,387199.6087,1006872.418,3270560,3,6044931,755616.375,1401508.015,3314730,44,8905478,636105.5714,1243043.668,3270560,3,0,0,0,0,296,488,1.010601093,1.684335155,0,34,11.64,12.52623913,156.9066667,0,0,0,1,0,0,0,0,1,12.125,11.44444444,12.53333333,296,0,0,0,0,0,0,9,103,15,188,29200,227,6,32,0.0,0.0,0,0,0.0,0.0,0,0,BruteForce
9126906,9,15,106,188,23,0,11.77777778,9.497075573,34,0,12.53333333,14.54975045,32.21244965,2.629587727,396822.0,1017152.588,3272755,3,5812160,726520.0,1305691.176,2964113,49,9126801,651914.3571,1253714.091,3272755,3,0,0,0,0,296,488,0.986095397,1.643492329,0,34,11.76,12.63685087,159.69,0,0,0,1,0,0,0,0,1,12.25,11.77777778,12.53333333,296,0,0,0,0,0,0,9,106,15,188,29200,227,6,32,0.0,0.0,0,0,0.0,0.0,0,0,BruteForce
196,2,1,14,0,14,0,7.0,9.899494937,0,0,0.0,0.0,71428.57143,15306.12245,98.0,29.69848481,119,77,196,196.0,0.0,196,196,0,0.0,0.0,0,0,1,0,0,0,64,20,10204.08163,5102.040816,0,14,7.0,8.082903769,65.33333333,0,1,0,0,1,0,0,0,0,9.333333333,7.0,0.0,64,0,0,0,0,0,0,2,14,1,0,229,0,0,32,0.0,0.0,0,0,0.0,0.0,0,0,BruteForce
9153322,9,15,107,188,28,0,11.88888889,9.905105305,34,0,12.53333333,14.54975045,32.22873619,2.621998876,397970.5217,1033118.29,3120485,3,6250083,781260.375,1444617.015,3163071,48,9153207,653800.5,1275203.513,3120485,3,0,0,0,0,296,488,0.983249579,1.638749298,0,34,11.8,12.7410099,162.33333330000005,0,0,0,1,0,0,0,0,1,12.29166667,11.88888889,12.53333333,296,0,0,0,0,0,0,9,107,15,188,29200,227,6,32,0.0,0.0,0,0,0.0,0.0,0,0,BruteForce
4,2,0,14,0,14,0,7.0,9.899494937,0,0,0.0,0.0,3500000.0,500000.0,4.0,0.0,4,4,4,4.0,0.0,4,4,0,0.0,0.0,0,0,1,0,0,0,64,0,500000.0,0.0,0,14,9.333333333,8.082903769,65.33333333,0,1,0,0,1,0,0,0,0,14.0,7.0,0.0,64,0,0,0,0,0,0,2,14,0,0,229,-1,0,32,0.0,0.0,0,0,0.0,0.0,0,0,BruteForce
2,2,0,14,0,14,0,7.0,9.899494937,0,0,0.0,0.0,7000000.0,1000000.0,2.0,0.0,2,2,2,2.0,0.0,2,2,0,0.0,0.0,0,0,1,0,0,0,64,0,1000000.0,0.0,0,14,9.333333333,8.082903769,65.33333333,0,1,0,0,1,0,0,0,0,14.0,7.0,0.0,64,0,0,0,0,0,0,2,14,0,0,229,-1,0,32,0.0,0.0,0,0,0.0,0.0,0,0,BruteForce
9339060,9,15,109,188,24,0,12.11111111,9.829095132,34,0,12.53333333,14.54975045,31.80191582,2.569851784,406046.08700000006,1056420.917,3291369,3,6261691,782711.375,1451731.475,3333907,3,9338935,667066.7857,1304285.828,3291369,3,0,0,0,0,296,488,0.963694419,1.606157365,0,34,11.88,12.72242115,161.86,0,0,0,1,0,0,0,0,1,12.375,12.11111111,12.53333333,296,0,0,0,0,0,0,9,109,15,188,29200,227,6,32,0.0,0.0,0,0,0.0,0.0,0,0,BruteForce
9358966,9,15,104,188,24,0,11.55555556,9.261629326,34,0,12.53333333,14.54975045,31.20002787,2.564385852,406911.5652,1057749.184,3292609,3,6280586,785073.25,1454459.94,3333810,245,9358872,668490.8571,1305799.067,3292609,3,0,0,0,0,296,488,0.961644695,1.6027411580000002,0,34,11.68,12.57881817,158.22666669999995,0,0,0,1,0,0,0,0,1,12.16666667,11.55555556,12.53333333,296,0,0,0,0,0,0,9,104,15,188,29200,227,6,32,0.0,0.0,0,0,0.0,0.0,0,0,BruteForce
199,2,1,14,0,14,0,7.0,9.899494937,0,0,0.0,0.0,70351.75878999999,15075.376880000002,99.5,61.51828996,143,56,199,199.0,0.0,199,199,0,0.0,0.0,0,0,1,0,0,0,64,20,10050.25126,5025.125628,0,14,7.0,8.082903769,65.33333333,0,1,0,0,1,0,0,0,0,9.333333333,7.0,0.0,64,0,0,0,0,0,0,2,14,1,0,229,0,0,32,0.0,0.0,0,0,0.0,0.0,0,0,BruteForce
4,2,0,14,0,14,0,7.0,9.899494937,0,0,0.0,0.0,3500000.0,500000.0,4.0,0.0,4,4,4,4.0,0.0,4,4,0,0.0,0.0,0,0,1,0,0,0,64,0,500000.0,0.0,0,14,9.333333333,8.082903769,65.33333333,0,1,0,0,1,0,0,0,0,14.0,7.0,0.0,64,0,0,0,0,0,0,2,14,0,0,229,-1,0,32,0.0,0.0,0,0,0.0,0.0,0,0,BruteForce
9438603,9,15,108,188,24,0,12.0,9.695359715,34,0,12.53333333,14.54975045,31.36057317,2.542749176,410374.0435,1067023.446,3290494,3,6105422,763177.75,1412955.248,3177080,219,9438489,674177.7857,1317286.441,3290494,3,0,0,0,0,296,488,0.953530941,1.589218235,0,34,11.84,12.68752668,160.9733333,0,0,0,1,0,0,0,0,1,12.33333333,12.0,12.53333333,296,0,0,0,0,0,0,9,108,15,188,29200,227,6,32,0.0,0.0,0,0,0.0,0.0,0,0,BruteForce
9456905,9,15,108,188,24,0,12.0,9.733961167,34,0,12.53333333,14.54975045,31.29988088,2.53782818,411169.7826,1067351.289,3289455,3,6124533,765566.625,1412491.73,3179142,3,9456783,675484.5,1317454.146,3289455,3,0,0,0,0,296,488,0.951685567,1.586142612,0,34,11.84,12.69737506,161.2233333,0,0,0,1,0,0,0,0,1,12.33333333,12.0,12.53333333,296,0,0,0,0,0,0,9,108,15,188,29200,227,6,32,0.0,0.0,0,0,0.0,0.0,0,0,BruteForce
344,2,1,14,0,14,0,7.0,9.899494937,0,0,0.0,0.0,40697.67442,8720.930233,172.0,110.3086579,250,94,344,344.0,0.0,344,344,0,0.0,0.0,0,0,1,0,0,0,64,20,5813.953488,2906.976744,0,14,7.0,8.082903769,65.33333333,0,1,0,0,1,0,0,0,0,9.333333333,7.0,0.0,64,0,0,0,0,0,0,2,14,1,0,229,0,0,32,0.0,0.0,0,0,0.0,0.0,0,0,BruteForce
9326883,9,15,110,188,28,0,12.22222222,10.18304691,34,0,12.53333333,14.54975045,31.95065275,2.5732069330000003,405516.6522,1065559.551,3508627,1,6033844,754230.5,1422859.045,3551926,3,9326789,666199.2143,1316991.278,3508627,1,0,0,0,0,296,488,0.9649526,1.608254333,0,34,11.92,12.81574552,164.24333330000005,0,0,0,1,0,0,0,0,1,12.41666667,12.22222222,12.53333333,296,0,0,0,0,0,0,9,110,15,188,29200,227,6,32,0.0,0.0,0,0,0.0,0.0,0,0,BruteForce
9358985,9,15,101,188,23,0,11.22222222,8.941165721,34,0,12.53333333,14.54975045,30.87941695,2.564380646,406912.3913,1068512.636,3508626,3,6064454,758056.75,1428682.181,3552452,3,9358957,668496.9286,1320543.996,3508626,3,0,0,0,0,296,488,0.961642742,1.602737904,0,34,11.56,12.50359948,156.34,0,0,0,1,0,0,0,0,1,12.04166667,11.22222222,12.53333333,296,0,0,0,0,0,0,9,101,15,188,29200,227,6,32,0.0,0.0,0,0,0.0,0.0,0,0,BruteForce
9089848,9,15,104,188,23,0,11.55555556,9.193898943,34,0,12.53333333,14.54975045,32.12374948,2.640308177,395210.7826,1038144.344,3508689,3,5540843,692605.375,1288807.552,3057893,49,9089701,649264.3571,1283064.721,3508689,3,0,0,0,0,296,488,0.990115566,1.65019261,0,34,11.68,12.56224502,157.81,0,0,0,1,0,0,0,0,1,12.16666667,11.55555556,12.53333333,296,0,0,0,0,0,0,9,104,15,188,29200,227,6,32,0.0,0.0,0,0,0.0,0.0,0,0,BruteForce
230,2,1,14,0,14,0,7.0,9.899494937,0,0,0.0,0.0,60869.56522,13043.47826,115.0,4.242640687,118,112,230,230.0,0.0,230,230,0,0.0,0.0,0,0,1,0,0,0,64,20,8695.652173999999,4347.8260869999995,0,14,7.0,8.082903769,65.33333333,0,1,0,0,1,0,0,0,0,9.333333333,7.0,0.0,64,0,0,0,0,0,0,2,14,1,0,229,0,0,32,0.0,0.0,0,0,0.0,0.0,0,0,BruteForce
317,2,1,14,0,14,0,7.0,9.899494937,0,0,0.0,0.0,44164.03785,9463.722397,158.5,118.0868325,242,75,317,317.0,0.0,317,317,0,0.0,0.0,0,0,1,0,0,0,64,20,6309.148265,3154.574132,0,14,7.0,8.082903769,65.33333333,0,1,0,0,1,0,0,0,0,9.333333333,7.0,0.0,64,0,0,0,0,0,0,2,14,1,0,229,0,0,32,0.0,0.0,0,0,0.0,0.0,0,0,BruteForce
49,2,0,14,0,14,0,7.0,9.899494937,0,0,0.0,0.0,285714.2857,40816.32653,49.0,0.0,49,49,49,49.0,0.0,49,49,0,0.0,0.0,0,0,1,0,0,0,64,0,40816.32653,0.0,0,14,9.333333333,8.082903769,65.33333333,0,1,0,0,1,0,0,0,0,14.0,7.0,0.0,64,0,0,0,0,0,0,2,14,0,0,229,-1,0,32,0.0,0.0,0,0,0.0,0.0,0,0,BruteForce
215,2,1,14,0,14,0,7.0,9.899494937,0,0,0.0,0.0,65116.27907,13953.48837,107.5,72.83199846,159,56,215,215.0,0.0,215,215,0,0.0,0.0,0,0,1,0,0,0,64,20,9302.325581,4651.162791,0,14,7.0,8.082903769,65.33333333,0,1,0,0,1,0,0,0,0,9.333333333,7.0,0.0,64,0,0,0,0,0,0,2,14,1,0,229,0,0,32,0.0,0.0,0,0,0.0,0.0,0,0,BruteForce
9487297,9,15,101,188,23,0,11.22222222,8.885068624,34,0,12.53333333,14.54975045,30.46178485,2.529698396,412491.1739,1074229.572,3464523,3,6430084,803760.5,1492388.938,3508097,247,9487178,677655.5714,1326414.6409999998,3464523,3,0,0,0,0,296,488,0.948636898,1.581061497,0,34,11.56,12.49026287,156.00666669999995,0,0,0,1,0,0,0,0,1,12.04166667,11.22222222,12.53333333,296,0,0,0,0,0,0,9,101,15,188,29200,227,6,32,0.0,0.0,0,0,0.0,0.0,0,0,BruteForce
3,2,0,14,0,14,0,7.0,9.899494937,0,0,0.0,0.0,4666666.666999999,666666.6667,3.0,0.0,3,3,3,3.0,0.0,3,3,0,0.0,0.0,0,0,1,0,0,0,64,0,666666.6667,0.0,0,14,9.333333333,8.082903769,65.33333333,0,1,0,0,1,0,0,0,0,14.0,7.0,0.0,64,0,0,0,0,0,0,2,14,0,0,229,-1,0,32,0.0,0.0,0,0,0.0,0.0,0,0,BruteForce
227,2,1,14,0,14,0,7.0,9.899494937,0,0,0.0,0.0,61674.00881,13215.85903,113.5,88.38834765,176,51,227,227.0,0.0,227,227,0,0.0,0.0,0,0,1,0,0,0,64,20,8810.572687,4405.286344,0,14,7.0,8.082903769,65.33333333,0,1,0,0,1,0,0,0,0,9.333333333,7.0,0.0,64,0,0,0,0,0,0,2,14,1,0,229,0,0,32,0.0,0.0,0,0,0.0,0.0,0,0,BruteForce
8497864,9,15,102,188,23,0,11.33333333,8.986100378,34,0,12.53333333,14.54975045,34.12622278,2.824239126,369472.3478,960626.2446,3043817,3,5596647,699580.875,1299383.685,3087799,3,8497826,606987.5714,1185925.61,3043817,3,0,0,0,0,296,488,1.059089672,1.765149454,0,34,11.6,12.51332623,156.58333330000005,0,0,0,1,0,0,0,0,1,12.08333333,11.33333333,12.53333333,296,0,0,0,0,0,0,9,102,15,188,29200,227,6,32,0.0,0.0,0,0,0.0,0.0,0,0,BruteForce
8977783,9,15,112,188,26,0,12.44444444,10.24830609,34,0,12.53333333,14.54975045,33.41582215,2.6732657719999997,390338.3913,1012715.154,3296682,3,6487070,810883.75,1481426.508,3338868,300,8977647,641260.5,1249941.187,3296682,3,0,0,0,0,296,488,1.002474664,1.670791107,0,34,12.0,12.83549765,164.75,0,0,0,1,0,0,0,0,1,12.5,12.44444444,12.53333333,296,0,0,0,0,0,0,9,112,15,188,29200,227,6,32,0.0,0.0,0,0,0.0,0.0,0,0,BruteForce
8979798,9,15,112,188,26,0,12.44444444,10.34542304,34,0,12.53333333,14.54975045,33.40832388,2.6726659109999997,390426.0,1012867.45,3295366,3,6487339,810917.375,1481691.681,3338482,4,8979727,641409.0714,1250116.994,3295366,3,0,0,0,0,296,488,1.002249717,1.670416194,0,34,12.0,12.86144108,165.41666669999995,0,0,0,1,0,0,0,0,1,12.5,12.44444444,12.53333333,296,0,0,0,0,0,0,9,112,15,188,29200,227,6,32,0.0,0.0,0,0,0.0,0.0,0,0,BruteForce
9044059,9,15,112,188,25,0,12.44444444,10.19940085,34,0,12.53333333,14.54975045,33.17094681,2.653675744,393219.9565,1022136.473,3288583,3,5959911,744988.875,1381725.5890000002,3333220,3,9043964,645997.4286,1261834.123,3288583,3,0,0,0,0,296,488,0.995128404,1.65854734,0,34,12.0,12.82250626,164.41666669999995,0,0,0,1,0,0,0,0,1,12.5,12.44444444,12.53333333,296,0,0,0,0,0,0,9,112,15,188,29200,227,6,32,0.0,0.0,0,0,0.0,0.0,0,0,BruteForce
242,2,1,14,0,14,0,7.0,9.899494937,0,0,0.0,0.0,57851.23967,12396.69421,121.0,98.99494937,191,51,242,242.0,0.0,242,242,0,0.0,0.0,0,0,1,0,0,0,64,20,8264.462809999999,4132.2314049999995,0,14,7.0,8.082903769,65.33333333,0,1,0,0,1,0,0,0,0,9.333333333,7.0,0.0,64,0,0,0,0,0,0,2,14,1,0,229,0,0,32,0.0,0.0,0,0,0.0,0.0,0,0,BruteForce
9536435,9,15,108,188,23,0,12.0,9.656603958,34,0,12.53333333,14.54975045,31.03885257,2.5166637219999997,414627.6087,1093129.759,3708627,3,6245662,780707.75,1480880.0480000004,3752762,62,9536282,681163.0,1351551.749,3708627,3,0,0,0,0,296,488,0.943748896,1.572914826,0,34,11.84,12.67767066,160.7233333,0,0,0,1,0,0,0,0,1,12.33333333,12.0,12.53333333,296,0,0,0,0,0,0,9,108,15,188,29200,227,6,32,0.0,0.0,0,0,0.0,0.0,0,0,BruteForce
247,2,1,14,0,14,0,7.0,9.899494937,0,0,0.0,0.0,56680.16194,12145.74899,123.5,50.20458146,159,88,247,247.0,0.0,247,247,0,0.0,0.0,0,0,1,0,0,0,64,20,8097.165992,4048.582996,0,14,7.0,8.082903769,65.33333333,0,1,0,0,1,0,0,0,0,9.333333333,7.0,0.0,64,0,0,0,0,0,0,2,14,1,0,229,0,0,32,0.0,0.0,0,0,0.0,0.0,0,0,BruteForce
245,2,1,14,0,14,0,7.0,9.899494937,0,0,0.0,0.0,57142.85714,12244.89796,122.5,50.20458146,158,87,245,245.0,0.0,245,245,0,0.0,0.0,0,0,1,0,0,0,64,20,8163.265306,4081.632653,0,14,7.0,8.082903769,65.33333333,0,1,0,0,1,0,0,0,0,9.333333333,7.0,0.0,64,0,0,0,0,0,0,2,14,1,0,229,0,0,32,0.0,0.0,0,0,0.0,0.0,0,0,BruteForce
9373411,9,15,104,188,23,0,11.55555556,9.275116052,34,0,12.53333333,14.54975045,31.15194671,2.560433976,407539.6087,1040497.154,3218948,3,6112761,764095.125,1367154.748,3099418,3,9373376,669526.8571,1281904.951,3218948,3,0,0,0,0,296,488,0.960162741,1.600271235,0,34,11.68,12.58213019,158.31,0,0,0,1,0,0,0,0,1,12.16666667,11.55555556,12.53333333,296,0,0,0,0,0,0,9,104,15,188,29200,227,6,32,0.0,0.0,0,0,0.0,0.0,0,0,BruteForce
217,2,1,14,0,14,0,7.0,9.899494937,0,0,0.0,0.0,64516.12903,13824.88479,108.5,48.7903679,143,74,217,217.0,0.0,217,217,0,0.0,0.0,0,0,1,0,0,0,64,20,9216.589862,4608.294931,0,14,7.0,8.082903769,65.33333333,0,1,0,0,1,0,0,0,0,9.333333333,7.0,0.0,64,0,0,0,0,0,0,2,14,1,0,229,0,0,32,0.0,0.0,0,0,0.0,0.0,0,0,BruteForce
8970481,9,15,110,188,26,0,12.22222222,10.02219759,34,0,12.53333333,14.54975045,33.22006925,2.675441819,390020.91299999994,1011134.375,3055754,33,6128703,766087.875,1414614.7680000004,3098039,244,8970394,640742.4286,1247883.331,3055754,48,0,0,0,0,296,488,1.003290682,1.672151137,0,34,11.92,12.77340988,163.16,0,0,0,1,0,0,0,0,1,12.41666667,12.22222222,12.53333333,296,0,0,0,0,0,0,9,110,15,188,29200,227,6,32,0.0,0.0,0,0,0.0,0.0,0,0,BruteForce
9374177,9,15,107,188,24,0,11.88888889,9.597453366,34,0,12.53333333,14.54975045,31.46942926,2.560224754,407572.91299999994,1035387.062,3236593,3,6352607,794075.875,1413486.085,3279511,247,9374035,669573.9286,1274874.864,3236593,3,0,0,0,0,296,488,0.960084283,1.600140471,0,34,11.8,12.66227994,160.33333330000005,0,0,0,1,0,0,0,0,1,12.29166667,11.88888889,12.53333333,296,0,0,0,0,0,0,9,107,15,188,29200,227,6,32,0.0,0.0,0,0,0.0,0.0,0,0,BruteForce
9578375,9,15,103,188,21,0,11.44444444,9.015418891,34,0,12.53333333,14.54975045,30.38093622,2.505644225,416451.08700000006,1083994.662,3432101,3,6555528,819441.0,1518137.39,3474902,243,9578333,684166.6429,1338394.496,3432101,3,0,0,0,0,296,488,0.939616584,1.56602764,0,34,11.64,12.51958466,156.74,0,0,0,1,0,0,0,0,1,12.125,11.44444444,12.53333333,296,0,0,0,0,0,0,9,103,15,188,29200,227,6,32,0.0,0.0,0,0,0.0,0.0,0,0,BruteForce
9578482,9,15,107,188,25,0,11.88888889,9.739666889,34,0,12.53333333,14.54975045,30.79819955,2.505616234,416455.7391,1084092.371,3436756,0,6549987,818748.375,1517787.091,3479442,3,9578448,684174.8571,1338526.137,3436756,3,0,0,0,0,296,488,0.939606088,1.566010146,0,34,11.8,12.6984251,161.25,0,0,0,1,0,0,0,0,1,12.29166667,11.88888889,12.53333333,296,0,0,0,0,0,0,9,107,15,188,29200,227,6,32,0.0,0.0,0,0,0.0,0.0,0,0,BruteForce
219,2,1,14,0,14,0,7.0,9.899494937,0,0,0.0,0.0,63926.94064,13698.63014,109.5,71.4177849,160,59,219,219.0,0.0,219,219,0,0.0,0.0,0,0,1,0,0,0,64,20,9132.420091,4566.210046,0,14,7.0,8.082903769,65.33333333,0,1,0,0,1,0,0,0,0,9.333333333,7.0,0.0,64,0,0,0,0,0,0,2,14,1,0,229,0,0,32,0.0,0.0,0,0,0.0,0.0,0,0,BruteForce
249,2,1,14,0,14,0,7.0,9.899494937,0,0,0.0,0.0,56224.8996,12048.19277,124.5,9.192388155,131,118,249,249.0,0.0,249,249,0,0.0,0.0,0,0,1,0,0,0,64,20,8032.128514,4016.064257,0,14,7.0,8.082903769,65.33333333,0,1,0,0,1,0,0,0,0,9.333333333,7.0,0.0,64,0,0,0,0,0,0,2,14,1,0,229,0,0,32,0.0,0.0,0,0,0.0,0.0,0,0,BruteForce
223,2,1,14,0,14,0,7.0,9.899494937,0,0,0.0,0.0,62780.269060000006,13452.9148,111.5,54.44722215,150,73,223,223.0,0.0,223,223,0,0.0,0.0,0,0,1,0,0,0,64,20,8968.609865,4484.3049329999985,0,14,7.0,8.082903769,65.33333333,0,1,0,0,1,0,0,0,0,9.333333333,7.0,0.0,64,0,0,0,0,0,0,2,14,1,0,229,0,0,32,0.0,0.0,0,0,0.0,0.0,0,0,BruteForce
9193472,9,15,107,188,23,0,11.88888889,9.545214042,34,0,12.53333333,14.54975045,32.08798591,2.610548006,399716.1739,1044342.69,3456778,3,6216952,777119.0,1451748.489,3500860,297,9193331,656666.5,1289970.315,3456778,3,0,0,0,0,296,488,0.978955502,1.631592504,0,34,11.8,12.64911064,160.0,0,0,0,1,0,0,0,0,1,12.29166667,11.88888889,12.53333333,296,0,0,0,0,0,0,9,107,15,188,29200,227,6,32,0.0,0.0,0,0,0.0,0.0,0,0,BruteForce
9765359,9,15,110,188,24,0,12.22222222,9.921917377,34,0,12.53333333,14.54975045,30.51603121,2.457666943,424580.8261,1104503.335,3440994,3,6277709,784713.625,1451513.7219999996,3194068,3,9765241,697517.2143,1363629.946,3440994,3,0,0,0,0,296,488,0.921625104,1.536041839,0,34,11.92,12.74728729,162.49333330000005,0,0,0,1,0,0,0,0,1,12.41666667,12.22222222,12.53333333,296,0,0,0,0,0,0,9,110,15,188,29200,227,6,32,0.0,0.0,0,0,0.0,0.0,0,0,BruteForce
9542562,9,15,106,188,22,0,11.77777778,9.404490653,34,0,12.53333333,14.54975045,30.80933611,2.515047846,414894.0,1079597.387,3410635,3,6464721,808090.125,1497183.201,3453673,4,9542487,681606.2143,1332919.803,3410635,3,0,0,0,0,296,488,0.943142942,1.5719049040000002,0,34,11.76,12.61374911,159.10666669999995,0,0,0,1,0,0,0,0,1,12.25,11.77777778,12.53333333,296,0,0,0,0,0,0,9,106,15,188,29200,227,6,32,0.0,0.0,0,0,0.0,0.0,0,0,BruteForce
9561633,9,15,113,188,25,0,12.55555556,10.33333333,34,0,12.53333333,14.54975045,31.47997837,2.510031498,415723.1739,1080958.325,3416690,0,6480238,810029.75,1499700.5680000002,3460368,48,9561602,682971.5714,1334489.768,3416690,0,0,0,0,0,296,488,0.941261812,1.568769686,0,34,12.04,12.85975635,165.3733333,0,0,0,1,0,0,0,0,1,12.54166667,12.55555556,12.53333333,296,0,0,0,0,0,0,9,113,15,188,29200,227,6,32,0.0,0.0,0,0,0.0,0.0,0,0,BruteForce
4,2,0,14,0,14,0,7.0,9.899494937,0,0,0.0,0.0,3500000.0,500000.0,4.0,0.0,4,4,4,4.0,0.0,4,4,0,0.0,0.0,0,0,1,0,0,0,64,0,500000.0,0.0,0,14,9.333333333,8.082903769,65.33333333,0,1,0,0,1,0,0,0,0,14.0,7.0,0.0,64,0,0,0,0,0,0,2,14,0,0,229,-1,0,32,0.0,0.0,0,0,0.0,0.0,0,0,BruteForce
223,2,1,14,0,14,0,7.0,9.899494937,0,0,0.0,0.0,62780.269060000006,13452.9148,111.5,37.4766594,138,85,223,223.0,0.0,223,223,0,0.0,0.0,0,0,1,0,0,0,64,20,8968.609865,4484.3049329999985,0,14,7.0,8.082903769,65.33333333,0,1,0,0,1,0,0,0,0,9.333333333,7.0,0.0,64,0,0,0,0,0,0,2,14,1,0,229,0,0,32,0.0,0.0,0,0,0.0,0.0,0,0,BruteForce
9059656,9,15,101,188,23,0,11.22222222,9.010795994,34,0,12.53333333,14.54975045,31.89966595,2.6491072069999997,393898.08700000006,1024178.334,3207880,3,6022044,752755.5,1396727.9230000002,3249401,49,9059520,647108.5714,1264392.345,3207880,3,0,0,0,0,296,488,0.993415203,1.655692004,0,34,11.56,12.52025026,156.75666669999995,0,0,0,1,0,0,0,0,1,12.04166667,11.22222222,12.53333333,296,0,0,0,0,0,0,9,101,15,188,29200,227,6,32,0.0,0.0,0,0,0.0,0.0,0,0,BruteForce
9070062,9,15,110,188,23,0,12.22222222,9.909310997,34,0,12.53333333,14.54975045,32.85534322,2.64606791,394350.5217,1024762.042,3211851,3,6034089,754261.125,1397880.687,3253392,226,9070017,647858.3571,1265028.514,3211851,3,0,0,0,0,296,488,0.992275466,1.653792444,0,34,11.92,12.7440182,162.41,0,0,0,1,0,0,0,0,1,12.41666667,12.22222222,12.53333333,296,0,0,0,0,0,0,9,110,15,188,29200,227,6,32,0.0,0.0,0,0,0.0,0.0,0,0,BruteForce
9749066,9,15,108,188,23,0,12.0,9.656603958,34,0,12.53333333,14.54975045,30.36188287,2.461774287,423872.4348,1102449.38,3427289,37,6536967,817120.875,1513877.086,3469582,284,9748942,696353.0,1361065.8930000002,3427289,48,0,0,0,0,296,488,0.923165358,1.538608929,0,34,11.84,12.67767066,160.7233333,0,0,0,1,0,0,0,0,1,12.33333333,12.0,12.53333333,296,0,0,0,0,0,0,9,108,15,188,29200,227,6,32,0.0,0.0,0,0,0.0,0.0,0,0,BruteForce
10140651,9,15,108,188,23,0,12.0,9.656603958,34,0,12.53333333,14.54975045,29.189447499999996,2.36671196,440897.8696,1148782.805,3620705,3,6929915,866239.375,1605761.959,3663119,244,10100000,724325.7857,1418544.994,3620705,3,0,0,0,0,296,488,0.887516985,1.479194975,0,34,11.84,12.67767066,160.7233333,0,0,0,1,0,0,0,0,1,12.33333333,12.0,12.53333333,296,0,0,0,0,0,0,9,108,15,188,29200,227,6,32,0.0,0.0,0,0,0.0,0.0,0,0,BruteForce
4,2,0,14,0,14,0,7.0,9.899494937,0,0,0.0,0.0,3500000.0,500000.0,4.0,0.0,4,4,4,4.0,0.0,4,4,0,0.0,0.0,0,0,1,0,0,0,64,0,500000.0,0.0,0,14,9.333333333,8.082903769,65.33333333,0,1,0,0,1,0,0,0,0,14.0,7.0,0.0,64,0,0,0,0,0,0,2,14,0,0,229,-1,0,32,0.0,0.0,0,0,0.0,0.0,0,0,BruteForce
9278263,9,15,107,188,23,0,11.88888889,9.584420228,34,0,12.53333333,14.54975045,31.79474434,2.586691065,403402.7391,1041798.749,3216725,3,6021413,752676.625,1375525.96,3179699,273,9278246,662731.8571,1285173.61,3216725,3,0,0,0,0,296,488,0.970009149,1.616681916,0,34,11.8,12.6589889,160.25,0,0,0,1,0,0,0,0,1,12.29166667,11.88888889,12.53333333,296,0,0,0,0,0,0,9,107,15,188,29200,227,6,32,0.0,0.0,0,0,0.0,0.0,0,0,BruteForce
232,2,1,14,0,14,0,7.0,9.899494937,0,0,0.0,0.0,60344.82759,12931.03448,116.0,86.2670273,177,55,232,232.0,0.0,232,232,0,0.0,0.0,0,0,1,0,0,0,64,20,8620.689655,4310.344828,0,14,7.0,8.082903769,65.33333333,0,1,0,0,1,0,0,0,0,9.333333333,7.0,0.0,64,0,0,0,0,0,0,2,14,1,0,229,0,0,32,0.0,0.0,0,0,0.0,0.0,0,0,BruteForce
236,2,1,14,0,14,0,7.0,9.899494937,0,0,0.0,0.0,59322.0339,12711.86441,118.0,16.97056275,130,106,236,236.0,0.0,236,236,0,0.0,0.0,0,0,1,0,0,0,64,20,8474.576271,4237.288136,0,14,7.0,8.082903769,65.33333333,0,1,0,0,1,0,0,0,0,9.333333333,7.0,0.0,64,0,0,0,0,0,0,2,14,1,0,229,0,0,32,0.0,0.0,0,0,0.0,0.0,0,0,BruteForce
4,2,0,14,0,14,0,7.0,9.899494937,0,0,0.0,0.0,3500000.0,500000.0,4.0,0.0,4,4,4,4.0,0.0,4,4,0,0.0,0.0,0,0,1,0,0,0,64,0,500000.0,0.0,0,14,9.333333333,8.082903769,65.33333333,0,1,0,0,1,0,0,0,0,14.0,7.0,0.0,64,0,0,0,0,0,0,2,14,0,0,229,-1,0,32,0.0,0.0,0,0,0.0,0.0,0,0,BruteForce
9442693,9,15,106,188,22,0,11.77777778,9.391189725,34,0,12.53333333,14.54975045,31.13518569,2.541647812,410551.8696,1069793.301,3636728,3,6676187,834523.375,1541441.071,3682145,225,9442596,674471.1429,1321020.717,3636728,3,0,0,0,0,296,488,0.953117929,1.5885298819999998,0,34,11.76,12.61044541,159.02333330000005,0,0,0,1,0,0,0,0,1,12.25,11.77777778,12.53333333,296,0,0,0,0,0,0,9,106,15,188,29200,227,6,32,0.0,0.0,0,0,0.0,0.0,0,0,BruteForce
9479698,9,15,113,188,29,0,12.55555556,10.66666667,34,0,12.53333333,14.54975045,31.75206636,2.531726222,412160.7826,1072622.138,3641675,3,6715485,839435.625,1545639.434,3684754,3,9479603,677114.5,1324329.415,3641675,3,0,0,0,0,296,488,0.949397333,1.582328889,0,34,12.04,12.95016087,167.7066667,0,0,0,1,0,0,0,0,1,12.54166667,12.55555556,12.53333333,296,0,0,0,0,0,0,9,113,15,188,29200,227,6,32,0.0,0.0,0,0,0.0,0.0,0,0,BruteForce
10197122,9,15,101,188,21,0,11.22222222,8.786036902000001,34,0,12.53333333,14.54975045,28.34133003,2.353605262,443353.1304,1143187.624,3640780,3,6513483,814185.375,1477470.352,3399544,286,10200000,728358.2857,1410004.116,3640780,3,0,0,0,0,296,488,0.882601973,1.471003289,0,34,11.56,12.46688948,155.4233333,0,0,0,1,0,0,0,0,1,12.04166667,11.22222222,12.53333333,296,0,0,0,0,0,0,9,101,15,188,29200,227,6,32,0.0,0.0,0,0,0.0,0.0,0,0,BruteForce
249,2,1,14,0,14,0,7.0,9.899494937,0,0,0.0,0.0,56224.8996,12048.19277,124.5,132.22896809999995,218,31,249,249.0,0.0,249,249,0,0.0,0.0,0,0,1,0,0,0,64,20,8032.128514,4016.064257,0,14,7.0,8.082903769,65.33333333,0,1,0,0,1,0,0,0,0,9.333333333,7.0,0.0,64,0,0,0,0,0,0,2,14,1,0,229,0,0,32,0.0,0.0,0,0,0.0,0.0,0,0,BruteForce
223,2,1,14,0,14,0,7.0,9.899494937,0,0,0.0,0.0,62780.269060000006,13452.9148,111.5,129.400541,203,20,223,223.0,0.0,223,223,0,0.0,0.0,0,0,1,0,0,0,64,20,8968.609865,4484.3049329999985,0,14,7.0,8.082903769,65.33333333,0,1,0,0,1,0,0,0,0,9.333333333,7.0,0.0,64,0,0,0,0,0,0,2,14,1,0,229,0,0,32,0.0,0.0,0,0,0.0,0.0,0,0,BruteForce
9434300,9,15,102,188,23,0,11.33333333,8.986100378,34,0,12.53333333,14.54975045,30.73889955,2.543908928,410186.9565,1084788.4740000002,3806679,3,5585934,698241.75,1301219.745,3093317,4,9434178,673869.8571,1341681.531,3806679,3,0,0,0,0,296,488,0.953965848,1.58994308,0,34,11.6,12.51332623,156.58333330000005,0,0,0,1,0,0,0,0,1,12.08333333,11.33333333,12.53333333,296,0,0,0,0,0,0,9,102,15,188,29200,227,6,32,0.0,0.0,0,0,0.0,0.0,0,0,BruteForce
3,2,0,14,0,14,0,7.0,9.899494937,0,0,0.0,0.0,4666666.666999999,666666.6667,3.0,0.0,3,3,3,3.0,0.0,3,3,0,0.0,0.0,0,0,1,0,0,0,64,0,666666.6667,0.0,0,14,9.333333333,8.082903769,65.33333333,0,1,0,0,1,0,0,0,0,14.0,7.0,0.0,64,0,0,0,0,0,0,2,14,0,0,229,-1,0,32,0.0,0.0,0,0,0.0,0.0,0,0,BruteForce
256,2,1,14,0,14,0,7.0,9.899494937,0,0,0.0,0.0,54687.5,11718.75,128.0,62.22539674,172,84,256,256.0,0.0,256,256,0,0.0,0.0,0,0,1,0,0,0,64,20,7812.5,3906.25,0,14,7.0,8.082903769,65.33333333,0,1,0,0,1,0,0,0,0,9.333333333,7.0,0.0,64,0,0,0,0,0,0,2,14,1,0,229,0,0,32,0.0,0.0,0,0,0.0,0.0,0,0,BruteForce
9136379,9,15,102,188,22,0,11.33333333,8.93028555,34,0,12.53333333,14.54975045,31.74124016,2.626861254,397233.8696,1042150.183,3368934,3,5903840,737980.0,1386701.2780000002,3409695,49,9136239,652588.5,1287839.976,3368934,3,0,0,0,0,296,488,0.98507297,1.641788284,0,34,11.6,12.5,156.25,0,0,0,1,0,0,0,0,1,12.08333333,11.33333333,12.53333333,296,0,0,0,0,0,0,9,102,15,188,29200,227,6,32,0.0,0.0,0,0,0.0,0.0,0,0,BruteForce
9140837,9,15,114,188,32,0,12.66666667,11.10180166,34,0,12.53333333,14.54975045,33.03854997,2.62558013,397427.6957,1041599.633,3364761,3,5908414,738551.75,1387518.877,3409258,3,9140749,652910.6429,1287016.067,3364761,48,0,0,0,0,296,488,0.984592549,1.640987581,0,34,12.08,13.07325514,170.91,0,0,0,1,0,0,0,0,1,12.58333333,12.66666667,12.53333333,296,0,0,0,0,0,0,9,114,15,188,29200,227,6,32,0.0,0.0,0,0,0.0,0.0,0,0,BruteForce
8919238,9,15,109,188,25,0,12.11111111,9.955456349,34,0,12.53333333,14.54975045,33.29880871,2.690812825,387792.9565,1015175.338,3370399,3,6434072,804259.0,1489099.233,3412651,48,8919090,637077.8571,1254211.074,3370399,3,0,0,0,0,296,488,1.009054809,1.681758016,0,34,11.88,12.75512969,162.6933333,0,0,0,1,0,0,0,0,1,12.375,12.11111111,12.53333333,296,0,0,0,0,0,0,9,109,15,188,29200,227,6,32,0.0,0.0,0,0,0.0,0.0,0,0,BruteForce
8449434,9,15,106,188,28,0,11.77777778,9.871395263,34,0,12.53333333,14.54975045,34.79523007,2.840426945,367366.6957,955150.3243,2954789,3,5447826,680978.25,1263698.634,2929414,233,8449324,603523.1429,1179168.426,2954789,3,0,0,0,0,296,488,1.065160104,1.77526684,0,34,11.76,12.73211163,162.10666669999995,0,0,0,1,0,0,0,0,1,12.25,11.77777778,12.53333333,296,0,0,0,0,0,0,9,106,15,188,29200,227,6,32,0.0,0.0,0,0,0.0,0.0,0,0,BruteForce
8431542,9,15,106,188,29,0,11.77777778,9.984710534,34,0,12.53333333,14.54975045,34.86906665,2.846454421,366588.7826,953129.9972,2954121,3,5430118,678764.75,1259821.607,2917674,3,8431406,602243.2857,1176675.689,2954121,3,0,0,0,0,296,488,1.067420408,1.7790340130000002,0,34,11.76,12.76153073,162.85666669999995,0,0,0,1,0,0,0,0,1,12.25,11.77777778,12.53333333,296,0,0,0,0,0,0,9,106,15,188,29200,227,6,32,0.0,0.0,0,0,0.0,0.0,0,0,BruteForce
41,2,0,14,0,14,0,7.0,9.899494937,0,0,0.0,0.0,341463.4146,48780.4878,41.0,0.0,41,41,41,41.0,0.0,41,41,0,0.0,0.0,0,0,1,0,0,0,64,0,48780.4878,0.0,0,14,9.333333333,8.082903769,65.33333333,0,1,0,0,1,0,0,0,0,14.0,7.0,0.0,64,0,0,0,0,0,0,2,14,0,0,229,-1,0,32,0.0,0.0,0,0,0.0,0.0,0,0,BruteForce
8993899,9,15,119,188,41,0,13.22222222,12.99786307,34,0,12.53333333,14.54975045,34.13425034,2.668475597,391039.08700000006,1009174.494,3385434,4,6069183,758647.875,1389098.217,3429246,48,8993833,642416.6429,1244834.736,3385434,4,0,0,0,0,296,488,1.000678349,1.667797248,0,41,12.28,13.6550357,186.46,0,0,0,1,0,0,0,0,1,12.79166667,13.22222222,12.53333333,296,0,0,0,0,0,0,9,119,15,188,29200,227,6,32,0.0,0.0,0,0,0.0,0.0,0,0,BruteForce
10069604,9,15,105,188,23,0,11.66666667,9.313968005,34,0,12.53333333,14.54975045,29.09746997,2.383410509,437808.8696,1132051.472,3522265,1,6504922,813115.25,1486536.37,3278802,3,10100000,719248.7857,1396705.747,3522265,1,0,0,0,0,296,488,0.893778941,1.489631568,0,34,11.72,12.59139918,158.5433333,0,0,0,1,0,0,0,0,1,12.20833333,11.66666667,12.53333333,296,0,0,0,0,0,0,9,105,15,188,29200,227,6,32,0.0,0.0,0,0,0.0,0.0,0,0,BruteForce
10074799,9,15,103,188,23,0,11.44444444,9.098229376,34,0,12.53333333,14.54975045,28.88395094,2.38218152,438034.7391,1132788.25,3524218,3,6508498,813562.25,1486209.801,3285728,220,10100000,719624.8571,1397632.934,3524218,3,0,0,0,0,296,488,0.89331807,1.48886345,0,34,11.64,12.53953747,157.24,0,0,0,1,0,0,0,0,1,12.125,11.44444444,12.53333333,296,0,0,0,0,0,0,9,103,15,188,29200,227,6,32,0.0,0.0,0,0,0.0,0.0,0,0,BruteForce
263,2,1,14,0,14,0,7.0,9.899494937,0,0,0.0,0.0,53231.93916,11406.84411,131.5,62.93250353,176,87,263,263.0,0.0,263,263,0,0.0,0.0,0,0,1,0,0,0,64,20,7604.562738,3802.281369,0,14,7.0,8.082903769,65.33333333,0,1,0,0,1,0,0,0,0,9.333333333,7.0,0.0,64,0,0,0,0,0,0,2,14,1,0,229,0,0,32,0.0,0.0,0,0,0.0,0.0,0,0,BruteForce
245,2,1,14,0,14,0,7.0,9.899494937,0,0,0.0,0.0,57142.85714,12244.89796,122.5,91.21677477,187,58,245,245.0,0.0,245,245,0,0.0,0.0,0,0,1,0,0,0,64,20,8163.265306,4081.632653,0,14,7.0,8.082903769,65.33333333,0,1,0,0,1,0,0,0,0,9.333333333,7.0,0.0,64,0,0,0,0,0,0,2,14,1,0,229,0,0,32,0.0,0.0,0,0,0.0,0.0,0,0,BruteForce
228,2,1,14,0,14,0,7.0,9.899494937,0,0,0.0,0.0,61403.50877000001,13157.89474,114.0,32.52691193,137,91,228,228.0,0.0,228,228,0,0.0,0.0,0,0,1,0,0,0,64,20,8771.929825,4385.9649119999995,0,14,7.0,8.082903769,65.33333333,0,1,0,0,1,0,0,0,0,9.333333333,7.0,0.0,64,0,0,0,0,0,0,2,14,1,0,229,0,0,32,0.0,0.0,0,0,0.0,0.0,0,0,BruteForce
4,2,0,14,0,14,0,7.0,9.899494937,0,0,0.0,0.0,3500000.0,500000.0,4.0,0.0,4,4,4,4.0,0.0,4,4,0,0.0,0.0,0,0,1,0,0,0,64,0,500000.0,0.0,0,14,9.333333333,8.082903769,65.33333333,0,1,0,0,1,0,0,0,0,14.0,7.0,0.0,64,0,0,0,0,0,0,2,14,0,0,229,-1,0,32,0.0,0.0,0,0,0.0,0.0,0,0,BruteForce
3,2,0,14,0,14,0,7.0,9.899494937,0,0,0.0,0.0,4666666.666999999,666666.6667,3.0,0.0,3,3,3,3.0,0.0,3,3,0,0.0,0.0,0,0,1,0,0,0,64,0,666666.6667,0.0,0,14,9.333333333,8.082903769,65.33333333,0,1,0,0,1,0,0,0,0,14.0,7.0,0.0,64,0,0,0,0,0,0,2,14,0,0,229,-1,0,32,0.0,0.0,0,0,0.0,0.0,0,0,BruteForce
9472559,9,15,102,188,24,0,11.33333333,9.110433579,34,0,12.53333333,14.54975045,30.61474729,2.5336342590000003,411850.3913,1050203.36,3244620,3,6184450,773056.25,1381191.045,3134080,255,9472499,676607.0714,1293679.625,3244620,3,0,0,0,0,296,488,0.950112847,1.583521412,0,34,11.6,12.54325848,157.33333330000005,0,0,0,1,0,0,0,0,1,12.08333333,11.33333333,12.53333333,296,0,0,0,0,0,0,9,102,15,188,29200,227,6,32,0.0,0.0,0,0,0.0,0.0,0,0,BruteForce
241,2,1,14,0,14,0,7.0,9.899494937,0,0,0.0,0.0,58091.28631,12448.13278,120.5,44.54772721,152,89,241,241.0,0.0,241,241,0,0.0,0.0,0,0,1,0,0,0,64,20,8298.755187,4149.377593,0,14,7.0,8.082903769,65.33333333,0,1,0,0,1,0,0,0,0,9.333333333,7.0,0.0,64,0,0,0,0,0,0,2,14,1,0,229,0,0,32,0.0,0.0,0,0,0.0,0.0,0,0,BruteForce
9300900,9,15,101,188,21,0,11.22222222,8.786036902000001,34,0,12.53333333,14.54975045,31.07226182,2.580395446,404386.9565,1048618.23,3216947,3,6424105,803013.125,1478485.458,3260843,356,9300793,664342.3571,1294177.96,3216947,3,0,0,0,0,296,488,0.967648292,1.612747154,0,34,11.56,12.46688948,155.4233333,0,0,0,1,0,0,0,0,1,12.04166667,11.22222222,12.53333333,296,0,0,0,0,0,0,9,101,15,188,29200,227,6,32,0.0,0.0,0,0,0.0,0.0,0,0,BruteForce
313,2,1,14,0,14,0,7.0,9.899494937,0,0,0.0,0.0,44728.4345,9584.664537,156.5,72.83199846,208,105,313,313.0,0.0,313,313,0,0.0,0.0,0,0,1,0,0,0,64,20,6389.776358,3194.888179,0,14,7.0,8.082903769,65.33333333,0,1,0,0,1,0,0,0,0,9.333333333,7.0,0.0,64,0,0,0,0,0,0,2,14,1,0,229,0,0,32,0.0,0.0,0,0,0.0,0.0,0,0,BruteForce
253,2,1,14,0,14,0,7.0,9.899494937,0,0,0.0,0.0,55335.96838,11857.70751,126.5,16.26345597,138,115,253,253.0,0.0,253,253,0,0.0,0.0,0,0,1,0,0,0,64,20,7905.13834,3952.56917,0,14,7.0,8.082903769,65.33333333,0,1,0,0,1,0,0,0,0,9.333333333,7.0,0.0,64,0,0,0,0,0,0,2,14,1,0,229,0,0,32,0.0,0.0,0,0,0.0,0.0,0,0,BruteForce
9234805,9,15,105,188,23,0,11.66666667,9.354143467,34,0,12.53333333,14.54975045,31.72779501,2.598863755,401513.2609,1037684.987,3204743,3,5987384,748423.0,1371423.0480000002,3097072,4,9234768,659626.2857,1280204.53,3204743,3,0,0,0,0,296,488,0.974573908,1.6242898469999998,0,34,11.72,12.60132268,158.7933333,0,0,0,1,0,0,0,0,1,12.20833333,11.66666667,12.53333333,296,0,0,0,0,0,0,9,105,15,188,29200,227,6,32,0.0,0.0,0,0,0.0,0.0,0,0,BruteForce
258,2,1,14,0,14,0,7.0,9.899494937,0,0,0.0,0.0,54263.56589,11627.90698,129.0,115.9655121,211,47,258,258.0,0.0,258,258,0,0.0,0.0,0,0,1,0,0,0,64,20,7751.937984,3875.968992,0,14,7.0,8.082903769,65.33333333,0,1,0,0,1,0,0,0,0,9.333333333,7.0,0.0,64,0,0,0,0,0,0,2,14,1,0,229,0,0,32,0.0,0.0,0,0,0.0,0.0,0,0,BruteForce
387,2,1,14,0,14,0,7.0,9.899494937,0,0,0.0,0.0,36175.710589999995,7751.937984,193.5,149.19953080000005,299,88,387,387.0,0.0,387,387,0,0.0,0.0,0,0,1,0,0,0,64,20,5167.958656,2583.979328,0,14,7.0,8.082903769,65.33333333,0,1,0,0,1,0,0,0,0,9.333333333,7.0,0.0,64,0,0,0,0,0,0,2,14,1,0,229,0,0,32,0.0,0.0,0,0,0.0,0.0,0,0,BruteForce
9286233,9,15,97,188,20,0,10.77777778,8.363279527000001,34,0,12.53333333,14.54975045,30.69059327,2.584471012,403749.2609,1050687.32,3304911,3,6450536,806317.0,1492163.102,3349003,49,9286087,663291.9286,1297240.662,3304911,3,0,0,0,0,296,488,0.96917663,1.6152943830000002,0,34,11.4,12.37605214,153.16666669999995,0,0,0,1,0,0,0,0,1,11.875,10.77777778,12.53333333,296,0,0,0,0,0,0,9,97,15,188,29200,227,6,32,0.0,0.0,0,0,0.0,0.0,0,0,BruteForce
9285855,9,15,104,188,23,0,11.55555556,9.221050796,34,0,12.53333333,14.54975045,31.44567732,2.584576218,403732.8261,1050820.611,3304493,3,6451166,806395.75,1492943.5180000004,3350153,225,9285748,663267.7143,1297427.115,3304493,3,0,0,0,0,296,488,0.969216082,1.6153601359999998,0,34,11.68,12.56887691,157.97666669999995,0,0,0,1,0,0,0,0,1,12.16666667,11.55555556,12.53333333,296,0,0,0,0,0,0,9,104,15,188,29200,227,6,32,0.0,0.0,0,0,0.0,0.0,0,0,BruteForce
258,2,1,14,0,14,0,7.0,9.899494937,0,0,0.0,0.0,54263.56589,11627.90698,129.0,111.72287140000002,208,50,258,258.0,0.0,258,258,0,0.0,0.0,0,0,1,0,0,0,64,20,7751.937984,3875.968992,0,14,7.0,8.082903769,65.33333333,0,1,0,0,1,0,0,0,0,9.333333333,7.0,0.0,64,0,0,0,0,0,0,2,14,1,0,229,0,0,32,0.0,0.0,0,0,0.0,0.0,0,0,BruteForce
10005573,9,15,104,188,25,0,11.55555556,9.328867979,34,0,12.53333333,14.54975045,29.1837359,2.398663225,435024.91299999994,1115770.241,3420978,3,6656525,832065.625,1502811.72,3463528,48,10000000,714672.9286,1375363.049,3420978,3,0,0,0,0,296,488,0.8994987090000001,1.499164516,0,34,11.68,12.59536952,158.64333330000005,0,0,0,1,0,0,0,0,1,12.16666667,11.55555556,12.53333333,296,0,0,0,0,0,0,9,104,15,188,29200,227,6,32,0.0,0.0,0,0,0.0,0.0,0,0,BruteForce
8975586,9,15,104,188,23,0,11.55555556,9.193898943,34,0,12.53333333,14.54975045,32.5326948,2.673920121,390242.8696,1024280.831,3425539,3,5506427,688303.375,1282960.229,3054057,250,8975457,641104.0714,1265820.872,3425539,3,0,0,0,0,296,488,1.002720045,1.671200075,0,34,11.68,12.56224502,157.81,0,0,0,1,0,0,0,0,1,12.16666667,11.55555556,12.53333333,296,0,0,0,0,0,0,9,104,15,188,29200,227,6,32,0.0,0.0,0,0,0.0,0.0,0,0,BruteForce
8074498,9,15,100,188,24,0,11.11111111,8.894442709,34,0,12.53333333,14.54975045,35.66785204,2.972321004,351065.1304,909805.1115,2835705,4,5513005,689125.625,1275553.841,2879523,4,8074381,576741.5,1122784.476,2835705,19,0,0,0,0,296,488,1.114620376,1.857700627,0,34,11.52,12.49373176,156.0933333,0,0,0,1,0,0,0,0,1,12.0,11.11111111,12.53333333,296,0,0,0,0,0,0,9,100,15,188,29200,227,6,32,0.0,0.0,0,0,0.0,0.0,0,0,BruteForce
217,2,1,14,0,14,0,7.0,9.899494937,0,0,0.0,0.0,64516.12903,13824.88479,108.5,78.48885271,164,53,217,217.0,0.0,217,217,0,0.0,0.0,0,0,1,0,0,0,64,20,9216.589862,4608.294931,0,14,7.0,8.082903769,65.33333333,0,1,0,0,1,0,0,0,0,9.333333333,7.0,0.0,64,0,0,0,0,0,0,2,14,1,0,229,0,0,32,0.0,0.0,0,0,0.0,0.0,0,0,BruteForce
8542425,9,15,97,188,20,0,10.77777778,8.363279527000001,34,0,12.53333333,14.54975045,33.36289168,2.809506668,371409.7826,949628.5039,3012859,3,5664538,708067.25,1277102.669,3054248,224,8542309,610164.9286,1170151.087,3012859,3,0,0,0,0,296,488,1.053565001,1.7559416680000002,0,34,11.4,12.37605214,153.16666669999995,0,0,0,1,0,0,0,0,1,11.875,10.77777778,12.53333333,296,0,0,0,0,0,0,9,97,15,188,29200,227,6,32,0.0,0.0,0,0,0.0,0.0,0,0,BruteForce
45,2,0,14,0,14,0,7.0,9.899494937,0,0,0.0,0.0,311111.1111,44444.44444,45.0,0.0,45,45,45,45.0,0.0,45,45,0,0.0,0.0,0,0,1,0,0,0,64,0,44444.44444,0.0,0,14,9.333333333,8.082903769,65.33333333,0,1,0,0,1,0,0,0,0,14.0,7.0,0.0,64,0,0,0,0,0,0,2,14,0,0,229,-1,0,32,0.0,0.0,0,0,0.0,0.0,0,0,BruteForce
248,2,1,14,0,14,0,7.0,9.899494937,0,0,0.0,0.0,56451.6129,12096.77419,124.0,60.81118318,167,81,248,248.0,0.0,248,248,0,0.0,0.0,0,0,1,0,0,0,64,20,8064.516129000002,4032.258065,0,14,7.0,8.082903769,65.33333333,0,1,0,0,1,0,0,0,0,9.333333333,7.0,0.0,64,0,0,0,0,0,0,2,14,1,0,229,0,0,32,0.0,0.0,0,0,0.0,0.0,0,0,BruteForce
9030518,9,15,105,188,23,0,11.66666667,9.354143467,34,0,12.53333333,14.54975045,32.44553635,2.657654854,392631.2174,1030707.468,3461089,36,6564934,820616.75,1522500.796,3505709,218,9030400,645028.5714,1273783.364,3461089,43,0,0,0,0,296,488,0.99662057,1.661034284,0,34,11.72,12.60132268,158.7933333,0,0,0,1,0,0,0,0,1,12.20833333,11.66666667,12.53333333,296,0,0,0,0,0,0,9,105,15,188,29200,227,6,32,0.0,0.0,0,0,0.0,0.0,0,0,BruteForce
9029065,9,15,107,188,23,0,11.88888889,9.545214042,34,0,12.53333333,14.54975045,32.67226451,2.658082537,392568.0435,1030318.62,3463443,3,6564357,820544.625,1522374.507,3505864,4,9028967,644926.2143,1273272.46,3463443,3,0,0,0,0,296,488,0.996780951,1.661301585,0,34,11.8,12.64911064,160.0,0,0,0,1,0,0,0,0,1,12.29166667,11.88888889,12.53333333,296,0,0,0,0,0,0,9,107,15,188,29200,227,6,32,0.0,0.0,0,0,0.0,0.0,0,0,BruteForce
8167698,9,15,107,188,23,0,11.88888889,9.532109479,34,0,12.53333333,14.54975045,36.11788781,2.938404432,355117.3043,920970.6915,2852623,3,5524967,690620.875,1279020.203,2896673,3,8167577,583398.3571,1136655.097,2852623,3,0,0,0,0,296,488,1.101901662,1.83650277,0,34,11.8,12.64581617,159.91666669999995,0,0,0,1,0,0,0,0,1,12.29166667,11.88888889,12.53333333,296,0,0,0,0,0,0,9,107,15,188,29200,227,6,32,0.0,0.0,0,0,0.0,0.0,0,0,BruteForce
8166599,9,15,101,188,23,0,11.22222222,8.941165721,34,0,12.53333333,14.54975045,35.38804832,2.93879986,355069.5217,920559.5178,2855072,3,5526452,690806.5,1278873.68,2897030,3,8166507,583321.9286,1136107.347,2855072,3,0,0,0,0,296,488,1.102049948,1.836749913,0,34,11.56,12.50359948,156.34,0,0,0,1,0,0,0,0,1,12.04166667,11.22222222,12.53333333,296,0,0,0,0,0,0,9,101,15,188,29200,227,6,32,0.0,0.0,0,0,0.0,0.0,0,0,BruteForce
9613853,9,15,103,188,23,0,11.44444444,9.098229376,34,0,12.53333333,14.54975045,30.26882146,2.496397646,417993.6087,1088731.936,3461504,3,6110403,763800.375,1412668.176,3091390,3,9613730,686695.0,1344344.19,3461504,3,0,0,0,0,296,488,0.936149117,1.560248529,0,34,11.64,12.53953747,157.24,0,0,0,1,0,0,0,0,1,12.125,11.44444444,12.53333333,296,0,0,0,0,0,0,9,103,15,188,29200,227,6,32,0.0,0.0,0,0,0.0,0.0,0,0,BruteForce
9636922,9,15,107,188,23,0,11.88888889,9.545214042,34,0,12.53333333,14.54975045,30.61143382,2.490421734,418996.6087,1090551.917,3460673,3,6134149,766768.625,1416283.051,3092124,243,9636877,688348.3571,1346480.934,3460673,3,0,0,0,0,296,488,0.93390815,1.556513584,0,34,11.8,12.64911064,160.0,0,0,0,1,0,0,0,0,1,12.29166667,11.88888889,12.53333333,296,0,0,0,0,0,0,9,107,15,188,29200,227,6,32,0.0,0.0,0,0,0.0,0.0,0,0,BruteForce
8712829,9,15,100,188,23,0,11.11111111,8.823894328,34,0,12.53333333,14.54975045,33.05470588,2.7545588239999996,378818.6522,984825.0874,3050491,4,5620181,702522.625,1303066.794,3011015,4,8712711,622336.5,1215789.328,3050491,18,0,0,0,0,296,488,1.032959559,1.721599265,0,34,11.52,12.47704559,155.6766667,0,0,0,1,0,0,0,0,1,12.0,11.11111111,12.53333333,296,0,0,0,0,0,0,9,100,15,188,29200,227,6,32,0.0,0.0,0,0,0.0,0.0,0,0,BruteForce
8937493,9,15,103,188,22,0,11.44444444,9.043106644,34,0,12.53333333,14.54975045,32.55946606,2.685316788,388586.6522,1008353.127,3032011,3,5865048,733131.0,1354670.78,3054118,49,8937372,638383.7143,1244580.228,3032011,3,0,0,0,0,296,488,1.006993796,1.678322993,0,34,11.64,12.52623913,156.9066667,0,0,0,1,0,0,0,0,1,12.125,11.44444444,12.53333333,296,0,0,0,0,0,0,9,103,15,188,29200,227,6,32,0.0,0.0,0,0,0.0,0.0,0,0,BruteForce
8538166,9,15,99,188,20,0,11.0,8.544003745,34,0,12.53333333,14.54975045,33.61377607,2.8109081039999997,371224.6087,960024.3524,3011893,3,5739490,717436.25,1320649.138,3052855,248,8538043,609860.2143,1184482.603,3011893,3,0,0,0,0,296,488,1.0540905390000002,1.756817565,0,34,11.48,12.41343358,154.0933333,0,0,0,1,0,0,0,0,1,11.95833333,11.0,12.53333333,296,0,0,0,0,0,0,9,99,15,188,29200,227,6,32,0.0,0.0,0,0,0.0,0.0,0,0,BruteForce
9675015,9,15,101,188,23,0,11.22222222,8.941165721,34,0,12.53333333,14.54975045,29.87075472,2.480616309,420652.8261,1095406.843,3480790,3,6151098,768887.25,1422021.05,3113259,3,9674896,691064.0,1352552.021,3480790,3,0,0,0,0,296,488,0.930231116,1.550385193,0,34,11.56,12.50359948,156.34,0,0,0,1,0,0,0,0,1,12.04166667,11.22222222,12.53333333,296,0,0,0,0,0,0,9,101,15,188,29200,227,6,32,0.0,0.0,0,0,0.0,0.0,0,0,BruteForce
8546946,9,15,106,188,23,0,11.77777778,9.497075573,34,0,12.53333333,14.54975045,34.39825173,2.8080205489999996,371606.3478,964350.4006,2984712,3,5516365,689545.625,1276794.778,2881874,4,8546824,610487.4286,1190278.555,2984712,3,0,0,0,0,296,488,1.053007706,1.755012843,0,34,11.76,12.63685087,159.69,0,0,0,1,0,0,0,0,1,12.25,11.77777778,12.53333333,296,0,0,0,0,0,0,9,106,15,188,29200,227,6,32,0.0,0.0,0,0,0.0,0.0,0,0,BruteForce
3,2,0,14,0,14,0,7.0,9.899494937,0,0,0.0,0.0,4666666.666999999,666666.6667,3.0,0.0,3,3,3,3.0,0.0,3,3,0,0.0,0.0,0,0,1,0,0,0,64,0,666666.6667,0.0,0,14,9.333333333,8.082903769,65.33333333,0,1,0,0,1,0,0,0,0,14.0,7.0,0.0,64,0,0,0,0,0,0,2,14,0,0,229,-1,0,32,0.0,0.0,0,0,0.0,0.0,0,0,BruteForce
248,2,1,14,0,14,0,7.0,9.899494937,0,0,0.0,0.0,56451.6129,12096.77419,124.0,70.71067812,174,74,248,248.0,0.0,248,248,0,0.0,0.0,0,0,1,0,0,0,64,20,8064.516129000002,4032.258065,0,14,7.0,8.082903769,65.33333333,0,1,0,0,1,0,0,0,0,9.333333333,7.0,0.0,64,0,0,0,0,0,0,2,14,1,0,229,0,0,32,0.0,0.0,0,0,0.0,0.0,0,0,BruteForce
266,2,1,14,0,14,0,7.0,9.899494937,0,0,0.0,0.0,52631.57895,11278.19549,133.0,25.45584412,151,115,266,266.0,0.0,266,266,0,0.0,0.0,0,0,1,0,0,0,64,20,7518.796992,3759.398496,0,14,7.0,8.082903769,65.33333333,0,1,0,0,1,0,0,0,0,9.333333333,7.0,0.0,64,0,0,0,0,0,0,2,14,1,0,229,0,0,32,0.0,0.0,0,0,0.0,0.0,0,0,BruteForce
8854983,9,15,107,188,24,0,11.88888889,9.649409884,34,0,12.53333333,14.54975045,33.31457553,2.710338348,384999.2609,1011652.93,3228742,3,5585770,698221.25,1314680.259,3253784,3,8854866,632490.4286,1250366.825,3228742,3,0,0,0,0,296,488,1.016376881,1.693961468,0,34,11.8,12.67543556,160.66666669999995,0,0,0,1,0,0,0,0,1,12.29166667,11.88888889,12.53333333,296,0,0,0,0,0,0,9,107,15,188,29200,227,6,32,0.0,0.0,0,0,0.0,0.0,0,0,BruteForce
3,2,0,14,0,14,0,7.0,9.899494937,0,0,0.0,0.0,4666666.666999999,666666.6667,3.0,0.0,3,3,3,3.0,0.0,3,3,0,0.0,0.0,0,0,1,0,0,0,64,0,666666.6667,0.0,0,14,9.333333333,8.082903769,65.33333333,0,1,0,0,1,0,0,0,0,14.0,7.0,0.0,64,0,0,0,0,0,0,2,14,0,0,229,-1,0,32,0.0,0.0,0,0,0.0,0.0,0,0,BruteForce
8882924,9,15,104,188,23,0,11.55555556,9.355628134,34,0,12.53333333,14.54975045,32.8720588,2.701813052,386214.08700000006,997409.3756,3088692,3,5752337,719042.125,1315726.654,2979700,199,8882862,634490.1429,1230416.949,3088692,3,0,0,0,0,296,488,1.013179894,1.688633157,0,34,11.68,12.60198397,158.81,0,0,0,1,0,0,0,0,1,12.16666667,11.55555556,12.53333333,296,0,0,0,0,0,0,9,104,15,188,29200,227,6,32,0.0,0.0,0,0,0.0,0.0,0,0,BruteForce
8419239,9,15,97,188,20,0,10.77777778,8.363279527000001,34,0,12.53333333,14.54975045,33.85104046,2.850613933,366053.8696,958240.3114,3207409,3,6093705,761713.125,1412742.685,3249553,3,8419120,601365.7143,1183866.414,3207409,3,0,0,0,0,296,488,1.068980225,1.7816337080000002,0,34,11.4,12.37605214,153.16666669999995,0,0,0,1,0,0,0,0,1,11.875,10.77777778,12.53333333,296,0,0,0,0,0,0,9,97,15,188,29200,227,6,32,0.0,0.0,0,0,0.0,0.0,0,0,BruteForce
8935843,9,15,106,188,26,0,11.77777778,9.653726972,34,0,12.53333333,14.54975045,32.90120473,2.685812631,388514.91299999994,1009512.635,3184740,3,6221059,777632.375,1436301.265,3229117,246,8935730,638266.4286,1246195.492,3184740,3,0,0,0,0,296,488,1.007179737,1.678632895,0,34,11.76,12.67635594,160.69,0,0,0,1,0,0,0,0,1,12.25,11.77777778,12.53333333,296,0,0,0,0,0,0,9,106,15,188,29200,227,6,32,0.0,0.0,0,0,0.0,0.0,0,0,BruteForce
44,2,0,14,0,14,0,7.0,9.899494937,0,0,0.0,0.0,318181.8182,45454.54545,44.0,0.0,44,44,44,44.0,0.0,44,44,0,0.0,0.0,0,0,1,0,0,0,64,0,45454.54545,0.0,0,14,9.333333333,8.082903769,65.33333333,0,1,0,0,1,0,0,0,0,14.0,7.0,0.0,64,0,0,0,0,0,0,2,14,0,0,229,-1,0,32,0.0,0.0,0,0,0.0,0.0,0,0,BruteForce
310,2,1,14,0,14,0,7.0,9.899494937,0,0,0.0,0.0,45161.29032,9677.419355,155.0,70.71067812,205,105,310,310.0,0.0,310,310,0,0.0,0.0,0,0,1,0,0,0,64,20,6451.612903,3225.806452,0,14,7.0,8.082903769,65.33333333,0,1,0,0,1,0,0,0,0,9.333333333,7.0,0.0,64,0,0,0,0,0,0,2,14,1,0,229,0,0,32,0.0,0.0,0,0,0.0,0.0,0,0,BruteForce
8267883,9,15,105,188,23,0,11.66666667,9.300537619,34,0,12.53333333,14.54975045,35.43833409,2.9027986969999997,359473.1739,939281.004,3188612,3,5038892,629861.5,1163494.303,2547009,3,8267775,590555.3571,1160210.406,3188612,3,0,0,0,0,296,488,1.088549511,1.814249186,0,34,11.72,12.58808961,158.46,0,0,0,1,0,0,0,0,1,12.20833333,11.66666667,12.53333333,296,0,0,0,0,0,0,9,105,15,188,29200,227,6,32,0.0,0.0,0,0,0.0,0.0,0,0,BruteForce
3,2,0,14,0,14,0,7.0,9.899494937,0,0,0.0,0.0,4666666.666999999,666666.6667,3.0,0.0,3,3,3,3.0,0.0,3,3,0,0.0,0.0,0,0,1,0,0,0,64,0,666666.6667,0.0,0,14,9.333333333,8.082903769,65.33333333,0,1,0,0,1,0,0,0,0,14.0,7.0,0.0,64,0,0,0,0,0,0,2,14,0,0,229,-1,0,32,0.0,0.0,0,0,0.0,0.0,0,0,BruteForce
3,2,0,14,0,14,0,7.0,9.899494937,0,0,0.0,0.0,4666666.666999999,666666.6667,3.0,0.0,3,3,3,3.0,0.0,3,3,0,0.0,0.0,0,0,1,0,0,0,64,0,666666.6667,0.0,0,14,9.333333333,8.082903769,65.33333333,0,1,0,0,1,0,0,0,0,14.0,7.0,0.0,64,0,0,0,0,0,0,2,14,0,0,229,-1,0,32,0.0,0.0,0,0,0.0,0.0,0,0,BruteForce
219,2,1,14,0,14,0,7.0,9.899494937,0,0,0.0,0.0,63926.94064,13698.63014,109.5,38.89087297,137,82,219,219.0,0.0,219,219,0,0.0,0.0,0,0,1,0,0,0,64,20,9132.420091,4566.210046,0,14,7.0,8.082903769,65.33333333,0,1,0,0,1,0,0,0,0,9.333333333,7.0,0.0,64,0,0,0,0,0,0,2,14,1,0,229,0,0,32,0.0,0.0,0,0,0.0,0.0,0,0,BruteForce
211,2,1,14,0,14,0,7.0,9.899494937,0,0,0.0,0.0,66350.7109,14218.00948,105.5,65.76093065,152,59,211,211.0,0.0,211,211,0,0.0,0.0,0,0,1,0,0,0,64,20,9478.672986,4739.336493,0,14,7.0,8.082903769,65.33333333,0,1,0,0,1,0,0,0,0,9.333333333,7.0,0.0,64,0,0,0,0,0,0,2,14,1,0,229,0,0,32,0.0,0.0,0,0,0.0,0.0,0,0,BruteForce
220,2,1,14,0,14,0,7.0,9.899494937,0,0,0.0,0.0,63636.36364,13636.36364,110.0,83.43860018,169,51,220,220.0,0.0,220,220,0,0.0,0.0,0,0,1,0,0,0,64,20,9090.909091,4545.454545000001,0,14,7.0,8.082903769,65.33333333,0,1,0,0,1,0,0,0,0,9.333333333,7.0,0.0,64,0,0,0,0,0,0,2,14,1,0,229,0,0,32,0.0,0.0,0,0,0.0,0.0,0,0,BruteForce
8788380,9,15,106,188,23,0,11.77777778,9.444281044,34,0,12.53333333,14.54975045,33.45326442,2.7308787289999996,382103.4783,996594.4364,3212725,3,5782095,722761.875,1348248.831,3255056,49,8788257,627732.6429,1230759.438,3212725,3,0,0,0,0,296,488,1.024079523,1.706799205,0,34,11.76,12.62365504,159.35666669999995,0,0,0,1,0,0,0,0,1,12.25,11.77777778,12.53333333,296,0,0,0,0,0,0,9,106,15,188,29200,227,6,32,0.0,0.0,0,0,0.0,0.0,0,0,BruteForce
228,2,1,14,0,14,0,7.0,9.899494937,0,0,0.0,0.0,61403.50877000001,13157.89474,114.0,36.76955262,140,88,228,228.0,0.0,228,228,0,0.0,0.0,0,0,1,0,0,0,64,20,8771.929825,4385.9649119999995,0,14,7.0,8.082903769,65.33333333,0,1,0,0,1,0,0,0,0,9.333333333,7.0,0.0,64,0,0,0,0,0,0,2,14,1,0,229,0,0,32,0.0,0.0,0,0,0.0,0.0,0,0,BruteForce
8202581,9,15,103,188,23,0,11.44444444,9.098229376,34,0,12.53333333,14.54975045,35.47663839,2.925908321,356633.9565,925994.9569,2912073,4,5503926,687990.75,1276871.07,2955337,4,8202465,585890.3571,1143005.003,2912073,4,0,0,0,0,296,488,1.09721562,1.828692701,0,34,11.64,12.53953747,157.24,0,0,0,1,0,0,0,0,1,12.125,11.44444444,12.53333333,296,0,0,0,0,0,0,9,103,15,188,29200,227,6,32,0.0,0.0,0,0,0.0,0.0,0,0,BruteForce
8215752,9,15,103,188,21,0,11.44444444,9.02927338,34,0,12.53333333,14.54975045,35.41976437,2.92121768,357206.6087,926282.2605,2904689,3,5504940,688117.5,1276984.152,2952819,222,8215631,586830.7857,1143196.321,2904689,3,0,0,0,0,296,488,1.09545663,1.82576105,0,34,11.64,12.52291233,156.8233333,0,0,0,1,0,0,0,0,1,12.125,11.44444444,12.53333333,296,0,0,0,0,0,0,9,103,15,188,29200,227,6,32,0.0,0.0,0,0,0.0,0.0,0,0,BruteForce
237,2,1,14,0,14,0,7.0,9.899494937,0,0,0.0,0.0,59071.72996,12658.22785,118.5,2.121320344,120,117,237,237.0,0.0,237,237,0,0.0,0.0,0,0,1,0,0,0,64,20,8438.818565000001,4219.409283,0,14,7.0,8.082903769,65.33333333,0,1,0,0,1,0,0,0,0,9.333333333,7.0,0.0,64,0,0,0,0,0,0,2,14,1,0,229,0,0,32,0.0,0.0,0,0,0.0,0.0,0,0,BruteForce
224,2,1,14,0,14,0,7.0,9.899494937,0,0,0.0,0.0,62500.0,13392.85714,112.0,22.627417,128,96,224,224.0,0.0,224,224,0,0.0,0.0,0,0,1,0,0,0,64,20,8928.571429000001,4464.285714,0,14,7.0,8.082903769,65.33333333,0,1,0,0,1,0,0,0,0,9.333333333,7.0,0.0,64,0,0,0,0,0,0,2,14,1,0,229,0,0,32,0.0,0.0,0,0,0.0,0.0,0,0,BruteForce
8504938,9,15,108,188,23,0,12.0,9.656603958,34,0,12.53333333,14.54975045,34.80331074,2.82189006,369779.91299999994,961045.188,3085226,3,5690269,711283.625,1320694.494,3129101,386,8504816,607486.8571,1186395.797,3085226,3,0,0,0,0,296,488,1.058208772,1.7636812869999998,0,34,11.84,12.67767066,160.7233333,0,0,0,1,0,0,0,0,1,12.33333333,12.0,12.53333333,296,0,0,0,0,0,0,9,108,15,188,29200,227,6,32,0.0,0.0,0,0,0.0,0.0,0,0,BruteForce
8642911,9,15,102,188,24,0,11.33333333,9.110433579,34,0,12.53333333,14.54975045,33.55350992,2.7768422010000005,375778.7391,977072.8861,3085364,3,5691300,711412.5,1321105.602,3128168,189,8642790,617342.1429,1206240.299,3085364,3,0,0,0,0,296,488,1.041315825,1.735526375,0,34,11.6,12.54325848,157.33333330000005,0,0,0,1,0,0,0,0,1,12.08333333,11.33333333,12.53333333,296,0,0,0,0,0,0,9,102,15,188,29200,227,6,32,0.0,0.0,0,0,0.0,0.0,0,0,BruteForce
48,2,0,14,0,14,0,7.0,9.899494937,0,0,0.0,0.0,291666.6667,41666.66667,48.0,0.0,48,48,48,48.0,0.0,48,48,0,0.0,0.0,0,0,1,0,0,0,64,0,41666.66667,0.0,0,14,9.333333333,8.082903769,65.33333333,0,1,0,0,1,0,0,0,0,14.0,7.0,0.0,64,0,0,0,0,0,0,2,14,0,0,229,-1,0,32,0.0,0.0,0,0,0.0,0.0,0,0,BruteForce
4,2,0,14,0,14,0,7.0,9.899494937,0,0,0.0,0.0,3500000.0,500000.0,4.0,0.0,4,4,4,4.0,0.0,4,4,0,0.0,0.0,0,0,1,0,0,0,64,0,500000.0,0.0,0,14,9.333333333,8.082903769,65.33333333,0,1,0,0,1,0,0,0,0,14.0,7.0,0.0,64,0,0,0,0,0,0,2,14,0,0,229,-1,0,32,0.0,0.0,0,0,0.0,0.0,0,0,BruteForce
8869634,9,15,100,188,20,0,11.11111111,8.652231568,34,0,12.53333333,14.54975045,32.47033643,2.705861369,385636.2609,995732.4111,3080687,3,5741458,717682.25,1315156.102,2973496,227,8869548,633539.1429,1228322.745,3080687,3,0,0,0,0,296,488,1.014698013,1.691163356,0,34,11.52,12.43690744,154.6766667,0,0,0,1,0,0,0,0,1,12.0,11.11111111,12.53333333,296,0,0,0,0,0,0,9,100,15,188,29200,227,6,32,0.0,0.0,0,0,0.0,0.0,0,0,BruteForce
8552323,9,15,104,188,23,0,11.55555556,9.193898943,34,0,12.53333333,14.54975045,34.14277033,2.806255096,371840.1304,964876.3461,3006874,3,5836276,729534.5,1350879.948,3051257,3,8552207,610871.9286,1190915.676,3006874,3,0,0,0,0,296,488,1.052345661,1.753909435,0,34,11.68,12.56224502,157.81,0,0,0,1,0,0,0,0,1,12.16666667,11.55555556,12.53333333,296,0,0,0,0,0,0,9,104,15,188,29200,227,6,32,0.0,0.0,0,0,0.0,0.0,0,0,BruteForce
3,2,0,14,0,14,0,7.0,9.899494937,0,0,0.0,0.0,4666666.666999999,666666.6667,3.0,0.0,3,3,3,3.0,0.0,3,3,0,0.0,0.0,0,0,1,0,0,0,64,0,666666.6667,0.0,0,14,9.333333333,8.082903769,65.33333333,0,1,0,0,1,0,0,0,0,14.0,7.0,0.0,64,0,0,0,0,0,0,2,14,0,0,229,-1,0,32,0.0,0.0,0,0,0.0,0.0,0,0,BruteForce
367,2,1,14,0,14,0,7.0,9.899494937,0,0,0.0,0.0,38147.13896,8174.386920999999,183.5,142.12846299999995,284,83,367,367.0,0.0,367,367,0,0.0,0.0,0,0,1,0,0,0,64,20,5449.591281,2724.79564,0,14,7.0,8.082903769,65.33333333,0,1,0,0,1,0,0,0,0,9.333333333,7.0,0.0,64,0,0,0,0,0,0,2,14,1,0,229,0,0,32,0.0,0.0,0,0,0.0,0.0,0,0,BruteForce
234,2,1,14,0,14,0,7.0,9.899494937,0,0,0.0,0.0,59829.05983,12820.51282,117.0,39.59797975,145,89,234,234.0,0.0,234,234,0,0.0,0.0,0,0,1,0,0,0,64,20,8547.008547,4273.504274,0,14,7.0,8.082903769,65.33333333,0,1,0,0,1,0,0,0,0,9.333333333,7.0,0.0,64,0,0,0,0,0,0,2,14,1,0,229,0,0,32,0.0,0.0,0,0,0.0,0.0,0,0,BruteForce
8522051,9,15,104,188,23,0,11.55555556,9.275116052,34,0,12.53333333,14.54975045,34.26405216,2.816223465,370523.9565,964448.6309,3124035,3,5357840,669730.0,1237968.507,2801887,3,8521947,608710.5,1190795.82,3124035,3,0,0,0,0,296,488,1.0560838,1.760139666,0,34,11.68,12.58213019,158.31,0,0,0,1,0,0,0,0,1,12.16666667,11.55555556,12.53333333,296,0,0,0,0,0,0,9,104,15,188,29200,227,6,32,0.0,0.0,0,0,0.0,0.0,0,0,BruteForce
8493668,9,15,101,188,23,0,11.22222222,8.941165721,34,0,12.53333333,14.54975045,34.02534688,2.825634343,369289.91299999994,959488.6923,3009648,3,5697372,712171.5,1321436.7659999998,3053703,4,8493575,606683.9286,1184433.256,3009648,3,0,0,0,0,296,488,1.059612879,1.766021464,0,34,11.56,12.50359948,156.34,0,0,0,1,0,0,0,0,1,12.04166667,11.22222222,12.53333333,296,0,0,0,0,0,0,9,101,15,188,29200,227,6,32,0.0,0.0,0,0,0.0,0.0,0,0,BruteForce
8502322,9,15,106,188,24,0,11.77777778,9.666666667,34,0,12.53333333,14.54975045,34.57878918,2.8227583010000004,369666.1739,959799.7395,3011000,3,5706433,713304.125,1323396.159,3053526,205,8502167,607297.6429,1184728.774,3011000,3,0,0,0,0,296,488,1.058534363,1.7642239380000002,0,34,11.76,12.67964248,160.77333330000005,0,0,0,1,0,0,0,0,1,12.25,11.77777778,12.53333333,296,0,0,0,0,0,0,9,106,15,188,29200,227,6,32,0.0,0.0,0,0,0.0,0.0,0,0,BruteForce
8670649,9,15,107,188,25,0,11.88888889,9.675283516,34,0,12.53333333,14.54975045,34.02282805,2.767958892,376984.7391,959140.6179,3016894,3,5865491,733186.375,1312398.422,3061079,232,8670517,619322.6429,1181202.368,3016894,3,0,0,0,0,296,488,1.037984585,1.729974308,0,34,11.8,12.68200825,160.83333330000005,0,0,0,1,0,0,0,0,1,12.29166667,11.88888889,12.53333333,296,0,0,0,0,0,0,9,107,15,188,29200,227,6,32,0.0,0.0,0,0,0.0,0.0,0,0,BruteForce
4,2,0,14,0,14,0,7.0,9.899494937,0,0,0.0,0.0,3500000.0,500000.0,4.0,0.0,4,4,4,4.0,0.0,4,4,0,0.0,0.0,0,0,1,0,0,0,64,0,500000.0,0.0,0,14,9.333333333,8.082903769,65.33333333,0,1,0,0,1,0,0,0,0,14.0,7.0,0.0,64,0,0,0,0,0,0,2,14,0,0,229,-1,0,32,0.0,0.0,0,0,0.0,0.0,0,0,BruteForce
8791140,9,15,97,188,23,0,10.77777778,8.540751984,34,0,12.53333333,14.54975045,32.41900368,2.730021362,382223.4783,993760.1336,3108225,1,5892044,736505.5,1366592.418,3149154,4,8791115,627936.7857,1226827.051,3108225,1,0,0,0,0,296,488,1.023758011,1.706263352,0,34,11.4,12.41638702,154.16666669999995,0,0,0,1,0,0,0,0,1,11.875,10.77777778,12.53333333,296,0,0,0,0,0,0,9,97,15,188,29200,227,6,32,0.0,0.0,0,0,0.0,0.0,0,0,BruteForce
3,2,0,14,0,14,0,7.0,9.899494937,0,0,0.0,0.0,4666666.666999999,666666.6667,3.0,0.0,3,3,3,3.0,0.0,3,3,0,0.0,0.0,0,0,1,0,0,0,64,0,666666.6667,0.0,0,14,9.333333333,8.082903769,65.33333333,0,1,0,0,1,0,0,0,0,14.0,7.0,0.0,64,0,0,0,0,0,0,2,14,0,0,229,-1,0,32,0.0,0.0,0,0,0.0,0.0,0,0,BruteForce
251,2,1,14,0,14,0,7.0,9.899494937,0,0,0.0,0.0,55776.89242999999,11952.19124,125.5,57.27564928,166,85,251,251.0,0.0,251,251,0,0.0,0.0,0,0,1,0,0,0,64,20,7968.127490000003,3984.063745,0,14,7.0,8.082903769,65.33333333,0,1,0,0,1,0,0,0,0,9.333333333,7.0,0.0,64,0,0,0,0,0,0,2,14,1,0,229,0,0,32,0.0,0.0,0,0,0.0,0.0,0,0,BruteForce
8092533,9,15,105,188,22,0,11.66666667,9.300537619,34,0,12.53333333,14.54975045,36.20621627,2.9656968960000003,351849.2609,890686.3937,2868845,3,5428025,678503.125,1205545.71,2911803,3,8092459,578032.7857,1096259.169,2868845,3,0,0,0,0,296,488,1.1121363359999998,1.85356056,0,34,11.72,12.58808961,158.46,0,0,0,1,0,0,0,0,1,12.20833333,11.66666667,12.53333333,296,0,0,0,0,0,0,9,105,15,188,29200,227,6,32,0.0,0.0,0,0,0.0,0.0,0,0,BruteForce
7889360,9,15,102,188,21,0,11.33333333,8.902246907,34,0,12.53333333,14.54975045,36.75836823,3.0420718539999996,343015.6522,892170.0993,2868877,3,5232290,654036.25,1219754.928,2912187,221,7889255,563518.2143,1101463.122,2868877,3,0,0,0,0,296,488,1.140776945,1.901294909,0,34,11.6,12.49333155,156.08333330000005,0,0,0,1,0,0,0,0,1,12.08333333,11.33333333,12.53333333,296,0,0,0,0,0,0,9,102,15,188,29200,227,6,32,0.0,0.0,0,0,0.0,0.0,0,0,BruteForce
239,2,1,14,0,14,0,7.0,9.899494937,0,0,0.0,0.0,58577.40586,12552.30126,119.5,43.13351365,150,89,239,239.0,0.0,239,239,0,0.0,0.0,0,0,1,0,0,0,64,20,8368.200837,4184.100418,0,14,7.0,8.082903769,65.33333333,0,1,0,0,1,0,0,0,0,9.333333333,7.0,0.0,64,0,0,0,0,0,0,2,14,1,0,229,0,0,32,0.0,0.0,0,0,0.0,0.0,0,0,BruteForce
246,2,1,14,0,14,0,7.0,9.899494937,0,0,0.0,0.0,56910.56911,12195.12195,123.0,138.5929291,221,25,246,246.0,0.0,246,246,0,0.0,0.0,0,0,1,0,0,0,64,20,8130.081301,4065.04065,0,14,7.0,8.082903769,65.33333333,0,1,0,0,1,0,0,0,0,9.333333333,7.0,0.0,64,0,0,0,0,0,0,2,14,1,0,229,0,0,32,0.0,0.0,0,0,0.0,0.0,0,0,BruteForce
229,2,1,14,0,14,0,7.0,9.899494937,0,0,0.0,0.0,61135.371179999995,13100.43668,114.5,95.45941546,182,47,229,229.0,0.0,229,229,0,0.0,0.0,0,0,1,0,0,0,64,20,8733.624454,4366.812227,0,14,7.0,8.082903769,65.33333333,0,1,0,0,1,0,0,0,0,9.333333333,7.0,0.0,64,0,0,0,0,0,0,2,14,1,0,229,0,0,32,0.0,0.0,0,0,0.0,0.0,0,0,BruteForce
3,2,0,14,0,14,0,7.0,9.899494937,0,0,0.0,0.0,4666666.666999999,666666.6667,3.0,0.0,3,3,3,3.0,0.0,3,3,0,0.0,0.0,0,0,1,0,0,0,64,0,666666.6667,0.0,0,14,9.333333333,8.082903769,65.33333333,0,1,0,0,1,0,0,0,0,14.0,7.0,0.0,64,0,0,0,0,0,0,2,14,0,0,229,-1,0,32,0.0,0.0,0,0,0.0,0.0,0,0,BruteForce
219,2,1,14,0,14,0,7.0,9.899494937,0,0,0.0,0.0,63926.94064,13698.63014,109.5,79.90306627,166,53,219,219.0,0.0,219,219,0,0.0,0.0,0,0,1,0,0,0,64,20,9132.420091,4566.210046,0,14,7.0,8.082903769,65.33333333,0,1,0,0,1,0,0,0,0,9.333333333,7.0,0.0,64,0,0,0,0,0,0,2,14,1,0,229,0,0,32,0.0,0.0,0,0,0.0,0.0,0,0,BruteForce
221,2,1,14,0,14,0,7.0,9.899494937,0,0,0.0,0.0,63348.41629,13574.66063,110.5,41.71930009,140,81,221,221.0,0.0,221,221,0,0.0,0.0,0,0,1,0,0,0,64,20,9049.773756,4524.886878,0,14,7.0,8.082903769,65.33333333,0,1,0,0,1,0,0,0,0,9.333333333,7.0,0.0,64,0,0,0,0,0,0,2,14,1,0,229,0,0,32,0.0,0.0,0,0,0.0,0.0,0,0,BruteForce
8950693,9,15,93,188,18,0,10.33333333,7.874007874,34,0,12.53333333,14.54975045,31.39421719,2.681356628,389160.5652,1001611.829,3148569,4,5760033,720004.125,1307913.758,3107389,46,8950627,639330.5,1235131.165,3148569,4,0,0,0,0,296,488,1.005508735,1.675847892,0,34,11.24,12.27897933,150.77333330000005,0,0,0,1,0,0,0,0,1,11.70833333,10.33333333,12.53333333,296,0,0,0,0,0,0,9,93,15,188,29200,227,6,32,0.0,0.0,0,0,0.0,0.0,0,0,BruteForce
3,2,0,14,0,14,0,7.0,9.899494937,0,0,0.0,0.0,4666666.666999999,666666.6667,3.0,0.0,3,3,3,3.0,0.0,3,3,0,0.0,0.0,0,0,1,0,0,0,64,0,666666.6667,0.0,0,14,9.333333333,8.082903769,65.33333333,0,1,0,0,1,0,0,0,0,14.0,7.0,0.0,64,0,0,0,0,0,0,2,14,0,0,229,-1,0,32,0.0,0.0,0,0,0.0,0.0,0,0,BruteForce
18,2,0,14,0,14,0,7.0,9.899494937,0,0,0.0,0.0,777777.7778,111111.1111,18.0,0.0,18,18,18,18.0,0.0,18,18,0,0.0,0.0,0,0,1,0,0,0,64,0,111111.1111,0.0,0,14,9.333333333,8.082903769,65.33333333,0,1,0,0,1,0,0,0,0,14.0,7.0,0.0,64,0,0,0,0,0,0,2,14,0,0,229,-1,0,32,0.0,0.0,0,0,0.0,0.0,0,0,BruteForce
9005311,9,15,102,188,22,0,11.33333333,8.94427191,34,0,12.53333333,14.54975045,32.20321875,2.665093965,391535.2609,1019003.171,3144833,3,5814790,726848.75,1348642.329,3111747,221,9005191,643227.9286,1258134.909,3144833,3,0,0,0,0,296,488,0.999410237,1.665683728,0,34,11.6,12.50333289,156.33333330000005,0,0,0,1,0,0,0,0,1,12.08333333,11.33333333,12.53333333,296,0,0,0,0,0,0,9,102,15,188,29200,227,6,32,0.0,0.0,0,0,0.0,0.0,0,0,BruteForce
271,2,1,14,0,14,0,7.0,9.899494937,0,0,0.0,0.0,51660.51661,11070.1107,135.5,122.3294731,222,49,271,271.0,0.0,271,271,0,0.0,0.0,0,0,1,0,0,0,64,20,7380.073801,3690.0369,0,14,7.0,8.082903769,65.33333333,0,1,0,0,1,0,0,0,0,9.333333333,7.0,0.0,64,0,0,0,0,0,0,2,14,1,0,229,0,0,32,0.0,0.0,0,0,0.0,0.0,0,0,BruteForce
8778167,9,15,107,188,25,0,11.88888889,9.623466689,34,0,12.53333333,14.54975045,33.60610478,2.7340559819999997,381659.4348,990735.1731,3091827,3,5825839,728229.875,1349457.03,3136014,47,8778120,627008.5714,1222885.051,3091827,3,0,0,0,0,296,488,1.025270993,1.708784989,0,34,11.8,12.66885946,160.5,0,0,0,1,0,0,0,0,1,12.29166667,11.88888889,12.53333333,296,0,0,0,0,0,0,9,107,15,188,29200,227,6,32,0.0,0.0,0,0,0.0,0.0,0,0,BruteForce
9315008,9,15,101,188,22,0,11.22222222,8.828615092,34,0,12.53333333,14.54975045,31.02520148,2.57648732,405000.3478,1050248.655,3168759,3,6361815,795226.875,1465903.2769999998,3210750,320,9314903,665350.2143,1296196.107,3168759,3,0,0,0,0,296,488,0.966182745,1.610304575,0,34,11.56,12.47691201,155.6733333,0,0,0,1,0,0,0,0,1,12.04166667,11.22222222,12.53333333,296,0,0,0,0,0,0,9,101,15,188,29200,227,6,32,0.0,0.0,0,0,0.0,0.0,0,0,BruteForce
48,2,0,14,0,14,0,7.0,9.899494937,0,0,0.0,0.0,291666.6667,41666.66667,48.0,0.0,48,48,48,48.0,0.0,48,48,0,0.0,0.0,0,0,1,0,0,0,64,0,41666.66667,0.0,0,14,9.333333333,8.082903769,65.33333333,0,1,0,0,1,0,0,0,0,14.0,7.0,0.0,64,0,0,0,0,0,0,2,14,0,0,229,-1,0,32,0.0,0.0,0,0,0.0,0.0,0,0,BruteForce
28,2,0,14,0,14,0,7.0,9.899494937,0,0,0.0,0.0,500000.0,71428.57143,28.0,0.0,28,28,28,28.0,0.0,28,28,0,0.0,0.0,0,0,1,0,0,0,64,0,71428.57143,0.0,0,14,9.333333333,8.082903769,65.33333333,0,1,0,0,1,0,0,0,0,14.0,7.0,0.0,64,0,0,0,0,0,0,2,14,0,0,229,-1,0,32,0.0,0.0,0,0,0.0,0.0,0,0,BruteForce
8110881,9,15,108,188,23,0,12.0,9.656603958,34,0,12.53333333,14.54975045,36.49418602,2.9589880560000004,352647.0,909162.3445,3066656,3,5927032,740879.0,1340045.582,3108741,192,8110802,579343.0,1121353.772,3066656,3,0,0,0,0,296,488,1.109620521,1.849367535,0,34,11.84,12.67767066,160.7233333,0,0,0,1,0,0,0,0,1,12.33333333,12.0,12.53333333,296,0,0,0,0,0,0,9,108,15,188,29200,227,6,32,0.0,0.0,0,0,0.0,0.0,0,0,BruteForce
3,2,0,14,0,14,0,7.0,9.899494937,0,0,0.0,0.0,4666666.666999999,666666.6667,3.0,0.0,3,3,3,3.0,0.0,3,3,0,0.0,0.0,0,0,1,0,0,0,64,0,666666.6667,0.0,0,14,9.333333333,8.082903769,65.33333333,0,1,0,0,1,0,0,0,0,14.0,7.0,0.0,64,0,0,0,0,0,0,2,14,0,0,229,-1,0,32,0.0,0.0,0,0,0.0,0.0,0,0,BruteForce
8862125,9,15,107,188,25,0,11.88888889,9.829095132,34,0,12.53333333,14.54975045,33.28772727,2.708154083,385309.7826,985315.9642,3239762,3,5578423,697302.875,1243646.441,3129650,295,8862051,633003.6429,1214148.987,3239762,3,0,0,0,0,296,488,1.015557781,1.692596302,0,34,11.8,12.72137309,161.83333330000005,0,0,0,1,0,0,0,0,1,12.29166667,11.88888889,12.53333333,296,0,0,0,0,0,0,9,107,15,188,29200,227,6,32,0.0,0.0,0,0,0.0,0.0,0,0,BruteForce
8894890,9,15,108,188,23,0,12.0,9.656603958,34,0,12.53333333,14.54975045,33.27753351,2.698178392,386734.3478,987342.0286,3240628,3,5612157,701519.625,1247756.413,3145482,3,8894768,635340.5714,1216421.081,3240628,3,0,0,0,0,296,488,1.011816897,1.686361495,0,34,11.84,12.67767066,160.7233333,0,0,0,1,0,0,0,0,1,12.33333333,12.0,12.53333333,296,0,0,0,0,0,0,9,108,15,188,29200,227,6,32,0.0,0.0,0,0,0.0,0.0,0,0,BruteForce
8877629,9,15,112,188,27,0,12.44444444,10.29697906,34,0,12.53333333,14.54975045,33.79280662,2.703424529,385983.8696,987845.1168,3247214,4,5588497,698562.125,1248548.545,3143804,18,8877577,634112.6429,1217376.741,3247214,4,0,0,0,0,296,488,1.013784198,1.689640331,0,34,12.0,12.84847591,165.08333330000005,0,0,0,1,0,0,0,0,1,12.5,12.44444444,12.53333333,296,0,0,0,0,0,0,9,112,15,188,29200,227,6,32,0.0,0.0,0,0,0.0,0.0,0,0,BruteForce
48,2,0,14,0,14,0,7.0,9.899494937,0,0,0.0,0.0,291666.6667,41666.66667,48.0,0.0,48,48,48,48.0,0.0,48,48,0,0.0,0.0,0,0,1,0,0,0,64,0,41666.66667,0.0,0,14,9.333333333,8.082903769,65.33333333,0,1,0,0,1,0,0,0,0,14.0,7.0,0.0,64,0,0,0,0,0,0,2,14,0,0,229,-1,0,32,0.0,0.0,0,0,0.0,0.0,0,0,BruteForce
3,2,0,14,0,14,0,7.0,9.899494937,0,0,0.0,0.0,4666666.666999999,666666.6667,3.0,0.0,3,3,3,3.0,0.0,3,3,0,0.0,0.0,0,0,1,0,0,0,64,0,666666.6667,0.0,0,14,9.333333333,8.082903769,65.33333333,0,1,0,0,1,0,0,0,0,14.0,7.0,0.0,64,0,0,0,0,0,0,2,14,0,0,229,-1,0,32,0.0,0.0,0,0,0.0,0.0,0,0,BruteForce
8850882,9,15,104,188,22,0,11.55555556,9.166666667,34,0,12.53333333,14.54975045,32.99106236,2.711594167,384820.9565,1007423.912,3456347,2,5804227,725528.375,1362886.863,3499837,2,8850785,632198.9286,1244646.491,3456347,3,0,0,0,0,296,488,1.016847812,1.694746354,0,34,11.68,12.55560964,157.64333330000005,0,0,0,1,0,0,0,0,1,12.16666667,11.55555556,12.53333333,296,0,0,0,0,0,0,9,104,15,188,29200,227,6,32,0.0,0.0,0,0,0.0,0.0,0,0,BruteForce
4,2,0,14,0,14,0,7.0,9.899494937,0,0,0.0,0.0,3500000.0,500000.0,4.0,0.0,4,4,4,4.0,0.0,4,4,0,0.0,0.0,0,0,1,0,0,0,64,0,500000.0,0.0,0,14,9.333333333,8.082903769,65.33333333,0,1,0,0,1,0,0,0,0,14.0,7.0,0.0,64,0,0,0,0,0,0,2,14,0,0,229,-1,0,32,0.0,0.0,0,0,0.0,0.0,0,0,BruteForce
87,2,0,14,0,14,0,7.0,9.899494937,0,0,0.0,0.0,160919.5402,22988.50575,87.0,0.0,87,87,87,87.0,0.0,87,87,0,0.0,0.0,0,0,1,0,0,0,64,0,22988.50575,0.0,0,14,9.333333333,8.082903769,65.33333333,0,1,0,0,1,0,0,0,0,14.0,7.0,0.0,64,0,0,0,0,0,0,2,14,0,0,229,-1,0,32,0.0,0.0,0,0,0.0,0.0,0,0,BruteForce
4,2,0,14,0,14,0,7.0,9.899494937,0,0,0.0,0.0,3500000.0,500000.0,4.0,0.0,4,4,4,4.0,0.0,4,4,0,0.0,0.0,0,0,1,0,0,0,64,0,500000.0,0.0,0,14,9.333333333,8.082903769,65.33333333,0,1,0,0,1,0,0,0,0,14.0,7.0,0.0,64,0,0,0,0,0,0,2,14,0,0,229,-1,0,32,0.0,0.0,0,0,0.0,0.0,0,0,BruteForce
9060408,9,15,112,188,26,0,12.44444444,10.28483241,34,0,12.53333333,14.54975045,33.11109169,2.648887335,393930.7826,1041052.084,3480506,3,5797907,724738.375,1380280.5990000002,3523839,3,9060301,647164.3571,1287496.569,3480506,3,0,0,0,0,296,488,0.993332751,1.655554584,0,34,12.0,12.84523258,165.0,0,0,0,1,0,0,0,0,1,12.5,12.44444444,12.53333333,296,0,0,0,0,0,0,9,112,15,188,29200,227,6,32,0.0,0.0,0,0,0.0,0.0,0,0,BruteForce
9716329,9,15,109,188,24,0,12.11111111,9.829095132,34,0,12.53333333,14.54975045,30.56709998,2.470068685,422449.08700000006,1099288.581,3476601,3,6640564,830070.5,1537829.9519999996,3519882,3,9716238,694017.0,1357242.8369999998,3476601,48,0,0,0,0,296,488,0.926275757,1.543792928,0,34,11.88,12.72242115,161.86,0,0,0,1,0,0,0,0,1,12.375,12.11111111,12.53333333,296,0,0,0,0,0,0,9,109,15,188,29200,227,6,32,0.0,0.0,0,0,0.0,0.0,0,0,BruteForce
264,2,1,14,0,14,0,7.0,9.899494937,0,0,0.0,0.0,53030.30303,11363.63636,132.0,48.08326112,166,98,264,264.0,0.0,264,264,0,0.0,0.0,0,0,1,0,0,0,64,20,7575.757576000001,3787.878788,0,14,7.0,8.082903769,65.33333333,0,1,0,0,1,0,0,0,0,9.333333333,7.0,0.0,64,0,0,0,0,0,0,2,14,1,0,229,0,0,32,0.0,0.0,0,0,0.0,0.0,0,0,BruteForce
7931316,9,15,113,188,26,0,12.55555556,10.35749863,34,0,12.53333333,14.54975045,37.95082682,3.025979547,344839.8261,892127.5257,3052251,3,5681817,710227.125,1298776.813,3096421,3,7931250,566517.8571,1100765.698,3052251,4,0,0,0,0,296,488,1.13474233,1.891237217,0,34,12.04,12.86623488,165.54,0,0,0,1,0,0,0,0,1,12.54166667,12.55555556,12.53333333,296,0,0,0,0,0,0,9,113,15,188,29200,227,6,32,0.0,0.0,0,0,0.0,0.0,0,0,BruteForce
7905532,9,15,97,188,20,0,10.77777778,8.363279527000001,34,0,12.53333333,14.54975045,36.05070475,3.035848821,343718.7826,891153.0649,3048906,1,5660413,707551.625,1299317.649,3091787,4,7905439,564674.2143,1099825.508,3048906,1,0,0,0,0,296,488,1.138443308,1.897405513,0,34,11.4,12.37605214,153.16666669999995,0,0,0,1,0,0,0,0,1,11.875,10.77777778,12.53333333,296,0,0,0,0,0,0,9,97,15,188,29200,227,6,32,0.0,0.0,0,0,0.0,0.0,0,0,BruteForce
7931318,9,15,114,188,27,0,12.66666667,10.52378259,34,0,12.53333333,14.54975045,38.076899700000006,3.025978784,344839.91299999994,893161.9059,3064815,3,5686857,710857.125,1302482.004,3106758,3,7931261,566518.6429,1102187.079,3064815,3,0,0,0,0,296,488,1.134742044,1.89123674,0,34,12.08,12.91291343,166.74333330000005,0,0,0,1,0,0,0,0,1,12.58333333,12.66666667,12.53333333,296,0,0,0,0,0,0,9,114,15,188,29200,227,6,32,0.0,0.0,0,0,0.0,0.0,0,0,BruteForce
8783927,9,15,105,188,23,0,11.66666667,9.300537619,34,0,12.53333333,14.54975045,33.35637921,2.7322631439999996,381909.8696,987296.3864,3069748,3,5673020,709127.5,1299805.931,3088500,18,8783890,627420.7143,1218080.352,3069748,3,0,0,0,0,296,488,1.024598679,1.707664465,0,34,11.72,12.58808961,158.46,0,0,0,1,0,0,0,0,1,12.20833333,11.66666667,12.53333333,296,0,0,0,0,0,0,9,105,15,188,29200,227,6,32,0.0,0.0,0,0,0.0,0.0,0,0,BruteForce
8600893,9,15,112,188,26,0,12.44444444,10.24830609,34,0,12.53333333,14.54975045,34.88009908,2.7904079260000003,373951.8696,974285.8012,3044650,4,6102378,762797.25,1410687.856,3086959,209,8600781,614341.5,1203066.486,3044650,4,0,0,0,0,296,488,1.046402972,1.744004954,0,34,12.0,12.83549765,164.75,0,0,0,1,0,0,0,0,1,12.5,12.44444444,12.53333333,296,0,0,0,0,0,0,9,112,15,188,29200,227,6,32,0.0,0.0,0,0,0.0,0.0,0,0,BruteForce
8606016,9,15,110,188,25,0,12.22222222,9.984710534,34,0,12.53333333,14.54975045,34.62694004,2.788746849,374174.6087,975019.5278,3045337,1,6106616,763327.0,1411493.315,3088396,190,8605977,614712.6429,1203992.872,3045337,1,0,0,0,0,296,488,1.045780068,1.74296678,0,34,11.92,12.76362018,162.91,0,0,0,1,0,0,0,0,1,12.41666667,12.22222222,12.53333333,296,0,0,0,0,0,0,9,110,15,188,29200,227,6,32,0.0,0.0,0,0,0.0,0.0,0,0,BruteForce
8855088,9,15,103,188,25,0,11.44444444,9.448691855,34,0,12.53333333,14.54975045,32.8624628,2.71030621,385003.8261,996203.9798,3148783,1,5847084,730885.5,1345619.64,3193112,4,8854997,632499.7857,1229195.208,3148783,1,0,0,0,0,296,488,1.016364829,1.693941381,0,34,11.64,12.6256353,159.4066667,0,0,0,1,0,0,0,0,1,12.125,11.44444444,12.53333333,296,0,0,0,0,0,0,9,103,15,188,29200,227,6,32,0.0,0.0,0,0,0.0,0.0,0,0,BruteForce
258,2,1,14,0,14,0,7.0,9.899494937,0,0,0.0,0.0,54263.56589,11627.90698,129.0,48.08326112,163,95,258,258.0,0.0,258,258,0,0.0,0.0,0,0,1,0,0,0,64,20,7751.937984,3875.968992,0,14,7.0,8.082903769,65.33333333,0,1,0,0,1,0,0,0,0,9.333333333,7.0,0.0,64,0,0,0,0,0,0,2,14,1,0,229,0,0,32,0.0,0.0,0,0,0.0,0.0,0,0,BruteForce
221,2,1,14,0,14,0,7.0,9.899494937,0,0,0.0,0.0,63348.41629,13574.66063,110.5,37.4766594,137,84,221,221.0,0.0,221,221,0,0.0,0.0,0,0,1,0,0,0,64,20,9049.773756,4524.886878,0,14,7.0,8.082903769,65.33333333,0,1,0,0,1,0,0,0,0,9.333333333,7.0,0.0,64,0,0,0,0,0,0,2,14,1,0,229,0,0,32,0.0,0.0,0,0,0.0,0.0,0,0,BruteForce
236,2,1,14,0,14,0,7.0,9.899494937,0,0,0.0,0.0,59322.0339,12711.86441,118.0,46.66904756,151,85,236,236.0,0.0,236,236,0,0.0,0.0,0,0,1,0,0,0,64,20,8474.576271,4237.288136,0,14,7.0,8.082903769,65.33333333,0,1,0,0,1,0,0,0,0,9.333333333,7.0,0.0,64,0,0,0,0,0,0,2,14,1,0,229,0,0,32,0.0,0.0,0,0,0.0,0.0,0,0,BruteForce
8471759,9,15,104,188,23,0,11.55555556,9.355628134,34,0,12.53333333,14.54975045,34.46745829,2.832941777,368337.3478,950210.8838,2984668,3,5700423,712552.875,1306859.395,3027213,18,8471663,605118.7857,1172051.623,2984668,3,0,0,0,0,296,488,1.062353167,1.770588611,0,34,11.68,12.60198397,158.81,0,0,0,1,0,0,0,0,1,12.16666667,11.55555556,12.53333333,296,0,0,0,0,0,0,9,104,15,188,29200,227,6,32,0.0,0.0,0,0,0.0,0.0,0,0,BruteForce
209,2,1,14,0,14,0,7.0,9.899494937,0,0,0.0,0.0,66985.64593,14354.06699,104.5,78.48885271,160,49,209,209.0,0.0,209,209,0,0.0,0.0,0,0,1,0,0,0,64,20,9569.37799,4784.688995,0,14,7.0,8.082903769,65.33333333,0,1,0,0,1,0,0,0,0,9.333333333,7.0,0.0,64,0,0,0,0,0,0,2,14,1,0,229,0,0,32,0.0,0.0,0,0,0.0,0.0,0,0,BruteForce
9387148,9,15,104,188,23,0,11.55555556,9.193898943,34,0,12.53333333,14.54975045,31.10635946,2.556687079,408136.8696,1069137.953,3512888,1,5830182,728772.75,1356440.603,3205188,240,9387063,670504.5,1320972.017,3512888,1,0,0,0,0,296,488,0.958757655,1.5979294240000002,0,34,11.68,12.56224502,157.81,0,0,0,1,0,0,0,0,1,12.16666667,11.55555556,12.53333333,296,0,0,0,0,0,0,9,104,15,188,29200,227,6,32,0.0,0.0,0,0,0.0,0.0,0,0,BruteForce
205,2,1,14,0,14,0,7.0,9.899494937,0,0,0.0,0.0,68292.68293,14634.14634,102.5,16.26345597,114,91,205,205.0,0.0,205,205,0,0.0,0.0,0,0,1,0,0,0,64,20,9756.097561,4878.04878,0,14,7.0,8.082903769,65.33333333,0,1,0,0,1,0,0,0,0,9.333333333,7.0,0.0,64,0,0,0,0,0,0,2,14,1,0,229,0,0,32,0.0,0.0,0,0,0.0,0.0,0,0,BruteForce
254,2,1,14,0,14,0,7.0,9.899494937,0,0,0.0,0.0,55118.110239999995,11811.02362,127.0,33.9411255,151,103,254,254.0,0.0,254,254,0,0.0,0.0,0,0,1,0,0,0,64,20,7874.015748000003,3937.007874,0,14,7.0,8.082903769,65.33333333,0,1,0,0,1,0,0,0,0,9.333333333,7.0,0.0,64,0,0,0,0,0,0,2,14,1,0,229,0,0,32,0.0,0.0,0,0,0.0,0.0,0,0,BruteForce
249,2,1,14,0,14,0,7.0,9.899494937,0,0,0.0,0.0,56224.8996,12048.19277,124.5,144.95689009999995,227,22,249,249.0,0.0,249,249,0,0.0,0.0,0,0,1,0,0,0,64,20,8032.128514,4016.064257,0,14,7.0,8.082903769,65.33333333,0,1,0,0,1,0,0,0,0,9.333333333,7.0,0.0,64,0,0,0,0,0,0,2,14,1,0,229,0,0,32,0.0,0.0,0,0,0.0,0.0,0,0,BruteForce
9109898,9,15,102,188,21,0,11.33333333,8.902246907,34,0,12.53333333,14.54975045,31.83350681,2.634497115,396082.5217,1029504.844,3179585,3,5886720,735840.0,1362384.5780000002,3068526,220,9109771,650697.9286,1270919.918,3179585,3,0,0,0,0,296,488,0.987936418,1.646560697,0,34,11.6,12.49333155,156.08333330000005,0,0,0,1,0,0,0,0,1,12.08333333,11.33333333,12.53333333,296,0,0,0,0,0,0,9,102,15,188,29200,227,6,32,0.0,0.0,0,0,0.0,0.0,0,0,BruteForce
3,2,0,14,0,14,0,7.0,9.899494937,0,0,0.0,0.0,4666666.666999999,666666.6667,3.0,0.0,3,3,3,3.0,0.0,3,3,0,0.0,0.0,0,0,1,0,0,0,64,0,666666.6667,0.0,0,14,9.333333333,8.082903769,65.33333333,0,1,0,0,1,0,0,0,0,14.0,7.0,0.0,64,0,0,0,0,0,0,2,14,0,0,229,-1,0,32,0.0,0.0,0,0,0.0,0.0,0,0,BruteForce
3,2,0,14,0,14,0,7.0,9.899494937,0,0,0.0,0.0,4666666.666999999,666666.6667,3.0,0.0,3,3,3,3.0,0.0,3,3,0,0.0,0.0,0,0,1,0,0,0,64,0,666666.6667,0.0,0,14,9.333333333,8.082903769,65.33333333,0,1,0,0,1,0,0,0,0,14.0,7.0,0.0,64,0,0,0,0,0,0,2,14,0,0,229,-1,0,32,0.0,0.0,0,0,0.0,0.0,0,0,BruteForce
9776235,9,15,108,188,23,0,12.0,9.682458366,34,0,12.53333333,14.54975045,30.27750458,2.454932804,425053.6957,1110065.727,3499257,3,6347818,793477.25,1478620.7659999996,3541415,3,9776146,698296.1429,1371085.1090000002,3499257,3,0,0,0,0,296,488,0.920599801,1.534333002,0,34,11.84,12.68424219,160.89,0,0,0,1,0,0,0,0,1,12.33333333,12.0,12.53333333,296,0,0,0,0,0,0,9,108,15,188,29200,227,6,32,0.0,0.0,0,0,0.0,0.0,0,0,BruteForce
224,2,1,14,0,14,0,7.0,9.899494937,0,0,0.0,0.0,62500.0,13392.85714,112.0,57.98275606,153,71,224,224.0,0.0,224,224,0,0.0,0.0,0,0,1,0,0,0,64,20,8928.571429000001,4464.285714,0,14,7.0,8.082903769,65.33333333,0,1,0,0,1,0,0,0,0,9.333333333,7.0,0.0,64,0,0,0,0,0,0,2,14,1,0,229,0,0,32,0.0,0.0,0,0,0.0,0.0,0,0,BruteForce
3,2,0,14,0,14,0,7.0,9.899494937,0,0,0.0,0.0,4666666.666999999,666666.6667,3.0,0.0,3,3,3,3.0,0.0,3,3,0,0.0,0.0,0,0,1,0,0,0,64,0,666666.6667,0.0,0,14,9.333333333,8.082903769,65.33333333,0,1,0,0,1,0,0,0,0,14.0,7.0,0.0,64,0,0,0,0,0,0,2,14,0,0,229,-1,0,32,0.0,0.0,0,0,0.0,0.0,0,0,BruteForce
221,2,1,14,0,14,0,7.0,9.899494937,0,0,0.0,0.0,63348.41629,13574.66063,110.5,13.43502884,120,101,221,221.0,0.0,221,221,0,0.0,0.0,0,0,1,0,0,0,64,20,9049.773756,4524.886878,0,14,7.0,8.082903769,65.33333333,0,1,0,0,1,0,0,0,0,9.333333333,7.0,0.0,64,0,0,0,0,0,0,2,14,1,0,229,0,0,32,0.0,0.0,0,0,0.0,0.0,0,0,BruteForce
3,2,0,14,0,14,0,7.0,9.899494937,0,0,0.0,0.0,4666666.666999999,666666.6667,3.0,0.0,3,3,3,3.0,0.0,3,3,0,0.0,0.0,0,0,1,0,0,0,64,0,666666.6667,0.0,0,14,9.333333333,8.082903769,65.33333333,0,1,0,0,1,0,0,0,0,14.0,7.0,0.0,64,0,0,0,0,0,0,2,14,0,0,229,-1,0,32,0.0,0.0,0,0,0.0,0.0,0,0,BruteForce
4,2,0,14,0,14,0,7.0,9.899494937,0,0,0.0,0.0,3500000.0,500000.0,4.0,0.0,4,4,4,4.0,0.0,4,4,0,0.0,0.0,0,0,1,0,0,0,64,0,500000.0,0.0,0,14,9.333333333,8.082903769,65.33333333,0,1,0,0,1,0,0,0,0,14.0,7.0,0.0,64,0,0,0,0,0,0,2,14,0,0,229,-1,0,32,0.0,0.0,0,0,0.0,0.0,0,0,BruteForce
3,2,0,14,0,14,0,7.0,9.899494937,0,0,0.0,0.0,4666666.666999999,666666.6667,3.0,0.0,3,3,3,3.0,0.0,3,3,0,0.0,0.0,0,0,1,0,0,0,64,0,666666.6667,0.0,0,14,9.333333333,8.082903769,65.33333333,0,1,0,0,1,0,0,0,0,14.0,7.0,0.0,64,0,0,0,0,0,0,2,14,0,0,229,-1,0,32,0.0,0.0,0,0,0.0,0.0,0,0,BruteForce
216,2,1,14,0,14,0,7.0,9.899494937,0,0,0.0,0.0,64814.81481,13888.88889,108.0,53.74011537,146,70,216,216.0,0.0,216,216,0,0.0,0.0,0,0,1,0,0,0,64,20,9259.259259,4629.6296299999985,0,14,7.0,8.082903769,65.33333333,0,1,0,0,1,0,0,0,0,9.333333333,7.0,0.0,64,0,0,0,0,0,0,2,14,1,0,229,0,0,32,0.0,0.0,0,0,0.0,0.0,0,0,BruteForce
269,2,1,14,0,14,0,7.0,9.899494937,0,0,0.0,0.0,52044.60967,11152.41636,134.5,40.30508653,163,106,269,269.0,0.0,269,269,0,0.0,0.0,0,0,1,0,0,0,64,20,7434.944237999999,3717.472119,0,14,7.0,8.082903769,65.33333333,0,1,0,0,1,0,0,0,0,9.333333333,7.0,0.0,64,0,0,0,0,0,0,2,14,1,0,229,0,0,32,0.0,0.0,0,0,0.0,0.0,0,0,BruteForce
9189356,9,15,102,188,21,0,11.33333333,8.902246907,34,0,12.53333333,14.54975045,31.55825065,2.611717296,399537.2174,1036996.624,3222988,3,6102947,762868.375,1411328.869,3266902,48,9189232,656373.7143,1279965.268,3222988,3,0,0,0,0,296,488,0.979393986,1.63232331,0,34,11.6,12.49333155,156.08333330000005,0,0,0,1,0,0,0,0,1,12.08333333,11.33333333,12.53333333,296,0,0,0,0,0,0,9,102,15,188,29200,227,6,32,0.0,0.0,0,0,0.0,0.0,0,0,BruteForce
9998833,9,15,96,188,22,0,10.66666667,8.366600265,34,0,12.53333333,14.54975045,28.40331467,2.400280113,434731.8696,1134845.608,3674671,27,6993803,874225.375,1620260.007,3717408,238,9998790,714199.2857,1401621.94,3674671,48,0,0,0,0,296,488,0.9001050420000001,1.50017507,0,34,11.36,12.3790145,153.24,0,0,0,1,0,0,0,0,1,11.83333333,10.66666667,12.53333333,296,0,0,0,0,0,0,9,96,15,188,29200,227,6,32,0.0,0.0,0,0,0.0,0.0,0,0,BruteForce
9226609,9,15,101,188,22,0,11.22222222,8.828615092,34,0,12.53333333,14.54975045,31.3224501,2.601172327,401156.91299999994,1043563.804,3216422,3,5964350,745543.75,1382407.642,3183755,4,9226492,659035.1429,1288393.509,3216422,3,0,0,0,0,296,488,0.975439623,1.625732704,0,34,11.56,12.47691201,155.6733333,0,0,0,1,0,0,0,0,1,12.04166667,11.22222222,12.53333333,296,0,0,0,0,0,0,9,101,15,188,29200,227,6,32,0.0,0.0,0,0,0.0,0.0,0,0,BruteForce
4,2,0,14,0,14,0,7.0,9.899494937,0,0,0.0,0.0,3500000.0,500000.0,4.0,0.0,4,4,4,4.0,0.0,4,4,0,0.0,0.0,0,0,1,0,0,0,64,0,500000.0,0.0,0,14,9.333333333,8.082903769,65.33333333,0,1,0,0,1,0,0,0,0,14.0,7.0,0.0,64,0,0,0,0,0,0,2,14,0,0,229,-1,0,32,0.0,0.0,0,0,0.0,0.0,0,0,BruteForce
44,2,0,14,0,14,0,7.0,9.899494937,0,0,0.0,0.0,318181.8182,45454.54545,44.0,0.0,44,44,44,44.0,0.0,44,44,0,0.0,0.0,0,0,1,0,0,0,64,0,45454.54545,0.0,0,14,9.333333333,8.082903769,65.33333333,0,1,0,0,1,0,0,0,0,14.0,7.0,0.0,64,0,0,0,0,0,0,2,14,0,0,229,-1,0,32,0.0,0.0,0,0,0.0,0.0,0,0,BruteForce
252,2,1,14,0,14,0,7.0,9.899494937,0,0,0.0,0.0,55555.55556,11904.7619,126.0,65.05382387,172,80,252,252.0,0.0,252,252,0,0.0,0.0,0,0,1,0,0,0,64,20,7936.507937,3968.253968,0,14,7.0,8.082903769,65.33333333,0,1,0,0,1,0,0,0,0,9.333333333,7.0,0.0,64,0,0,0,0,0,0,2,14,1,0,229,0,0,32,0.0,0.0,0,0,0.0,0.0,0,0,BruteForce
8825120,9,15,110,188,26,0,12.22222222,10.02219759,34,0,12.53333333,14.54975045,33.76724622,2.719509763,383700.8696,998036.504,3187492,3,6049332,756166.5,1402388.576,3230079,3,8825027,630359.0714,1232168.372,3187492,3,0,0,0,0,296,488,1.0198161609999998,1.699693602,0,34,11.92,12.77340988,163.16,0,0,0,1,0,0,0,0,1,12.41666667,12.22222222,12.53333333,296,0,0,0,0,0,0,9,110,15,188,29200,227,6,32,0.0,0.0,0,0,0.0,0.0,0,0,BruteForce
236,2,1,14,0,14,0,7.0,9.899494937,0,0,0.0,0.0,59322.0339,12711.86441,118.0,87.68124087,180,56,236,236.0,0.0,236,236,0,0.0,0.0,0,0,1,0,0,0,64,20,8474.576271,4237.288136,0,14,7.0,8.082903769,65.33333333,0,1,0,0,1,0,0,0,0,9.333333333,7.0,0.0,64,0,0,0,0,0,0,2,14,1,0,229,0,0,32,0.0,0.0,0,0,0.0,0.0,0,0,BruteForce
224,2,1,14,0,14,0,7.0,9.899494937,0,0,0.0,0.0,62500.0,13392.85714,112.0,70.71067812,162,62,224,224.0,0.0,224,224,0,0.0,0.0,0,0,1,0,0,0,64,20,8928.571429000001,4464.285714,0,14,7.0,8.082903769,65.33333333,0,1,0,0,1,0,0,0,0,9.333333333,7.0,0.0,64,0,0,0,0,0,0,2,14,1,0,229,0,0,32,0.0,0.0,0,0,0.0,0.0,0,0,BruteForce
3,2,0,14,0,14,0,7.0,9.899494937,0,0,0.0,0.0,4666666.666999999,666666.6667,3.0,0.0,3,3,3,3.0,0.0,3,3,0,0.0,0.0,0,0,1,0,0,0,64,0,666666.6667,0.0,0,14,9.333333333,8.082903769,65.33333333,0,1,0,0,1,0,0,0,0,14.0,7.0,0.0,64,0,0,0,0,0,0,2,14,0,0,229,-1,0,32,0.0,0.0,0,0,0.0,0.0,0,0,BruteForce
9742824,9,15,105,188,23,0,11.66666667,9.354143467,34,0,12.53333333,14.54975045,30.07341609,2.4633514880000003,423601.0435,1102912.6409999998,3531687,3,6755125,844390.625,1561971.75,3574311,215,9742706,695907.5714,1361796.595,3531687,3,0,0,0,0,296,488,0.923756808,1.53959468,0,34,11.72,12.60132268,158.7933333,0,0,0,1,0,0,0,0,1,12.20833333,11.66666667,12.53333333,296,0,0,0,0,0,0,9,105,15,188,29200,227,6,32,0.0,0.0,0,0,0.0,0.0,0,0,BruteForce
233,2,1,14,0,14,0,7.0,9.899494937,0,0,0.0,0.0,60085.836910000005,12875.53648,116.5,50.20458146,152,81,233,233.0,0.0,233,233,0,0.0,0.0,0,0,1,0,0,0,64,20,8583.690987,4291.845494,0,14,7.0,8.082903769,65.33333333,0,1,0,0,1,0,0,0,0,9.333333333,7.0,0.0,64,0,0,0,0,0,0,2,14,1,0,229,0,0,32,0.0,0.0,0,0,0.0,0.0,0,0,BruteForce
10038729,9,15,111,188,28,0,12.33333333,10.51189802,34,0,12.53333333,14.54975045,29.78464704,2.3907409,436466.4783,1136447.5159999998,3532698,3,6463825,807978.125,1494573.608,3289985,3,10000000,717046.0714,1403206.345,3532698,3,0,0,0,0,296,488,0.896527837,1.4942130619999998,0,34,11.96,12.90503778,166.54,0,0,0,1,0,0,0,0,1,12.45833333,12.33333333,12.53333333,296,0,0,0,0,0,0,9,111,15,188,29200,227,6,32,0.0,0.0,0,0,0.0,0.0,0,0,BruteForce
10023246,9,15,102,188,22,0,11.33333333,8.94427191,34,0,12.53333333,14.54975045,28.93274295,2.394433899,435793.3043,1134864.749,3529429,3,6451683,806460.375,1491892.93,3282713,3,10000000,715939.5714,1401275.015,3529429,3,0,0,0,0,296,488,0.897912712,1.496521187,0,34,11.6,12.50333289,156.33333330000005,0,0,0,1,0,0,0,0,1,12.08333333,11.33333333,12.53333333,296,0,0,0,0,0,0,9,102,15,188,29200,227,6,32,0.0,0.0,0,0,0.0,0.0,0,0,BruteForce
223,2,1,14,0,14,0,7.0,9.899494937,0,0,0.0,0.0,62780.269060000006,13452.9148,111.5,88.38834765,174,49,223,223.0,0.0,223,223,0,0.0,0.0,0,0,1,0,0,0,64,20,8968.609865,4484.3049329999985,0,14,7.0,8.082903769,65.33333333,0,1,0,0,1,0,0,0,0,9.333333333,7.0,0.0,64,0,0,0,0,0,0,2,14,1,0,229,0,0,32,0.0,0.0,0,0,0.0,0.0,0,0,BruteForce
9943274,9,15,118,188,30,0,13.11111111,11.17412686,34,0,12.53333333,14.54975045,30.77457184,2.413691909,432316.2609,1122491.308,3432650,3,6740502,842562.75,1555324.448,3476624,3,9943161,710225.7857,1385546.94,3432650,3,0,0,0,0,296,488,0.905134466,1.5085574430000002,0,34,12.24,13.10305308,171.69,0,0,0,1,0,0,0,0,1,12.75,13.11111111,12.53333333,296,0,0,0,0,0,0,9,118,15,188,29200,227,6,32,0.0,0.0,0,0,0.0,0.0,0,0,BruteForce
16,2,0,14,0,14,0,7.0,9.899494937,0,0,0.0,0.0,875000.0,125000.0,16.0,0.0,16,16,16,16.0,0.0,16,16,0,0.0,0.0,0,0,1,0,0,0,64,0,125000.0,0.0,0,14,9.333333333,8.082903769,65.33333333,0,1,0,0,1,0,0,0,0,14.0,7.0,0.0,64,0,0,0,0,0,0,2,14,0,0,229,-1,0,32,0.0,0.0,0,0,0.0,0.0,0,0,BruteForce
8994522,9,15,105,188,23,0,11.66666667,9.313968005,34,0,12.53333333,14.54975045,32.57538311,2.668290766,391066.1739,1007981.484,3120702,3,5832051,729006.375,1329738.593,3008461,226,8994413,642458.0714,1243190.116,3120702,3,0,0,0,0,296,488,1.000609037,1.667681729,0,34,11.72,12.59139918,158.5433333,0,0,0,1,0,0,0,0,1,12.20833333,11.66666667,12.53333333,296,0,0,0,0,0,0,9,105,15,188,29200,227,6,32,0.0,0.0,0,0,0.0,0.0,0,0,BruteForce
238,2,1,14,0,14,0,7.0,9.899494937,0,0,0.0,0.0,58823.52941,12605.04202,119.0,80.61017306,176,62,238,238.0,0.0,238,238,0,0.0,0.0,0,0,1,0,0,0,64,20,8403.361345000001,4201.6806719999995,0,14,7.0,8.082903769,65.33333333,0,1,0,0,1,0,0,0,0,9.333333333,7.0,0.0,64,0,0,0,0,0,0,2,14,1,0,229,0,0,32,0.0,0.0,0,0,0.0,0.0,0,0,BruteForce
9564280,9,15,105,188,23,0,11.66666667,9.300537619,34,0,12.53333333,14.54975045,30.63482039,2.509336824,415838.2609,1080128.541,3222154,3,6301136,787642.0,1454948.115,3185257,3,9564154,683153.8571,1333314.894,3222154,3,0,0,0,0,296,488,0.941001309,1.568335515,0,34,11.72,12.58808961,158.46,0,0,0,1,0,0,0,0,1,12.20833333,11.66666667,12.53333333,296,0,0,0,0,0,0,9,105,15,188,29200,227,6,32,0.0,0.0,0,0,0.0,0.0,0,0,BruteForce
318,2,1,14,0,14,0,7.0,9.899494937,0,0,0.0,0.0,44025.15723,9433.962264,159.0,106.0660172,234,84,318,318.0,0.0,318,318,0,0.0,0.0,0,0,1,0,0,0,64,20,6289.308176,3144.654088,0,14,7.0,8.082903769,65.33333333,0,1,0,0,1,0,0,0,0,9.333333333,7.0,0.0,64,0,0,0,0,0,0,2,14,1,0,229,0,0,32,0.0,0.0,0,0,0.0,0.0,0,0,BruteForce
222,2,1,14,0,14,0,7.0,9.899494937,0,0,0.0,0.0,63063.06306,13513.51351,111.0,32.52691193,134,88,222,222.0,0.0,222,222,0,0.0,0.0,0,0,1,0,0,0,64,20,9009.009009,4504.504505,0,14,7.0,8.082903769,65.33333333,0,1,0,0,1,0,0,0,0,9.333333333,7.0,0.0,64,0,0,0,0,0,0,2,14,1,0,229,0,0,32,0.0,0.0,0,0,0.0,0.0,0,0,BruteForce
3,2,0,14,0,14,0,7.0,9.899494937,0,0,0.0,0.0,4666666.666999999,666666.6667,3.0,0.0,3,3,3,3.0,0.0,3,3,0,0.0,0.0,0,0,1,0,0,0,64,0,666666.6667,0.0,0,14,9.333333333,8.082903769,65.33333333,0,1,0,0,1,0,0,0,0,14.0,7.0,0.0,64,0,0,0,0,0,0,2,14,0,0,229,-1,0,32,0.0,0.0,0,0,0.0,0.0,0,0,BruteForce
228,2,1,14,0,14,0,7.0,9.899494937,0,0,0.0,0.0,61403.50877000001,13157.89474,114.0,35.35533906,139,89,228,228.0,0.0,228,228,0,0.0,0.0,0,0,1,0,0,0,64,20,8771.929825,4385.9649119999995,0,14,7.0,8.082903769,65.33333333,0,1,0,0,1,0,0,0,0,9.333333333,7.0,0.0,64,0,0,0,0,0,0,2,14,1,0,229,0,0,32,0.0,0.0,0,0,0.0,0.0,0,0,BruteForce
245,2,1,14,0,14,0,7.0,9.899494937,0,0,0.0,0.0,57142.85714,12244.89796,122.5,50.20458146,158,87,245,245.0,0.0,245,245,0,0.0,0.0,0,0,1,0,0,0,64,20,8163.265306,4081.632653,0,14,7.0,8.082903769,65.33333333,0,1,0,0,1,0,0,0,0,9.333333333,7.0,0.0,64,0,0,0,0,0,0,2,14,1,0,229,0,0,32,0.0,0.0,0,0,0.0,0.0,0,0,BruteForce
8855276,9,15,119,188,28,0,13.22222222,11.20019841,34,0,12.53333333,14.54975045,34.66859757,2.71024867,385012.0,1004529.413,3316814,3,5497138,687142.25,1270377.204,2869131,4,8855163,632511.6429,1240604.72,3316814,3,0,0,0,0,296,488,1.016343251,1.693905419,0,34,12.28,13.11335197,171.96,0,0,0,1,0,0,0,0,1,12.79166667,13.22222222,12.53333333,296,0,0,0,0,0,0,9,119,15,188,29200,227,6,32,0.0,0.0,0,0,0.0,0.0,0,0,BruteForce
247,2,1,14,0,14,0,7.0,9.899494937,0,0,0.0,0.0,56680.16194,12145.74899,123.5,51.61879503,160,87,247,247.0,0.0,247,247,0,0.0,0.0,0,0,1,0,0,0,64,20,8097.165992,4048.582996,0,14,7.0,8.082903769,65.33333333,0,1,0,0,1,0,0,0,0,9.333333333,7.0,0.0,64,0,0,0,0,0,0,2,14,1,0,229,0,0,32,0.0,0.0,0,0,0.0,0.0,0,0,BruteForce
207,2,1,14,0,14,0,7.0,9.899494937,0,0,0.0,0.0,67632.85024,14492.75362,103.5,37.4766594,130,77,207,207.0,0.0,207,207,0,0.0,0.0,0,0,1,0,0,0,64,20,9661.835749,4830.917874,0,14,7.0,8.082903769,65.33333333,0,1,0,0,1,0,0,0,0,9.333333333,7.0,0.0,64,0,0,0,0,0,0,2,14,1,0,229,0,0,32,0.0,0.0,0,0,0.0,0.0,0,0,BruteForce
220,2,1,14,0,14,0,7.0,9.899494937,0,0,0.0,0.0,63636.36364,13636.36364,110.0,24.04163056,127,93,220,220.0,0.0,220,220,0,0.0,0.0,0,0,1,0,0,0,64,20,9090.909091,4545.454545000001,0,14,7.0,8.082903769,65.33333333,0,1,0,0,1,0,0,0,0,9.333333333,7.0,0.0,64,0,0,0,0,0,0,2,14,1,0,229,0,0,32,0.0,0.0,0,0,0.0,0.0,0,0,BruteForce
9139419,9,15,104,188,21,0,11.55555556,9.139353247,34,0,12.53333333,14.54975045,31.94951452,2.625987494,397366.0435,1036960.293,3335630,3,6017015,752126.875,1405103.621,3378740,4,9139291,652806.5,1280684.081,3335630,3,0,0,0,0,296,488,0.98474531,1.641242184,0,34,11.68,12.54897074,157.47666669999995,0,0,0,1,0,0,0,0,1,12.16666667,11.55555556,12.53333333,296,0,0,0,0,0,0,9,104,15,188,29200,227,6,32,0.0,0.0,0,0,0.0,0.0,0,0,BruteForce
212,2,1,14,0,14,0,7.0,9.899494937,0,0,0.0,0.0,66037.73585,14150.9434,106.0,76.36753237,160,52,212,212.0,0.0,212,212,0,0.0,0.0,0,0,1,0,0,0,64,20,9433.962264,4716.981132,0,14,7.0,8.082903769,65.33333333,0,1,0,0,1,0,0,0,0,9.333333333,7.0,0.0,64,0,0,0,0,0,0,2,14,1,0,229,0,0,32,0.0,0.0,0,0,0.0,0.0,0,0,BruteForce
10267075,9,15,99,188,22,0,11.0,8.660254038,34,0,12.53333333,14.54975045,27.95343367,2.337569366,446394.5652,1162918.898,3612510,3,6612509,826563.625,1529067.7780000004,3361226,4,10300000,733352.0714,1435977.566,3612510,3,0,0,0,0,296,488,0.876588512,1.460980854,0,34,11.48,12.44025723,154.76,0,0,0,1,0,0,0,0,1,11.95833333,11.0,12.53333333,296,0,0,0,0,0,0,9,99,15,188,29200,227,6,32,0.0,0.0,0,0,0.0,0.0,0,0,BruteForce
348,2,1,14,0,14,0,7.0,9.899494937,0,0,0.0,0.0,40229.88506,8620.689655,174.0,114.5512986,255,93,348,348.0,0.0,348,348,0,0.0,0.0,0,0,1,0,0,0,64,20,5747.126437,2873.563218,0,14,7.0,8.082903769,65.33333333,0,1,0,0,1,0,0,0,0,9.333333333,7.0,0.0,64,0,0,0,0,0,0,2,14,1,0,229,0,0,32,0.0,0.0,0,0,0.0,0.0,0,0,BruteForce
246,2,1,14,0,14,0,7.0,9.899494937,0,0,0.0,0.0,56910.56911,12195.12195,123.0,4.242640687,126,120,246,246.0,0.0,246,246,0,0.0,0.0,0,0,1,0,0,0,64,20,8130.081301,4065.04065,0,14,7.0,8.082903769,65.33333333,0,1,0,0,1,0,0,0,0,9.333333333,7.0,0.0,64,0,0,0,0,0,0,2,14,1,0,229,0,0,32,0.0,0.0,0,0,0.0,0.0,0,0,BruteForce
9437812,9,15,110,188,25,0,12.22222222,9.984710534,34,0,12.53333333,14.54975045,31.57511508,2.542962288,410339.6522,1068450.549,3360682,3,6552407,819050.875,1516352.075,3403704,232,9437730,674123.5714,1319253.033,3360682,3,0,0,0,0,296,488,0.953610858,1.58935143,0,34,11.92,12.76362018,162.91,0,0,0,1,0,0,0,0,1,12.41666667,12.22222222,12.53333333,296,0,0,0,0,0,0,9,110,15,188,29200,227,6,32,0.0,0.0,0,0,0.0,0.0,0,0,BruteForce
9915294,9,15,105,188,22,0,11.66666667,9.273618495,34,0,12.53333333,14.54975045,29.55030885,2.420503114,431099.7391,1119708.174,3352862,3,6557116,819639.5,1514059.668,3397361,3,9915177,708226.9286,1382163.114,3352862,3,0,0,0,0,296,488,0.907688668,1.512814446,0,34,11.72,12.58146785,158.2933333,0,0,0,1,0,0,0,0,1,12.20833333,11.66666667,12.53333333,296,0,0,0,0,0,0,9,105,15,188,29200,227,6,32,0.0,0.0,0,0,0.0,0.0,0,0,BruteForce
8886433,9,15,110,188,24,0,12.22222222,9.934507761,34,0,12.53333333,14.54975045,33.5342651,2.700746182,386366.6522,1006688.272,3160459,3,5804023,725502.875,1350800.4,3203575,273,8886315,634736.7857,1243084.769,3160459,3,0,0,0,0,296,488,1.012779818,1.687966364,0,34,11.92,12.75055554,162.5766667,0,0,0,1,0,0,0,0,1,12.41666667,12.22222222,12.53333333,296,0,0,0,0,0,0,9,110,15,188,29200,227,6,32,0.0,0.0,0,0,0.0,0.0,0,0,BruteForce
255,2,1,14,0,14,0,7.0,9.899494937,0,0,0.0,0.0,54901.960779999994,11764.70588,127.5,13.43502884,137,118,255,255.0,0.0,255,255,0,0.0,0.0,0,0,1,0,0,0,64,20,7843.137255,3921.568627,0,14,7.0,8.082903769,65.33333333,0,1,0,0,1,0,0,0,0,9.333333333,7.0,0.0,64,0,0,0,0,0,0,2,14,1,0,229,0,0,32,0.0,0.0,0,0,0.0,0.0,0,0,BruteForce
241,2,1,14,0,14,0,7.0,9.899494937,0,0,0.0,0.0,58091.28631,12448.13278,120.5,48.7903679,155,86,241,241.0,0.0,241,241,0,0.0,0.0,0,0,1,0,0,0,64,20,8298.755187,4149.377593,0,14,7.0,8.082903769,65.33333333,0,1,0,0,1,0,0,0,0,9.333333333,7.0,0.0,64,0,0,0,0,0,0,2,14,1,0,229,0,0,32,0.0,0.0,0,0,0.0,0.0,0,0,BruteForce
8958113,9,15,107,188,24,0,11.88888889,9.571369344,34,0,12.53333333,14.54975045,32.93104251,2.679135662,389483.1739,1010763.976,3120715,3,5795246,724405.75,1337187.273,3083037,3,8958034,639859.5714,1247567.504,3120715,3,0,0,0,0,296,488,1.004675873,1.674459789,0,34,11.8,12.655697,160.16666669999995,0,0,0,1,0,0,0,0,1,12.29166667,11.88888889,12.53333333,296,0,0,0,0,0,0,9,107,15,188,29200,227,6,32,0.0,0.0,0,0,0.0,0.0,0,0,BruteForce
8689973,9,15,102,188,23,0,11.33333333,8.986100378,34,0,12.53333333,14.54975045,33.37179529,2.761803748,377824.91299999994,981911.7988,3040786,3,5608124,701015.5,1297246.452,2928575,247,8689872,620705.1429,1212147.197,3040786,3,0,0,0,0,296,488,1.035676405,1.7261273419999998,0,34,11.6,12.51332623,156.58333330000005,0,0,0,1,0,0,0,0,1,12.08333333,11.33333333,12.53333333,296,0,0,0,0,0,0,9,102,15,188,29200,227,6,32,0.0,0.0,0,0,0.0,0.0,0,0,BruteForce
8538450,9,15,124,188,44,0,13.77777778,13.89944044,34,0,12.53333333,14.54975045,36.54058992,2.810814609,371236.9565,964526.9788,3020018,3,5731305,716413.125,1329021.218,3062271,3,8538361,609882.9286,1190649.467,3020018,3,0,0,0,0,296,488,1.054055478,1.756759131,0,44,12.48,13.9645981,195.01,0,0,0,1,0,0,0,0,1,13.0,13.77777778,12.53333333,296,0,0,0,0,0,0,9,124,15,188,29200,227,6,32,0.0,0.0,0,0,0.0,0.0,0,0,BruteForce
8526864,9,15,105,188,23,0,11.66666667,9.420721841,34,0,12.53333333,14.54975045,34.36198818,2.814633844,370733.2174,963203.231,3017490,3,5720930,715116.25,1326805.611,3061769,3,8526744,609053.1429,1189015.345,3017490,3,0,0,0,0,296,488,1.055487692,1.759146153,0,34,11.72,12.61784451,159.21,0,0,0,1,0,0,0,0,1,12.20833333,11.66666667,12.53333333,296,0,0,0,0,0,0,9,105,15,188,29200,227,6,32,0.0,0.0,0,0,0.0,0.0,0,0,BruteForce
257,2,1,14,0,14,0,7.0,9.899494937,0,0,0.0,0.0,54474.708170000005,11673.15175,128.5,62.93250353,173,84,257,257.0,0.0,257,257,0,0.0,0.0,0,0,1,0,0,0,64,20,7782.101167,3891.0505840000014,0,14,7.0,8.082903769,65.33333333,0,1,0,0,1,0,0,0,0,9.333333333,7.0,0.0,64,0,0,0,0,0,0,2,14,1,0,229,0,0,32,0.0,0.0,0,0,0.0,0.0,0,0,BruteForce
9226633,9,15,96,188,20,0,10.66666667,8.246211251,34,0,12.53333333,14.54975045,30.78045913,2.6011655609999997,401157.9565,1041682.552,3144518,3,6300245,787530.625,1455339.121,3186538,221,9226525,659037.5,1285813.64,3144518,3,0,0,0,0,296,488,0.975437085,1.625728475,0,34,11.36,12.35205786,152.5733333,0,0,0,1,0,0,0,0,1,11.83333333,10.66666667,12.53333333,296,0,0,0,0,0,0,9,96,15,188,29200,227,6,32,0.0,0.0,0,0,0.0,0.0,0,0,BruteForce
9231551,9,15,104,188,22,0,11.55555556,9.207484878,34,0,12.53333333,14.54975045,31.63065448,2.59977982,401371.7826,1041700.859,3141864,3,6305099,788137.375,1454641.43,3183204,209,9231429,659387.7857,1285763.719,3141864,3,0,0,0,0,296,488,0.974917433,1.6248623880000002,0,34,11.68,12.5655614,157.89333330000005,0,0,0,1,0,0,0,0,1,12.16666667,11.55555556,12.53333333,296,0,0,0,0,0,0,9,104,15,188,29200,227,6,32,0.0,0.0,0,0,0.0,0.0,0,0,BruteForce
48,2,0,14,0,14,0,7.0,9.899494937,0,0,0.0,0.0,291666.6667,41666.66667,48.0,0.0,48,48,48,48.0,0.0,48,48,0,0.0,0.0,0,0,1,0,0,0,64,0,41666.66667,0.0,0,14,9.333333333,8.082903769,65.33333333,0,1,0,0,1,0,0,0,0,14.0,7.0,0.0,64,0,0,0,0,0,0,2,14,0,0,229,-1,0,32,0.0,0.0,0,0,0.0,0.0,0,0,BruteForce
3,2,0,14,0,14,0,7.0,9.899494937,0,0,0.0,0.0,4666666.666999999,666666.6667,3.0,0.0,3,3,3,3.0,0.0,3,3,0,0.0,0.0,0,0,1,0,0,0,64,0,666666.6667,0.0,0,14,9.333333333,8.082903769,65.33333333,0,1,0,0,1,0,0,0,0,14.0,7.0,0.0,64,0,0,0,0,0,0,2,14,0,0,229,-1,0,32,0.0,0.0,0,0,0.0,0.0,0,0,BruteForce
9166742,9,15,122,188,28,0,13.55555556,11.57703666,34,0,12.53333333,14.54975045,33.8179039,2.6181603019999997,398554.0,1036184.754,3200686,3,5924455,740556.875,1370712.374,3089332,3,9166661,654761.5,1279199.104,3200686,3,0,0,0,0,296,488,0.981810113,1.636350189,0,34,12.4,13.23190588,175.08333330000005,0,0,0,1,0,0,0,0,1,12.91666667,13.55555556,12.53333333,296,0,0,0,0,0,0,9,122,15,188,29200,227,6,32,0.0,0.0,0,0,0.0,0.0,0,0,BruteForce
9089594,9,15,99,188,20,0,11.0,8.544003745,34,0,12.53333333,14.54975045,31.57456758,2.6403819580000003,395199.7391,1029118.797,3232875,3,5987221,748402.625,1391826.4330000002,3277033,3,9089462,649247.2857,1270703.836,3232875,3,0,0,0,0,296,488,0.990143234,1.650238724,0,34,11.48,12.41343358,154.0933333,0,0,0,1,0,0,0,0,1,11.95833333,11.0,12.53333333,296,0,0,0,0,0,0,9,99,15,188,29200,227,6,32,0.0,0.0,0,0,0.0,0.0,0,0,BruteForce
220,2,1,14,0,14,0,7.0,9.899494937,0,0,0.0,0.0,63636.36364,13636.36364,110.0,50.91168825,146,74,220,220.0,0.0,220,220,0,0.0,0.0,0,0,1,0,0,0,64,20,9090.909091,4545.454545000001,0,14,7.0,8.082903769,65.33333333,0,1,0,0,1,0,0,0,0,9.333333333,7.0,0.0,64,0,0,0,0,0,0,2,14,1,0,229,0,0,32,0.0,0.0,0,0,0.0,0.0,0,0,BruteForce
3,2,0,14,0,14,0,7.0,9.899494937,0,0,0.0,0.0,4666666.666999999,666666.6667,3.0,0.0,3,3,3,3.0,0.0,3,3,0,0.0,0.0,0,0,1,0,0,0,64,0,666666.6667,0.0,0,14,9.333333333,8.082903769,65.33333333,0,1,0,0,1,0,0,0,0,14.0,7.0,0.0,64,0,0,0,0,0,0,2,14,0,0,229,-1,0,32,0.0,0.0,0,0,0.0,0.0,0,0,BruteForce
8944717,9,15,107,188,26,0,11.88888889,9.701088141,34,0,12.53333333,14.54975045,32.98036148,2.683148053,388900.7391,1011475.117,3234638,4,5666656,708332.0,1309294.813,2867321,211,8944624,638901.7143,1248747.616,3234638,4,0,0,0,0,296,488,1.00618052,1.676967533,0,34,11.8,12.68857754,161.0,0,0,0,1,0,0,0,0,1,12.29166667,11.88888889,12.53333333,296,0,0,0,0,0,0,9,107,15,188,29200,227,6,32,0.0,0.0,0,0,0.0,0.0,0,0,BruteForce
8950767,9,15,114,188,28,0,12.66666667,10.63014581,34,0,12.53333333,14.54975045,33.74012529,2.68133446,389163.7826,1011702.621,3232686,1,5674950,709368.75,1309787.541,2867002,4,8950673,639333.7857,1248966.517,3232686,1,0,0,0,0,296,488,1.005500422,1.6758340369999998,0,34,12.08,12.94192155,167.49333330000005,0,0,0,1,0,0,0,0,1,12.58333333,12.66666667,12.53333333,296,0,0,0,0,0,0,9,114,15,188,29200,227,6,32,0.0,0.0,0,0,0.0,0.0,0,0,BruteForce
3,2,0,14,0,14,0,7.0,9.899494937,0,0,0.0,0.0,4666666.666999999,666666.6667,3.0,0.0,3,3,3,3.0,0.0,3,3,0,0.0,0.0,0,0,1,0,0,0,64,0,666666.6667,0.0,0,14,9.333333333,8.082903769,65.33333333,0,1,0,0,1,0,0,0,0,14.0,7.0,0.0,64,0,0,0,0,0,0,2,14,0,0,229,-1,0,32,0.0,0.0,0,0,0.0,0.0,0,0,BruteForce
43,2,0,14,0,14,0,7.0,9.899494937,0,0,0.0,0.0,325581.3953,46511.62791,43.0,0.0,43,43,43,43.0,0.0,43,43,0,0.0,0.0,0,0,1,0,0,0,64,0,46511.62791,0.0,0,14,9.333333333,8.082903769,65.33333333,0,1,0,0,1,0,0,0,0,14.0,7.0,0.0,64,0,0,0,0,0,0,2,14,0,0,229,-1,0,32,0.0,0.0,0,0,0.0,0.0,0,0,BruteForce
8908793,9,15,105,188,22,0,11.66666667,9.273618495,34,0,12.53333333,14.54975045,32.88885487,2.693967634,387338.8261,1011495.387,3257985,3,5867265,733408.125,1370201.869,3300419,3,8908672,636333.7143,1249328.274,3257985,3,0,0,0,0,296,488,1.010237863,1.683729771,0,34,11.72,12.58146785,158.2933333,0,0,0,1,0,0,0,0,1,12.20833333,11.66666667,12.53333333,296,0,0,0,0,0,0,9,105,15,188,29200,227,6,32,0.0,0.0,0,0,0.0,0.0,0,0,BruteForce
9214251,9,15,115,188,28,0,12.77777778,10.8371788,34,0,12.53333333,14.54975045,32.88384482,2.604660976,400619.6087,1029291.885,3252571,3,6112310,764038.75,1388174.6919999998,3298445,205,9214185,658156.0714,1269010.346,3252571,3,0,0,0,0,296,488,0.976747866,1.62791311,0,34,12.12,13.0010256,169.0266667,0,0,0,1,0,0,0,0,1,12.625,12.77777778,12.53333333,296,0,0,0,0,0,0,9,115,15,188,29200,227,6,32,0.0,0.0,0,0,0.0,0.0,0,0,BruteForce
8255803,9,15,108,188,26,0,12.0,9.797958971,34,0,12.53333333,14.54975045,35.853568700000004,2.90704611,358947.9565,931745.1087,2824883,3,5705512,713189.0,1318635.92,2866998,4,8255719,589694.2143,1150066.66,2824883,3,0,0,0,0,296,488,1.090142291,1.816903819,0,34,11.84,12.71377206,161.64,0,0,0,1,0,0,0,0,1,12.33333333,12.0,12.53333333,296,0,0,0,0,0,0,9,108,15,188,29200,227,6,32,0.0,0.0,0,0,0.0,0.0,0,0,BruteForce
8434690,9,15,114,188,26,0,12.66666667,10.52378259,34,0,12.53333333,14.54975045,35.80451682,2.845392065,366725.6522,953071.9546,3022636,3,5884142,735517.75,1361077.5890000002,3066686,3,8434614,602472.4286,1176544.998,3022636,49,0,0,0,0,296,488,1.067022025,1.7783700409999998,0,34,12.08,12.91291343,166.74333330000005,0,0,0,1,0,0,0,0,1,12.58333333,12.66666667,12.53333333,296,0,0,0,0,0,0,9,114,15,188,29200,227,6,32,0.0,0.0,0,0,0.0,0.0,0,0,BruteForce
9237057,9,15,113,188,28,0,12.55555556,10.4774891,34,0,12.53333333,14.54975045,32.58613647,2.598230151,401611.1739,1041078.936,3274027,3,6428660,803582.5,1477211.005,3318430,48,9236924,659780.2857,1284826.963,3274027,3,0,0,0,0,296,488,0.974336306,1.623893844,0,34,12.04,12.89857873,166.3733333,0,0,0,1,0,0,0,0,1,12.54166667,12.55555556,12.53333333,296,0,0,0,0,0,0,9,113,15,188,29200,227,6,32,0.0,0.0,0,0,0.0,0.0,0,0,BruteForce
8854985,9,15,107,188,23,0,11.88888889,9.545214042,34,0,12.53333333,14.54975045,33.31456801,2.710337736,384999.3478,1000845.367,3277851,4,5785027,723128.375,1340554.341,3323097,219,8854938,632495.5714,1235560.501,3277851,4,0,0,0,0,296,488,1.016376651,1.693961085,0,34,11.8,12.64911064,160.0,0,0,0,1,0,0,0,0,1,12.29166667,11.88888889,12.53333333,296,0,0,0,0,0,0,9,107,15,188,29200,227,6,32,0.0,0.0,0,0,0.0,0.0,0,0,BruteForce
245,2,1,14,0,14,0,7.0,9.899494937,0,0,0.0,0.0,57142.85714,12244.89796,122.5,50.20458146,158,87,245,245.0,0.0,245,245,0,0.0,0.0,0,0,1,0,0,0,64,20,8163.265306,4081.632653,0,14,7.0,8.082903769,65.33333333,0,1,0,0,1,0,0,0,0,9.333333333,7.0,0.0,64,0,0,0,0,0,0,2,14,1,0,229,0,0,32,0.0,0.0,0,0,0.0,0.0,0,0,BruteForce
3,2,0,14,0,14,0,7.0,9.899494937,0,0,0.0,0.0,4666666.666999999,666666.6667,3.0,0.0,3,3,3,3.0,0.0,3,3,0,0.0,0.0,0,0,1,0,0,0,64,0,666666.6667,0.0,0,14,9.333333333,8.082903769,65.33333333,0,1,0,0,1,0,0,0,0,14.0,7.0,0.0,64,0,0,0,0,0,0,2,14,0,0,229,-1,0,32,0.0,0.0,0,0,0.0,0.0,0,0,BruteForce
251,2,1,14,0,14,0,7.0,9.899494937,0,0,0.0,0.0,55776.89242999999,11952.19124,125.5,55.86143571,165,86,251,251.0,0.0,251,251,0,0.0,0.0,0,0,1,0,0,0,64,20,7968.127490000003,3984.063745,0,14,7.0,8.082903769,65.33333333,0,1,0,0,1,0,0,0,0,9.333333333,7.0,0.0,64,0,0,0,0,0,0,2,14,1,0,229,0,0,32,0.0,0.0,0,0,0.0,0.0,0,0,BruteForce
9432521,9,15,115,188,26,0,12.77777778,10.62753238,34,0,12.53333333,14.54975045,32.12290755,2.544388716,410109.6087,1047332.134,3308718,26,6600473,825059.125,1479210.927,3352715,293,9432468,673747.7143,1290364.787,3308718,48,0,0,0,0,296,488,0.954145769,1.5902429480000002,0,34,12.12,12.94320929,167.5266667,0,0,0,1,0,0,0,0,1,12.625,12.77777778,12.53333333,296,0,0,0,0,0,0,9,115,15,188,29200,227,6,32,0.0,0.0,0,0,0.0,0.0,0,0,BruteForce
233,2,1,14,0,14,0,7.0,9.899494937,0,0,0.0,0.0,60085.836910000005,12875.53648,116.5,47.37615434,150,83,233,233.0,0.0,233,233,0,0.0,0.0,0,0,1,0,0,0,64,20,8583.690987,4291.845494,0,14,7.0,8.082903769,65.33333333,0,1,0,0,1,0,0,0,0,9.333333333,7.0,0.0,64,0,0,0,0,0,0,2,14,1,0,229,0,0,32,0.0,0.0,0,0,0.0,0.0,0,0,BruteForce
232,2,1,14,0,14,0,7.0,9.899494937,0,0,0.0,0.0,60344.82759,12931.03448,116.0,77.78174593,171,61,232,232.0,0.0,232,232,0,0.0,0.0,0,0,1,0,0,0,64,20,8620.689655,4310.344828,0,14,7.0,8.082903769,65.33333333,0,1,0,0,1,0,0,0,0,9.333333333,7.0,0.0,64,0,0,0,0,0,0,2,14,1,0,229,0,0,32,0.0,0.0,0,0,0.0,0.0,0,0,BruteForce
8955962,9,15,106,188,24,0,11.77777778,9.457507306,34,0,12.53333333,14.54975045,32.82729426,2.679779124,389389.6522,1021493.889,3413929,3,5501962,687745.25,1281289.289,3049237,4,8955856,639704.0,1262303.395,3413929,3,0,0,0,0,296,488,1.004917171,1.674861952,0,34,11.76,12.62695529,159.44,0,0,0,1,0,0,0,0,1,12.25,11.77777778,12.53333333,296,0,0,0,0,0,0,9,106,15,188,29200,227,6,32,0.0,0.0,0,0,0.0,0.0,0,0,BruteForce
228,2,1,14,0,14,0,7.0,9.899494937,0,0,0.0,0.0,61403.50877000001,13157.89474,114.0,86.2670273,175,53,228,228.0,0.0,228,228,0,0.0,0.0,0,0,1,0,0,0,64,20,8771.929825,4385.9649119999995,0,14,7.0,8.082903769,65.33333333,0,1,0,0,1,0,0,0,0,9.333333333,7.0,0.0,64,0,0,0,0,0,0,2,14,1,0,229,0,0,32,0.0,0.0,0,0,0.0,0.0,0,0,BruteForce
3,2,0,14,0,14,0,7.0,9.899494937,0,0,0.0,0.0,4666666.666999999,666666.6667,3.0,0.0,3,3,3,3.0,0.0,3,3,0,0.0,0.0,0,0,1,0,0,0,64,0,666666.6667,0.0,0,14,9.333333333,8.082903769,65.33333333,0,1,0,0,1,0,0,0,0,14.0,7.0,0.0,64,0,0,0,0,0,0,2,14,0,0,229,-1,0,32,0.0,0.0,0,0,0.0,0.0,0,0,BruteForce
9814561,9,15,115,188,29,0,12.77777778,10.7677502,34,0,12.53333333,14.54975045,30.87249649,2.445346256,426720.0435,1109822.552,3411665,3,6360668,795083.5,1469812.687,3305077,3,9814443,701031.6429,1370163.525,3411665,4,0,0,0,0,296,488,0.917004846,1.52834141,0,34,12.12,12.98178211,168.5266667,0,0,0,1,0,0,0,0,1,12.625,12.77777778,12.53333333,296,0,0,0,0,0,0,9,115,15,188,29200,227,6,32,0.0,0.0,0,0,0.0,0.0,0,0,BruteForce
4,2,0,14,0,14,0,7.0,9.899494937,0,0,0.0,0.0,3500000.0,500000.0,4.0,0.0,4,4,4,4.0,0.0,4,4,0,0.0,0.0,0,0,1,0,0,0,64,0,500000.0,0.0,0,14,9.333333333,8.082903769,65.33333333,0,1,0,0,1,0,0,0,0,14.0,7.0,0.0,64,0,0,0,0,0,0,2,14,0,0,229,-1,0,32,0.0,0.0,0,0,0.0,0.0,0,0,BruteForce
221,2,1,14,0,14,0,7.0,9.899494937,0,0,0.0,0.0,63348.41629,13574.66063,110.5,41.71930009,140,81,221,221.0,0.0,221,221,0,0.0,0.0,0,0,1,0,0,0,64,20,9049.773756,4524.886878,0,14,7.0,8.082903769,65.33333333,0,1,0,0,1,0,0,0,0,9.333333333,7.0,0.0,64,0,0,0,0,0,0,2,14,1,0,229,0,0,32,0.0,0.0,0,0,0.0,0.0,0,0,BruteForce
9097194,9,15,117,188,30,0,13.0,11.13552873,34,0,12.53333333,14.54975045,33.52682157,2.638176123,395530.1739,1036106.443,3431693,3,6547113,818389.125,1517446.061,3474169,49,9097036,649788.2857,1280161.583,3431693,3,0,0,0,0,296,488,0.989316046,1.648860077,0,34,12.2,13.08943594,171.33333330000005,0,0,0,1,0,0,0,0,1,12.70833333,13.0,12.53333333,296,0,0,0,0,0,0,9,117,15,188,29200,227,6,32,0.0,0.0,0,0,0.0,0.0,0,0,BruteForce
246,2,1,14,0,14,0,7.0,9.899494937,0,0,0.0,0.0,56910.56911,12195.12195,123.0,100.4091629,194,52,246,246.0,0.0,246,246,0,0.0,0.0,0,0,1,0,0,0,64,20,8130.081301,4065.04065,0,14,7.0,8.082903769,65.33333333,0,1,0,0,1,0,0,0,0,9.333333333,7.0,0.0,64,0,0,0,0,0,0,2,14,1,0,229,0,0,32,0.0,0.0,0,0,0.0,0.0,0,0,BruteForce
9537435,9,15,117,188,28,0,13.0,10.95445115,34,0,12.53333333,14.54975045,31.97924809,2.51639985,414671.08700000006,1083612.343,3451940,1,6212840,776605.0,1450399.935,3496216,217,9537402,681243.0,1338498.08,3451940,1,0,0,0,0,296,488,0.943649944,1.572749906,0,34,12.2,13.03840481,170.0,0,0,0,1,0,0,0,0,1,12.70833333,13.0,12.53333333,296,0,0,0,0,0,0,9,117,15,188,29200,227,6,32,0.0,0.0,0,0,0.0,0.0,0,0,BruteForce
248,2,1,14,0,14,0,7.0,9.899494937,0,0,0.0,0.0,56451.6129,12096.77419,124.0,42.42640687,154,94,248,248.0,0.0,248,248,0,0.0,0.0,0,0,1,0,0,0,64,20,8064.516129000002,4032.258065,0,14,7.0,8.082903769,65.33333333,0,1,0,0,1,0,0,0,0,9.333333333,7.0,0.0,64,0,0,0,0,0,0,2,14,1,0,229,0,0,32,0.0,0.0,0,0,0.0,0.0,0,0,BruteForce
7973737,9,15,119,188,32,0,13.22222222,11.46492235,34,0,12.53333333,14.54975045,38.50139527,3.009881063,346684.2174,903699.8071,3039127,3,5403365,675420.625,1262969.278,3083698,3,7973629,569544.9286,1115968.459,3039127,3,0,0,0,0,296,488,1.128705399,1.881175665,0,34,12.28,13.18938968,173.96,0,0,0,1,0,0,0,0,1,12.79166667,13.22222222,12.53333333,296,0,0,0,0,0,0,9,119,15,188,29200,227,6,32,0.0,0.0,0,0,0.0,0.0,0,0,BruteForce
8152973,9,15,109,188,25,0,12.11111111,9.854496999,34,0,12.53333333,14.54975045,36.42842924,2.943711453,354477.08700000006,921022.4596,3172857,3,5582358,697794.75,1295109.456,3217630,4,8152850,582346.4286,1136957.189,3172857,3,0,0,0,0,296,488,1.103891795,1.839819658,0,34,11.88,12.72896958,162.0266667,0,0,0,1,0,0,0,0,1,12.375,12.11111111,12.53333333,296,0,0,0,0,0,0,9,109,15,188,29200,227,6,32,0.0,0.0,0,0,0.0,0.0,0,0,BruteForce
9600660,9,15,106,188,22,0,11.77777778,9.404490653,34,0,12.53333333,14.54975045,30.62289468,2.4998281369999997,417420.0,1086950.667,3455996,3,6101620,762702.5,1410495.1919999996,3082879,3,9600586,685756.1429,1342103.808,3455996,3,0,0,0,0,296,488,0.937435551,1.562392586,0,34,11.76,12.61374911,159.10666669999995,0,0,0,1,0,0,0,0,1,12.25,11.77777778,12.53333333,296,0,0,0,0,0,0,9,106,15,188,29200,227,6,32,0.0,0.0,0,0,0.0,0.0,0,0,BruteForce
203,2,1,14,0,14,0,7.0,9.899494937,0,0,0.0,0.0,68965.51724,14778.32512,101.5,82.7314934,160,43,203,203.0,0.0,203,203,0,0.0,0.0,0,0,1,0,0,0,64,20,9852.216749,4926.108374,0,14,7.0,8.082903769,65.33333333,0,1,0,0,1,0,0,0,0,9.333333333,7.0,0.0,64,0,0,0,0,0,0,2,14,1,0,229,0,0,32,0.0,0.0,0,0,0.0,0.0,0,0,BruteForce
9068949,9,15,125,188,36,0,13.88888889,12.53439712,34,0,12.53333333,14.54975045,34.51337084,2.646392653,394302.1304,1016908.132,3036813,3,5988530,748566.25,1369772.4719999998,3010741,217,9068841,647774.3571,1254279.211,3036813,3,0,0,0,0,296,488,0.992397245,1.653995408,0,36,12.52,13.53119852,183.0933333,0,0,0,1,0,0,0,0,1,13.04166667,13.88888889,12.53333333,296,0,0,0,0,0,0,9,125,15,188,29200,227,6,32,0.0,0.0,0,0,0.0,0.0,0,0,BruteForce
4,2,0,14,0,14,0,7.0,9.899494937,0,0,0.0,0.0,3500000.0,500000.0,4.0,0.0,4,4,4,4.0,0.0,4,4,0,0.0,0.0,0,0,1,0,0,0,64,0,500000.0,0.0,0,14,9.333333333,8.082903769,65.33333333,0,1,0,0,1,0,0,0,0,14.0,7.0,0.0,64,0,0,0,0,0,0,2,14,0,0,229,-1,0,32,0.0,0.0,0,0,0.0,0.0,0,0,BruteForce
249,2,1,14,0,14,0,7.0,9.899494937,0,0,0.0,0.0,56224.8996,12048.19277,124.5,65.76093065,171,78,249,249.0,0.0,249,249,0,0.0,0.0,0,0,1,0,0,0,64,20,8032.128514,4016.064257,0,14,7.0,8.082903769,65.33333333,0,1,0,0,1,0,0,0,0,9.333333333,7.0,0.0,64,0,0,0,0,0,0,2,14,1,0,229,0,0,32,0.0,0.0,0,0,0.0,0.0,0,0,BruteForce
203,2,1,14,0,14,0,7.0,9.899494937,0,0,0.0,0.0,68965.51724,14778.32512,101.5,36.06244584,127,76,203,203.0,0.0,203,203,0,0.0,0.0,0,0,1,0,0,0,64,20,9852.216749,4926.108374,0,14,7.0,8.082903769,65.33333333,0,1,0,0,1,0,0,0,0,9.333333333,7.0,0.0,64,0,0,0,0,0,0,2,14,1,0,229,0,0,32,0.0,0.0,0,0,0.0,0.0,0,0,BruteForce
249,2,1,14,0,14,0,7.0,9.899494937,0,0,0.0,0.0,56224.8996,12048.19277,124.5,38.89087297,152,97,249,249.0,0.0,249,249,0,0.0,0.0,0,0,1,0,0,0,64,20,8032.128514,4016.064257,0,14,7.0,8.082903769,65.33333333,0,1,0,0,1,0,0,0,0,9.333333333,7.0,0.0,64,0,0,0,0,0,0,2,14,1,0,229,0,0,32,0.0,0.0,0,0,0.0,0.0,0,0,BruteForce
8490675,9,15,107,188,23,0,11.88888889,9.545214042,34,0,12.53333333,14.54975045,34.74399856,2.826630392,369159.7826,967314.6829,3204980,3,5568550,696068.75,1310919.798,3247128,217,8490598,606471.2857,1195202.221,3204980,3,0,0,0,0,296,488,1.059986397,1.766643995,0,34,11.8,12.64911064,160.0,0,0,0,1,0,0,0,0,1,12.29166667,11.88888889,12.53333333,296,0,0,0,0,0,0,9,107,15,188,29200,227,6,32,0.0,0.0,0,0,0.0,0.0,0,0,BruteForce
8484067,9,15,104,188,22,0,11.55555556,9.153020145,34,0,12.53333333,14.54975045,34.41745568,2.828831974,368872.4783,965250.5744,3194893,3,5562548,695318.5,1308494.643,3239274,190,8483935,605995.3571,1192478.425,3194893,3,0,0,0,0,296,488,1.06081199,1.7680199840000002,0,34,11.68,12.55229063,157.56,0,0,0,1,0,0,0,0,1,12.16666667,11.55555556,12.53333333,296,0,0,0,0,0,0,9,104,15,188,29200,227,6,32,0.0,0.0,0,0,0.0,0.0,0,0,BruteForce
218,2,1,14,0,14,0,7.0,9.899494937,0,0,0.0,0.0,64220.18349,13761.46789,109.0,36.76955262,135,83,218,218.0,0.0,218,218,0,0.0,0.0,0,0,1,0,0,0,64,20,9174.311927,4587.155963,0,14,7.0,8.082903769,65.33333333,0,1,0,0,1,0,0,0,0,9.333333333,7.0,0.0,64,0,0,0,0,0,0,2,14,1,0,229,0,0,32,0.0,0.0,0,0,0.0,0.0,0,0,BruteForce
8950822,9,15,100,188,20,0,11.11111111,8.666666667000001,34,0,12.53333333,14.54975045,32.17581581,2.681317984,389166.1739,1011598.456,3154635,3,5992672,749084.0,1389688.925,3199004,48,8950693,639335.2143,1248824.491,3154635,3,0,0,0,0,296,488,1.005494244,1.67582374,0,34,11.52,12.44025723,154.76,0,0,0,1,0,0,0,0,1,12.0,11.11111111,12.53333333,296,0,0,0,0,0,0,9,100,15,188,29200,227,6,32,0.0,0.0,0,0,0.0,0.0,0,0,BruteForce
4,2,0,14,0,14,0,7.0,9.899494937,0,0,0.0,0.0,3500000.0,500000.0,4.0,0.0,4,4,4,4.0,0.0,4,4,0,0.0,0.0,0,0,1,0,0,0,64,0,500000.0,0.0,0,14,9.333333333,8.082903769,65.33333333,0,1,0,0,1,0,0,0,0,14.0,7.0,0.0,64,0,0,0,0,0,0,2,14,0,0,229,-1,0,32,0.0,0.0,0,0,0.0,0.0,0,0,BruteForce
9610639,9,15,109,188,24,0,12.11111111,9.803627447,34,0,12.53333333,14.54975045,30.90325211,2.497232494,417853.8696,1085188.064,3327235,3,6354635,794329.375,1470122.2780000004,3374821,48,9610494,686463.8571,1339537.183,3327235,3,0,0,0,0,296,488,0.936462185,1.560770309,0,34,11.88,12.71586935,161.6933333,0,0,0,1,0,0,0,0,1,12.375,12.11111111,12.53333333,296,0,0,0,0,0,0,9,109,15,188,29200,227,6,32,0.0,0.0,0,0,0.0,0.0,0,0,BruteForce
4,2,0,14,0,14,0,7.0,9.899494937,0,0,0.0,0.0,3500000.0,500000.0,4.0,0.0,4,4,4,4.0,0.0,4,4,0,0.0,0.0,0,0,1,0,0,0,64,0,500000.0,0.0,0,14,9.333333333,8.082903769,65.33333333,0,1,0,0,1,0,0,0,0,14.0,7.0,0.0,64,0,0,0,0,0,0,2,14,0,0,229,-1,0,32,0.0,0.0,0,0,0.0,0.0,0,0,BruteForce
8615470,9,15,123,188,36,0,13.66666667,12.34908904,34,0,12.53333333,14.54975045,36.09785653,2.785686678,374585.6522,979773.3627,3242773,3,5655407,706925.875,1328586.567,3287133,227,8615386,615384.7143,1210360.521,3242773,3,0,0,0,0,296,488,1.044632504,1.7410541730000002,0,36,12.44,13.46625412,181.34,0,0,0,1,0,0,0,0,1,12.95833333,13.66666667,12.53333333,296,0,0,0,0,0,0,9,123,15,188,29200,227,6,32,0.0,0.0,0,0,0.0,0.0,0,0,BruteForce
224,2,1,14,0,14,0,7.0,9.899494937,0,0,0.0,0.0,62500.0,13392.85714,112.0,67.88225099,160,64,224,224.0,0.0,224,224,0,0.0,0.0,0,0,1,0,0,0,64,20,8928.571429000001,4464.285714,0,14,7.0,8.082903769,65.33333333,0,1,0,0,1,0,0,0,0,9.333333333,7.0,0.0,64,0,0,0,0,0,0,2,14,1,0,229,0,0,32,0.0,0.0,0,0,0.0,0.0,0,0,BruteForce
9055254,9,15,115,188,27,0,12.77777778,10.74450764,34,0,12.53333333,14.54975045,33.46123698,2.6503950080000003,393706.6957,1035638.332,3368508,3,6701843,837730.375,1547873.746,3412779,48,9055098,646792.7143,1280159.784,3368508,3,0,0,0,0,296,488,0.993898128,1.65649688,0,34,12.12,12.97536127,168.36,0,0,0,1,0,0,0,0,1,12.625,12.77777778,12.53333333,296,0,0,0,0,0,0,9,115,15,188,29200,227,6,32,0.0,0.0,0,0,0.0,0.0,0,0,BruteForce
279,2,1,14,0,14,0,7.0,9.899494937,0,0,0.0,0.0,50179.21147,10752.68817,139.5,77.07463915,194,85,279,279.0,0.0,279,279,0,0.0,0.0,0,0,1,0,0,0,64,20,7168.458781,3584.229391,0,14,7.0,8.082903769,65.33333333,0,1,0,0,1,0,0,0,0,9.333333333,7.0,0.0,64,0,0,0,0,0,0,2,14,1,0,229,0,0,32,0.0,0.0,0,0,0.0,0.0,0,0,BruteForce
8871363,9,15,117,188,27,0,13.0,10.89724736,34,0,12.53333333,14.54975045,34.38028632,2.705334006,385711.4348,1009274.785,3350646,3,6387088,798386.0,1479283.86,3393936,224,8871246,633660.4286,1246860.162,3350646,3,0,0,0,0,296,488,1.014500252,1.690833754,0,34,12.2,13.02241657,169.58333330000005,0,0,0,1,0,0,0,0,1,12.70833333,13.0,12.53333333,296,0,0,0,0,0,0,9,117,15,188,29200,227,6,32,0.0,0.0,0,0,0.0,0.0,0,0,BruteForce
9679008,9,15,109,188,24,0,12.11111111,9.829095132,34,0,12.53333333,14.54975045,30.68496276,2.47959295,420826.4348,1095075.702,3363965,1,6399439,799929.875,1483004.716,3405811,3,9678885,691348.9286,1352036.86,3363965,1,0,0,0,0,296,488,0.929847356,1.549745594,0,34,11.88,12.72242115,161.86,0,0,0,1,0,0,0,0,1,12.375,12.11111111,12.53333333,296,0,0,0,0,0,0,9,109,15,188,29200,227,6,32,0.0,0.0,0,0,0.0,0.0,0,0,BruteForce
9644114,9,15,106,188,25,0,11.77777778,9.523363085,34,0,12.53333333,14.54975045,30.48491546,2.488564528,419309.3043,1089869.501,3350022,3,6250564,781320.5,1444548.562,3240440,3,9643993,688856.6429,1345437.863,3350022,3,0,0,0,0,296,488,0.933211698,1.55535283,0,34,11.76,12.64344362,159.85666669999995,0,0,0,1,0,0,0,0,1,12.25,11.77777778,12.53333333,296,0,0,0,0,0,0,9,106,15,188,29200,227,6,32,0.0,0.0,0,0,0.0,0.0,0,0,BruteForce
8794289,9,15,100,188,21,0,11.11111111,8.767046887000001,34,0,12.53333333,14.54975045,32.74852578,2.729043815,382360.3913,996132.3667,3252804,3,6007943,750992.875,1397528.9530000002,3295000,4,8794193,628156.6429,1230033.31,3252804,3,0,0,0,0,296,488,1.023391431,1.705652384,0,34,11.52,12.46368057,155.3433333,0,0,0,1,0,0,0,0,1,12.0,11.11111111,12.53333333,296,0,0,0,0,0,0,9,100,15,188,29200,227,6,32,0.0,0.0,0,0,0.0,0.0,0,0,BruteForce
266,2,1,14,0,14,0,7.0,9.899494937,0,0,0.0,0.0,52631.57895,11278.19549,133.0,38.18376618,160,106,266,266.0,0.0,266,266,0,0.0,0.0,0,0,1,0,0,0,64,20,7518.796992,3759.398496,0,14,7.0,8.082903769,65.33333333,0,1,0,0,1,0,0,0,0,9.333333333,7.0,0.0,64,0,0,0,0,0,0,2,14,1,0,229,0,0,32,0.0,0.0,0,0,0.0,0.0,0,0,BruteForce
205,2,1,14,0,14,0,7.0,9.899494937,0,0,0.0,0.0,68292.68293,14634.14634,102.5,70.00357134,152,53,205,205.0,0.0,205,205,0,0.0,0.0,0,0,1,0,0,0,64,20,9756.097561,4878.04878,0,14,7.0,8.082903769,65.33333333,0,1,0,0,1,0,0,0,0,9.333333333,7.0,0.0,64,0,0,0,0,0,0,2,14,1,0,229,0,0,32,0.0,0.0,0,0,0.0,0.0,0,0,BruteForce
3,2,0,14,0,14,0,7.0,9.899494937,0,0,0.0,0.0,4666666.666999999,666666.6667,3.0,0.0,3,3,3,3.0,0.0,3,3,0,0.0,0.0,0,0,1,0,0,0,64,0,666666.6667,0.0,0,14,9.333333333,8.082903769,65.33333333,0,1,0,0,1,0,0,0,0,14.0,7.0,0.0,64,0,0,0,0,0,0,2,14,0,0,229,-1,0,32,0.0,0.0,0,0,0.0,0.0,0,0,BruteForce
9682506,9,15,101,188,23,0,11.22222222,8.941165721,34,0,12.53333333,14.54975045,29.84764481,2.478697147,420978.5217,1095014.503,3371815,3,6269502,783687.75,1450162.739,3259323,258,9682390,691599.2857,1351898.667,3371815,3,0,0,0,0,296,488,0.92951143,1.549185717,0,34,11.56,12.50359948,156.34,0,0,0,1,0,0,0,0,1,12.04166667,11.22222222,12.53333333,296,0,0,0,0,0,0,9,101,15,188,29200,227,6,32,0.0,0.0,0,0,0.0,0.0,0,0,BruteForce
8779498,9,15,112,188,25,0,12.44444444,10.19940085,34,0,12.53333333,14.54975045,34.17051863,2.733641491,381717.3043,996702.036,3219469,3,5779659,722457.375,1350911.399,3262129,221,8779387,627099.0714,1231041.139,3219469,3,0,0,0,0,296,488,1.025115559,1.708525932,0,34,12.0,12.82250626,164.41666669999995,0,0,0,1,0,0,0,0,1,12.5,12.44444444,12.53333333,296,0,0,0,0,0,0,9,112,15,188,29200,227,6,32,0.0,0.0,0,0,0.0,0.0,0,0,BruteForce
8883153,9,15,100,188,23,0,11.11111111,8.823894328,34,0,12.53333333,14.54975045,32.42092081,2.7017434010000003,386224.0435,1008901.376,3224080,3,5618810,702351.25,1307146.828,3097612,48,8883045,634503.2143,1246167.282,3224080,3,0,0,0,0,296,488,1.013153775,1.688589626,0,34,11.52,12.47704559,155.6766667,0,0,0,1,0,0,0,0,1,12.0,11.11111111,12.53333333,296,0,0,0,0,0,0,9,100,15,188,29200,227,6,32,0.0,0.0,0,0,0.0,0.0,0,0,BruteForce
7942436,9,15,107,188,23,0,11.88888889,9.584420228,34,0,12.53333333,14.54975045,37.14225711,3.021742951,345323.3043,901434.2898,3116847,4,5431856,678982.0,1269706.143,3158716,4,7942359,567311.3571,1113344.207,3116847,4,0,0,0,0,296,488,1.133153607,1.888589345,0,34,11.8,12.6589889,160.25,0,0,0,1,0,0,0,0,1,12.29166667,11.88888889,12.53333333,296,0,0,0,0,0,0,9,107,15,188,29200,227,6,32,0.0,0.0,0,0,0.0,0.0,0,0,BruteForce
9098856,9,15,110,188,26,0,12.22222222,10.05954494,34,0,12.53333333,14.54975045,32.75137006,2.637694233,395602.4348,1031051.657,3237622,3,5987687,748460.875,1392687.742,3279607,3,9098800,649914.2857,1273207.055,3237622,3,0,0,0,0,296,488,0.989135337,1.648558896,0,34,11.92,12.78319209,163.41,0,0,0,1,0,0,0,0,1,12.41666667,12.22222222,12.53333333,296,0,0,0,0,0,0,9,110,15,188,29200,227,6,32,0.0,0.0,0,0,0.0,0.0,0,0,BruteForce
8307521,9,15,108,188,23,0,12.0,9.682458366,34,0,12.53333333,14.54975045,35.63036434,2.88894846,361196.5652,946997.7677,3140950,3,5445543,680692.875,1282776.884,3183452,3,8307437,593388.3571,1170172.851,3140950,44,0,0,0,0,296,488,1.083355673,1.805592788,0,34,11.84,12.68424219,160.89,0,0,0,1,0,0,0,0,1,12.33333333,12.0,12.53333333,296,0,0,0,0,0,0,9,108,15,188,29200,227,6,32,0.0,0.0,0,0,0.0,0.0,0,0,BruteForce
8495051,9,15,106,188,26,0,11.77777778,9.653726972,34,0,12.53333333,14.54975045,34.60838552,2.825174328,369350.0435,945966.1112,3148620,3,5628063,703507.875,1272443.827,3189829,48,8494996,606785.4286,1165866.157,3148620,3,0,0,0,0,296,488,1.059440373,1.765733955,0,34,11.76,12.67635594,160.69,0,0,0,1,0,0,0,0,1,12.25,11.77777778,12.53333333,296,0,0,0,0,0,0,9,106,15,188,29200,227,6,32,0.0,0.0,0,0,0.0,0.0,0,0,BruteForce
9437842,9,15,104,188,23,0,11.55555556,9.221050796,34,0,12.53333333,14.54975045,30.93927616,2.542954205,410340.9565,1058203.908,3250422,3,6261018,782627.25,1428780.752,3293038,254,9437709,674122.0714,1305204.887,3250422,3,0,0,0,0,296,488,0.953607827,1.589346378,0,34,11.68,12.56887691,157.97666669999995,0,0,0,1,0,0,0,0,1,12.16666667,11.55555556,12.53333333,296,0,0,0,0,0,0,9,104,15,188,29200,227,6,32,0.0,0.0,0,0,0.0,0.0,0,0,BruteForce
8475164,9,15,97,188,20,0,10.77777778,8.363279527000001,34,0,12.53333333,14.54975045,33.62766785,2.8318036089999996,368485.3913,967424.2485,3248633,3,5182948,647868.5,1209255.565,2897918,240,8475098,605364.1429,1195588.511,3248633,3,0,0,0,0,296,488,1.061926353,1.769877255,0,34,11.4,12.37605214,153.16666669999995,0,0,0,1,0,0,0,0,1,11.875,10.77777778,12.53333333,296,0,0,0,0,0,0,9,97,15,188,29200,227,6,32,0.0,0.0,0,0,0.0,0.0,0,0,BruteForce
8407744,9,15,101,188,23,0,11.22222222,8.885068624,34,0,12.53333333,14.54975045,34.3730732,2.85451127,365554.08700000006,957105.68,3160691,3,5503365,687920.625,1294416.99,3205237,4,8407657,600546.9286,1182487.607,3160691,3,0,0,0,0,296,488,1.070441726,1.784069544,0,34,11.56,12.49026287,156.00666669999995,0,0,0,1,0,0,0,0,1,12.04166667,11.22222222,12.53333333,296,0,0,0,0,0,0,9,101,15,188,29200,227,6,32,0.0,0.0,0,0,0.0,0.0,0,0,BruteForce
233,2,1,14,0,14,0,7.0,9.899494937,0,0,0.0,0.0,60085.836910000005,12875.53648,116.5,101.1162697,188,45,233,233.0,0.0,233,233,0,0.0,0.0,0,0,1,0,0,0,64,20,8583.690987,4291.845494,0,14,7.0,8.082903769,65.33333333,0,1,0,0,1,0,0,0,0,9.333333333,7.0,0.0,64,0,0,0,0,0,0,2,14,1,0,229,0,0,32,0.0,0.0,0,0,0.0,0.0,0,0,BruteForce
3,2,0,14,0,14,0,7.0,9.899494937,0,0,0.0,0.0,4666666.666999999,666666.6667,3.0,0.0,3,3,3,3.0,0.0,3,3,0,0.0,0.0,0,0,1,0,0,0,64,0,666666.6667,0.0,0,14,9.333333333,8.082903769,65.33333333,0,1,0,0,1,0,0,0,0,14.0,7.0,0.0,64,0,0,0,0,0,0,2,14,0,0,229,-1,0,32,0.0,0.0,0,0,0.0,0.0,0,0,BruteForce
243,2,1,14,0,14,0,7.0,9.899494937,0,0,0.0,0.0,57613.16872,12345.67901,121.5,57.27564928,162,81,243,243.0,0.0,243,243,0,0.0,0.0,0,0,1,0,0,0,64,20,8230.452675,4115.226337,0,14,7.0,8.082903769,65.33333333,0,1,0,0,1,0,0,0,0,9.333333333,7.0,0.0,64,0,0,0,0,0,0,2,14,1,0,229,0,0,32,0.0,0.0,0,0,0.0,0.0,0,0,BruteForce
9196397,9,15,99,188,20,0,11.0,8.544003745,34,0,12.53333333,14.54975045,31.20787413,2.609717697,399843.3478,1025392.606,3170248,3,5984103,748012.875,1351631.9430000002,3122984,257,9196304,656878.8571,1263938.198,3170248,3,0,0,0,0,296,488,0.978644136,1.631073561,0,34,11.48,12.41343358,154.0933333,0,0,0,1,0,0,0,0,1,11.95833333,11.0,12.53333333,296,0,0,0,0,0,0,9,99,15,188,29200,227,6,32,0.0,0.0,0,0,0.0,0.0,0,0,BruteForce
9265781,9,15,101,188,22,0,11.22222222,8.828615092,34,0,12.53333333,14.54975045,31.19003136,2.590175615,402860.0435,1049856.877,3271092,3,6039132,754891.5,1403566.375,3313545,4,9265693,661835.2143,1296415.426,3271092,3,0,0,0,0,296,488,0.971315856,1.618859759,0,34,11.56,12.47691201,155.6733333,0,0,0,1,0,0,0,0,1,12.04166667,11.22222222,12.53333333,296,0,0,0,0,0,0,9,101,15,188,29200,227,6,32,0.0,0.0,0,0,0.0,0.0,0,0,BruteForce
8864281,9,15,106,188,23,0,11.77777778,9.417772796,34,0,12.53333333,14.54975045,33.16681861,2.707495396,385403.5217,1003954.345,3271371,3,5550882,693860.25,1282374.6,2907867,49,8864161,633154.3571,1239679.533,3271371,3,0,0,0,0,296,488,1.015310774,1.6921846230000002,0,34,11.76,12.61705195,159.19,0,0,0,1,0,0,0,0,1,12.25,11.77777778,12.53333333,296,0,0,0,0,0,0,9,106,15,188,29200,227,6,32,0.0,0.0,0,0,0.0,0.0,0,0,BruteForce
240,2,1,14,0,14,0,7.0,9.899494937,0,0,0.0,0.0,58333.333329999994,12500.0,120.0,11.3137085,128,112,240,240.0,0.0,240,240,0,0.0,0.0,0,0,1,0,0,0,64,20,8333.333333,4166.666667,0,14,7.0,8.082903769,65.33333333,0,1,0,0,1,0,0,0,0,9.333333333,7.0,0.0,64,0,0,0,0,0,0,2,14,1,0,229,0,0,32,0.0,0.0,0,0,0.0,0.0,0,0,BruteForce
9401618,9,15,108,188,23,0,12.0,9.656603958,34,0,12.53333333,14.54975045,31.48394244,2.55275209,408766.0,1060736.44,3284860,3,6246537,780817.125,1443607.707,3332892,281,9401459,671532.7857,1309239.556,3284860,3,0,0,0,0,296,488,0.957282034,1.595470056,0,34,11.84,12.67767066,160.7233333,0,0,0,1,0,0,0,0,1,12.33333333,12.0,12.53333333,296,0,0,0,0,0,0,9,108,15,188,29200,227,6,32,0.0,0.0,0,0,0.0,0.0,0,0,BruteForce
245,2,1,14,0,14,0,7.0,9.899494937,0,0,0.0,0.0,57142.85714,12244.89796,122.5,105.3589104,197,48,245,245.0,0.0,245,245,0,0.0,0.0,0,0,1,0,0,0,64,20,8163.265306,4081.632653,0,14,7.0,8.082903769,65.33333333,0,1,0,0,1,0,0,0,0,9.333333333,7.0,0.0,64,0,0,0,0,0,0,2,14,1,0,229,0,0,32,0.0,0.0,0,0,0.0,0.0,0,0,BruteForce
8748798,9,15,99,188,19,0,11.0,8.529361055,34,0,12.53333333,14.54975045,32.8045064,2.743233985,380382.5217,986595.9053,3012065,3,5866896,733362.0,1357786.19,3058690,4,8748683,624905.9286,1217662.056,3012065,3,0,0,0,0,296,488,1.028712744,1.714521241,0,34,11.48,12.41007655,154.01,0,0,0,1,0,0,0,0,1,11.95833333,11.0,12.53333333,296,0,0,0,0,0,0,9,99,15,188,29200,227,6,32,0.0,0.0,0,0,0.0,0.0,0,0,BruteForce
8533133,9,15,100,188,23,0,11.11111111,8.823894328,34,0,12.53333333,14.54975045,33.75079235,2.8125660289999996,371005.7826,960652.7181,3012765,3,5731634,716454.25,1322845.586,3058420,232,8533048,609503.4286,1185420.183,3012765,3,0,0,0,0,296,488,1.054712261,1.757853768,0,34,11.52,12.47704559,155.6766667,0,0,0,1,0,0,0,0,1,12.0,11.11111111,12.53333333,296,0,0,0,0,0,0,9,100,15,188,29200,227,6,32,0.0,0.0,0,0,0.0,0.0,0,0,BruteForce
249,2,1,14,0,14,0,7.0,9.899494937,0,0,0.0,0.0,56224.8996,12048.19277,124.5,75.66042559,178,71,249,249.0,0.0,249,249,0,0.0,0.0,0,0,1,0,0,0,64,20,8032.128514,4016.064257,0,14,7.0,8.082903769,65.33333333,0,1,0,0,1,0,0,0,0,9.333333333,7.0,0.0,64,0,0,0,0,0,0,2,14,1,0,229,0,0,32,0.0,0.0,0,0,0.0,0.0,0,0,BruteForce
8686177,9,15,102,188,22,0,11.33333333,8.94427191,34,0,12.53333333,14.54975045,33.3863793,2.763010701,377659.8696,980744.795,3056033,3,5763973,720496.625,1336825.061,3098799,251,8686117,620436.9286,1210604.111,3056033,3,0,0,0,0,296,488,1.036129013,1.7268816880000002,0,34,11.6,12.50333289,156.33333330000005,0,0,0,1,0,0,0,0,1,12.08333333,11.33333333,12.53333333,296,0,0,0,0,0,0,9,102,15,188,29200,227,6,32,0.0,0.0,0,0,0.0,0.0,0,0,BruteForce
225,2,1,14,0,14,0,7.0,9.899494937,0,0,0.0,0.0,62222.22222,13333.33333,112.5,89.80256121,176,49,225,225.0,0.0,225,225,0,0.0,0.0,0,0,1,0,0,0,64,20,8888.888889,4444.444444,0,14,7.0,8.082903769,65.33333333,0,1,0,0,1,0,0,0,0,9.333333333,7.0,0.0,64,0,0,0,0,0,0,2,14,1,0,229,0,0,32,0.0,0.0,0,0,0.0,0.0,0,0,BruteForce
309,2,1,14,0,14,0,7.0,9.899494937,0,0,0.0,0.0,45307.44337,9708.737864,154.5,81.31727984,212,97,309,309.0,0.0,309,309,0,0.0,0.0,0,0,1,0,0,0,64,20,6472.491909,3236.245955,0,14,7.0,8.082903769,65.33333333,0,1,0,0,1,0,0,0,0,9.333333333,7.0,0.0,64,0,0,0,0,0,0,2,14,1,0,229,0,0,32,0.0,0.0,0,0,0.0,0.0,0,0,BruteForce
9143747,9,15,100,188,22,0,11.11111111,8.781293247999999,34,0,12.53333333,14.54975045,31.49693446,2.624744539,397554.2174,1033140.942,3189684,3,5910623,738827.875,1367454.61,3079888,4,9143629,653116.3571,1275382.168,3189684,3,0,0,0,0,296,488,0.984279202,1.640465337,0,34,11.52,12.46702317,155.4266667,0,0,0,1,0,0,0,0,1,12.0,11.11111111,12.53333333,296,0,0,0,0,0,0,9,100,15,188,29200,227,6,32,0.0,0.0,0,0,0.0,0.0,0,0,BruteForce
235,2,1,14,0,14,0,7.0,9.899494937,0,0,0.0,0.0,59574.468089999995,12765.95745,117.5,0.7071067809999999,118,117,235,235.0,0.0,235,235,0,0.0,0.0,0,0,1,0,0,0,64,20,8510.638298,4255.319149,0,14,7.0,8.082903769,65.33333333,0,1,0,0,1,0,0,0,0,9.333333333,7.0,0.0,64,0,0,0,0,0,0,2,14,1,0,229,0,0,32,0.0,0.0,0,0,0.0,0.0,0,0,BruteForce
8795001,9,15,103,188,22,0,11.44444444,9.070709883,34,0,12.53333333,14.54975045,33.08697748,2.728822885,382391.3478,996847.0442,3252888,3,5500278,687534.75,1272710.35,2881129,3,8794884,628206.0,1231002.608,3252888,3,0,0,0,0,296,488,1.023308582,1.7055143030000002,0,34,11.64,12.53289006,157.0733333,0,0,0,1,0,0,0,0,1,12.125,11.44444444,12.53333333,296,0,0,0,0,0,0,9,103,15,188,29200,227,6,32,0.0,0.0,0,0,0.0,0.0,0,0,BruteForce
8602723,9,15,103,188,23,0,11.44444444,9.139353247,34,0,12.53333333,14.54975045,33.82649889,2.789814341,374031.4348,970205.2371,3044035,3,5771752,721469.0,1336502.309,3088821,49,8602579,614469.9286,1197446.107,3044035,3,0,0,0,0,296,488,1.046180378,1.7436339630000002,0,34,11.64,12.54950198,157.49,0,0,0,1,0,0,0,0,1,12.125,11.44444444,12.53333333,296,0,0,0,0,0,0,9,103,15,188,29200,227,6,32,0.0,0.0,0,0,0.0,0.0,0,0,BruteForce
8573488,9,15,98,188,23,0,10.88888889,8.652231568,34,0,12.53333333,14.54975045,33.35865169,2.799327415,372760.3478,968009.8048,3032804,3,5751694,718961.75,1333612.187,3077658,3,8573393,612385.2143,1194884.5,3032804,3,0,0,0,0,296,488,1.049747781,1.749579634,0,34,11.44,12.44012326,154.75666669999995,0,0,0,1,0,0,0,0,1,11.91666667,10.88888889,12.53333333,296,0,0,0,0,0,0,9,98,15,188,29200,227,6,32,0.0,0.0,0,0,0.0,0.0,0,0,BruteForce
205,2,1,14,0,14,0,7.0,9.899494937,0,0,0.0,0.0,68292.68293,14634.14634,102.5,71.4177849,153,52,205,205.0,0.0,205,205,0,0.0,0.0,0,0,1,0,0,0,64,20,9756.097561,4878.04878,0,14,7.0,8.082903769,65.33333333,0,1,0,0,1,0,0,0,0,9.333333333,7.0,0.0,64,0,0,0,0,0,0,2,14,1,0,229,0,0,32,0.0,0.0,0,0,0.0,0.0,0,0,BruteForce
10030949,9,15,100,188,22,0,11.11111111,8.724168219,34,0,12.53333333,14.54975045,28.71114189,2.3925951569999997,436128.2174,1149928.242,3687782,3,6344018,793002.25,1496357.176,3728925,3,10000000,716488.0,1421790.694,3687782,3,0,0,0,0,296,488,0.897223184,1.495371973,0,34,11.52,12.45364739,155.0933333,0,0,0,1,0,0,0,0,1,12.0,11.11111111,12.53333333,296,0,0,0,0,0,0,9,100,15,188,29200,227,6,32,0.0,0.0,0,0,0.0,0.0,0,0,BruteForce
240,2,1,14,0,14,0,7.0,9.899494937,0,0,0.0,0.0,58333.333329999994,12500.0,120.0,87.68124087,182,58,240,240.0,0.0,240,240,0,0.0,0.0,0,0,1,0,0,0,64,20,8333.333333,4166.666667,0,14,7.0,8.082903769,65.33333333,0,1,0,0,1,0,0,0,0,9.333333333,7.0,0.0,64,0,0,0,0,0,0,2,14,1,0,229,0,0,32,0.0,0.0,0,0,0.0,0.0,0,0,BruteForce
8770961,9,15,107,188,23,0,11.88888889,9.584420228,34,0,12.53333333,14.54975045,33.63371471,2.7363022139999997,381346.1304,993414.4957,3212069,3,6103784,762973.0,1415216.504,3254769,48,8770816,626486.8571,1226668.595,3212069,3,0,0,0,0,296,488,1.02611333,1.710188884,0,34,11.8,12.6589889,160.25,0,0,0,1,0,0,0,0,1,12.29166667,11.88888889,12.53333333,296,0,0,0,0,0,0,9,107,15,188,29200,227,6,32,0.0,0.0,0,0,0.0,0.0,0,0,BruteForce
265,2,1,14,0,14,0,7.0,9.899494937,0,0,0.0,0.0,52830.18868,11320.75472,132.5,101.1162697,204,61,265,265.0,0.0,265,265,0,0.0,0.0,0,0,1,0,0,0,64,20,7547.169811,3773.584906,0,14,7.0,8.082903769,65.33333333,0,1,0,0,1,0,0,0,0,9.333333333,7.0,0.0,64,0,0,0,0,0,0,2,14,1,0,229,0,0,32,0.0,0.0,0,0,0.0,0.0,0,0,BruteForce
48,2,0,14,0,14,0,7.0,9.899494937,0,0,0.0,0.0,291666.6667,41666.66667,48.0,0.0,48,48,48,48.0,0.0,48,48,0,0.0,0.0,0,0,1,0,0,0,64,0,41666.66667,0.0,0,14,9.333333333,8.082903769,65.33333333,0,1,0,0,1,0,0,0,0,14.0,7.0,0.0,64,0,0,0,0,0,0,2,14,0,0,229,-1,0,32,0.0,0.0,0,0,0.0,0.0,0,0,BruteForce
232,2,1,14,0,14,0,7.0,9.899494937,0,0,0.0,0.0,60344.82759,12931.03448,116.0,41.01219331,145,87,232,232.0,0.0,232,232,0,0.0,0.0,0,0,1,0,0,0,64,20,8620.689655,4310.344828,0,14,7.0,8.082903769,65.33333333,0,1,0,0,1,0,0,0,0,9.333333333,7.0,0.0,64,0,0,0,0,0,0,2,14,1,0,229,0,0,32,0.0,0.0,0,0,0.0,0.0,0,0,BruteForce
9011777,9,15,111,188,26,0,12.33333333,10.19803903,34,0,12.53333333,14.54975045,33.17880591,2.663181745,391816.3913,1023998.451,3379589,3,5591767,698970.875,1297102.511,2999152,3,9011668,643690.5714,1264880.583,3379589,3,0,0,0,0,296,488,0.998693155,1.664488591,0,34,11.96,12.82081641,164.3733333,0,0,0,1,0,0,0,0,1,12.45833333,12.33333333,12.53333333,296,0,0,0,0,0,0,9,111,15,188,29200,227,6,32,0.0,0.0,0,0,0.0,0.0,0,0,BruteForce
9006044,9,15,107,188,24,0,11.88888889,9.571369344,34,0,12.53333333,14.54975045,32.75578045,2.664877054,391567.1304,1023848.616,3367820,2,5597001,699625.125,1298624.632,3004978,3,9005969,643283.5,1264761.296,3367820,2,0,0,0,0,296,488,0.999328895,1.665548159,0,34,11.8,12.655697,160.16666669999995,0,0,0,1,0,0,0,0,1,12.29166667,11.88888889,12.53333333,296,0,0,0,0,0,0,9,107,15,188,29200,227,6,32,0.0,0.0,0,0,0.0,0.0,0,0,BruteForce
9474452,9,15,109,188,28,0,12.11111111,10.08023368,34,0,12.53333333,14.54975045,31.34745946,2.533128037,411932.6957,1069703.186,3256547,3,6351126,793890.75,1467958.0569999998,3300282,3,9474344,676738.8571,1320406.852,3256547,3,0,0,0,0,296,488,0.949923014,1.583205023,0,34,11.88,12.78775456,163.5266667,0,0,0,1,0,0,0,0,1,12.375,12.11111111,12.53333333,296,0,0,0,0,0,0,9,109,15,188,29200,227,6,32,0.0,0.0,0,0,0.0,0.0,0,0,BruteForce
270,2,1,14,0,14,0,7.0,9.899494937,0,0,0.0,0.0,51851.85185,11111.11111,135.0,28.28427125,155,115,270,270.0,0.0,270,270,0,0.0,0.0,0,0,1,0,0,0,64,20,7407.407407,3703.703704,0,14,7.0,8.082903769,65.33333333,0,1,0,0,1,0,0,0,0,9.333333333,7.0,0.0,64,0,0,0,0,0,0,2,14,1,0,229,0,0,32,0.0,0.0,0,0,0.0,0.0,0,0,BruteForce
244,2,1,14,0,14,0,7.0,9.899494937,0,0,0.0,0.0,57377.049179999995,12295.08197,122.0,57.98275606,163,81,244,244.0,0.0,244,244,0,0.0,0.0,0,0,1,0,0,0,64,20,8196.721311,4098.360656,0,14,7.0,8.082903769,65.33333333,0,1,0,0,1,0,0,0,0,9.333333333,7.0,0.0,64,0,0,0,0,0,0,2,14,1,0,229,0,0,32,0.0,0.0,0,0,0.0,0.0,0,0,BruteForce
9236231,9,15,108,188,25,0,12.0,9.759610648,34,0,12.53333333,14.54975045,32.04770431,2.598462511,401575.2609,1042188.072,3251565,3,6200401,775050.125,1432322.352,3294515,3,9236116,659722.5714,1286359.559,3251565,3,0,0,0,0,296,488,0.974423442,1.62403907,0,34,11.84,12.7039364,161.39,0,0,0,1,0,0,0,0,1,12.33333333,12.0,12.53333333,296,0,0,0,0,0,0,9,108,15,188,29200,227,6,32,0.0,0.0,0,0,0.0,0.0,0,0,BruteForce
220,2,1,14,0,14,0,7.0,9.899494937,0,0,0.0,0.0,63636.36364,13636.36364,110.0,24.04163056,127,93,220,220.0,0.0,220,220,0,0.0,0.0,0,0,1,0,0,0,64,20,9090.909091,4545.454545000001,0,14,7.0,8.082903769,65.33333333,0,1,0,0,1,0,0,0,0,9.333333333,7.0,0.0,64,0,0,0,0,0,0,2,14,1,0,229,0,0,32,0.0,0.0,0,0,0.0,0.0,0,0,BruteForce
9201357,9,15,103,188,22,0,11.44444444,9.070709883,34,0,12.53333333,14.54975045,31.62576998,2.608310926,400059.0,1041741.704,3264543,3,5895079,736884.875,1364793.9719999998,3087695,3,9201241,657231.5,1286284.107,3264543,3,0,0,0,0,296,488,0.978116597,1.630194329,0,34,11.64,12.53289006,157.0733333,0,0,0,1,0,0,0,0,1,12.125,11.44444444,12.53333333,296,0,0,0,0,0,0,9,103,15,188,29200,227,6,32,0.0,0.0,0,0,0.0,0.0,0,0,BruteForce
3,2,0,14,0,14,0,7.0,9.899494937,0,0,0.0,0.0,4666666.666999999,666666.6667,3.0,0.0,3,3,3,3.0,0.0,3,3,0,0.0,0.0,0,0,1,0,0,0,64,0,666666.6667,0.0,0,14,9.333333333,8.082903769,65.33333333,0,1,0,0,1,0,0,0,0,14.0,7.0,0.0,64,0,0,0,0,0,0,2,14,0,0,229,-1,0,32,0.0,0.0,0,0,0.0,0.0,0,0,BruteForce
9255260,9,15,103,188,22,0,11.44444444,9.070709883,34,0,12.53333333,14.54975045,31.44158025,2.59312002,402402.6087,1052897.743,3408884,3,6651266,831408.25,1539220.522,3451540,4,9255175,661083.9286,1300742.451,3408884,3,0,0,0,0,296,488,0.972420008,1.6207000130000002,0,34,11.64,12.53289006,157.0733333,0,0,0,1,0,0,0,0,1,12.125,11.44444444,12.53333333,296,0,0,0,0,0,0,9,103,15,188,29200,227,6,32,0.0,0.0,0,0,0.0,0.0,0,0,BruteForce
226,2,1,14,0,14,0,7.0,9.899494937,0,0,0.0,0.0,61946.90265,13274.33628,113.0,82.02438662,171,55,226,226.0,0.0,226,226,0,0.0,0.0,0,0,1,0,0,0,64,20,8849.557522,4424.778761,0,14,7.0,8.082903769,65.33333333,0,1,0,0,1,0,0,0,0,9.333333333,7.0,0.0,64,0,0,0,0,0,0,2,14,1,0,229,0,0,32,0.0,0.0,0,0,0.0,0.0,0,0,BruteForce
9582636,9,15,104,188,23,0,11.55555556,9.221050796,34,0,12.53333333,14.54975045,30.4717825,2.504530069,416636.3478,1087922.8390000002,3469264,3,6780572,847571.5,1569049.53,3512155,213,9582543,684467.3571,1343713.3930000002,3469264,3,0,0,0,0,296,488,0.939198776,1.565331293,0,34,11.68,12.56887691,157.97666669999995,0,0,0,1,0,0,0,0,1,12.16666667,11.55555556,12.53333333,296,0,0,0,0,0,0,9,104,15,188,29200,227,6,32,0.0,0.0,0,0,0.0,0.0,0,0,BruteForce
3,2,0,14,0,14,0,7.0,9.899494937,0,0,0.0,0.0,4666666.666999999,666666.6667,3.0,0.0,3,3,3,3.0,0.0,3,3,0,0.0,0.0,0,0,1,0,0,0,64,0,666666.6667,0.0,0,14,9.333333333,8.082903769,65.33333333,0,1,0,0,1,0,0,0,0,14.0,7.0,0.0,64,0,0,0,0,0,0,2,14,0,0,229,-1,0,32,0.0,0.0,0,0,0.0,0.0,0,0,BruteForce
9523760,9,15,107,188,23,0,11.88888889,9.584420228,34,0,12.53333333,14.54975045,30.97516107,2.520013104,414076.5217,1085243.318,3620891,3,6898127,862265.875,1596048.878,3665052,226,9523636,680259.7143,1340945.638,3620891,3,0,0,0,0,296,488,0.945004914,1.57500819,0,34,11.8,12.6589889,160.25,0,0,0,1,0,0,0,0,1,12.29166667,11.88888889,12.53333333,296,0,0,0,0,0,0,9,107,15,188,29200,227,6,32,0.0,0.0,0,0,0.0,0.0,0,0,BruteForce
257,2,1,14,0,14,0,7.0,9.899494937,0,0,0.0,0.0,54474.708170000005,11673.15175,128.5,55.86143571,168,89,257,257.0,0.0,257,257,0,0.0,0.0,0,0,1,0,0,0,64,20,7782.101167,3891.0505840000014,0,14,7.0,8.082903769,65.33333333,0,1,0,0,1,0,0,0,0,9.333333333,7.0,0.0,64,0,0,0,0,0,0,2,14,1,0,229,0,0,32,0.0,0.0,0,0,0.0,0.0,0,0,BruteForce
9009393,9,15,121,188,29,0,13.44444444,11.47945024,34,0,12.53333333,14.54975045,34.29753814,2.663886457,391712.7391,1030828.776,3621343,3,6266599,783324.875,1475600.11,3665059,48,9009239,643517.0714,1274272.8,3621343,3,0,0,0,0,296,488,0.998957421,1.664929036,0,34,12.36,13.2,174.24,0,0,0,1,0,0,0,0,1,12.875,13.44444444,12.53333333,296,0,0,0,0,0,0,9,121,15,188,29200,227,6,32,0.0,0.0,0,0,0.0,0.0,0,0,BruteForce
3,2,0,14,0,14,0,7.0,9.899494937,0,0,0.0,0.0,4666666.666999999,666666.6667,3.0,0.0,3,3,3,3.0,0.0,3,3,0,0.0,0.0,0,0,1,0,0,0,64,0,666666.6667,0.0,0,14,9.333333333,8.082903769,65.33333333,0,1,0,0,1,0,0,0,0,14.0,7.0,0.0,64,0,0,0,0,0,0,2,14,0,0,229,-1,0,32,0.0,0.0,0,0,0.0,0.0,0,0,BruteForce
9710450,9,15,108,188,23,0,12.0,9.682458366,34,0,12.53333333,14.54975045,30.48262439,2.47156414,422193.4783,1108007.979,3640728,3,6026241,753280.125,1405236.424,3393503,248,9710348,693596.2857,1369272.04,3640728,3,0,0,0,0,296,488,0.926836552,1.544727587,0,34,11.84,12.68424219,160.89,0,0,0,1,0,0,0,0,1,12.33333333,12.0,12.53333333,296,0,0,0,0,0,0,9,108,15,188,29200,227,6,32,0.0,0.0,0,0,0.0,0.0,0,0,BruteForce
9490863,9,15,108,188,23,0,12.0,9.682458366,34,0,12.53333333,14.54975045,31.18789092,2.528747913,412646.2174,1083985.86,3640559,3,5806449,725806.125,1351480.4740000002,3195481,220,9490832,677916.5714,1339720.918,3640559,3,0,0,0,0,296,488,0.948280467,1.580467445,0,34,11.84,12.68424219,160.89,0,0,0,1,0,0,0,0,1,12.33333333,12.0,12.53333333,296,0,0,0,0,0,0,9,108,15,188,29200,227,6,32,0.0,0.0,0,0,0.0,0.0,0,0,BruteForce
9834316,9,15,113,188,28,0,12.55555556,10.54882827,34,0,12.53333333,14.54975045,30.60711086,2.440434088,427578.9565,1101284.018,3660788,3,6636376,829547.0,1510665.241,3703931,3,9834204,702443.1429,1358151.1830000002,3660788,3,0,0,0,0,296,488,0.915162783,1.525271305,0,34,12.04,12.91794617,166.8733333,0,0,0,1,0,0,0,0,1,12.54166667,12.55555556,12.53333333,296,0,0,0,0,0,0,9,113,15,188,29200,227,6,32,0.0,0.0,0,0,0.0,0.0,0,0,BruteForce
251,2,1,14,0,14,0,7.0,9.899494937,0,0,0.0,0.0,55776.89242999999,11952.19124,125.5,98.28784258,195,56,251,251.0,0.0,251,251,0,0.0,0.0,0,0,1,0,0,0,64,20,7968.127490000003,3984.063745,0,14,7.0,8.082903769,65.33333333,0,1,0,0,1,0,0,0,0,9.333333333,7.0,0.0,64,0,0,0,0,0,0,2,14,1,0,229,0,0,32,0.0,0.0,0,0,0.0,0.0,0,0,BruteForce
8653883,9,15,99,188,23,0,11.0,8.703447593,34,0,12.53333333,14.54975045,33.16430324,2.773321525,376255.7826,980109.4415,3177081,37,6028921,753615.125,1398103.35,3220660,215,8653796,618128.2857,1210231.374,3177081,48,0,0,0,0,296,488,1.039995572,1.733325953,0,34,11.48,12.450301199999998,155.01,0,0,0,1,0,0,0,0,1,11.95833333,11.0,12.53333333,296,0,0,0,0,0,0,9,99,15,188,29200,227,6,32,0.0,0.0,0,0,0.0,0.0,0,0,BruteForce
270,2,1,14,0,14,0,7.0,9.899494937,0,0,0.0,0.0,51851.85185,11111.11111,135.0,36.76955262,161,109,270,270.0,0.0,270,270,0,0.0,0.0,0,0,1,0,0,0,64,20,7407.407407,3703.703704,0,14,7.0,8.082903769,65.33333333,0,1,0,0,1,0,0,0,0,9.333333333,7.0,0.0,64,0,0,0,0,0,0,2,14,1,0,229,0,0,32,0.0,0.0,0,0,0.0,0.0,0,0,BruteForce
232,2,1,14,0,14,0,7.0,9.899494937,0,0,0.0,0.0,60344.82759,12931.03448,116.0,91.92388155,181,51,232,232.0,0.0,232,232,0,0.0,0.0,0,0,1,0,0,0,64,20,8620.689655,4310.344828,0,14,7.0,8.082903769,65.33333333,0,1,0,0,1,0,0,0,0,9.333333333,7.0,0.0,64,0,0,0,0,0,0,2,14,1,0,229,0,0,32,0.0,0.0,0,0,0.0,0.0,0,0,BruteForce
10110888,9,15,103,188,23,0,11.44444444,9.207484878,34,0,12.53333333,14.54975045,28.78085486,2.373678751,439603.8261,1145584.863,3620403,3,6446867,805858.375,1490688.485,3261122,218,10100000,722200.7143,1414619.332,3620403,3,0,0,0,0,296,488,0.890129532,1.483549219,0,34,11.64,12.56609194,157.9066667,0,0,0,1,0,0,0,0,1,12.125,11.44444444,12.53333333,296,0,0,0,0,0,0,9,103,15,188,29200,227,6,32,0.0,0.0,0,0,0.0,0.0,0,0,BruteForce
8800617,9,15,101,188,23,0,11.22222222,8.941165721,34,0,12.53333333,14.54975045,32.83860666,2.727081522,382635.5217,996845.0802,3208671,3,5550253,693781.625,1284510.634,2897170,223,8800529,628609.2143,1230912.172,3208671,3,0,0,0,0,296,488,1.022655571,1.704425951,0,34,11.56,12.50359948,156.34,0,0,0,1,0,0,0,0,1,12.04166667,11.22222222,12.53333333,296,0,0,0,0,0,0,9,101,15,188,29200,227,6,32,0.0,0.0,0,0,0.0,0.0,0,0,BruteForce
9999002,9,15,97,188,20,0,10.77777778,8.363279527000001,34,0,12.53333333,14.54975045,28.50284458,2.400239544,434739.2174,1131246.42,3413575,3,6543286,817910.75,1514108.108,3380113,4,9998926,714209.0,1396687.8080000002,3413575,3,0,0,0,0,296,488,0.900089829,1.500149715,0,34,11.4,12.37605214,153.16666669999995,0,0,0,1,0,0,0,0,1,11.875,10.77777778,12.53333333,296,0,0,0,0,0,0,9,97,15,188,29200,227,6,32,0.0,0.0,0,0,0.0,0.0,0,0,BruteForce
10010318,9,15,103,188,22,0,11.44444444,9.043106644,34,0,12.53333333,14.54975045,29.07000557,2.3975262319999997,435231.2174,1130125.522,3404575,3,6563508,820438.5,1514322.4530000002,3376916,250,10000000,715016.5714,1394977.809,3404575,3,0,0,0,0,296,488,0.899072337,1.498453895,0,34,11.64,12.52623913,156.9066667,0,0,0,1,0,0,0,0,1,12.125,11.44444444,12.53333333,296,0,0,0,0,0,0,9,103,15,188,29200,227,6,32,0.0,0.0,0,0,0.0,0.0,0,0,BruteForce
7,2,0,14,0,14,0,7.0,9.899494937,0,0,0.0,0.0,2000000.0,285714.2857,7.0,0.0,7,7,7,7.0,0.0,7,7,0,0.0,0.0,0,0,1,0,0,0,64,0,285714.2857,0.0,0,14,9.333333333,8.082903769,65.33333333,0,1,0,0,1,0,0,0,0,14.0,7.0,0.0,64,0,0,0,0,0,0,2,14,0,0,229,-1,0,32,0.0,0.0,0,0,0.0,0.0,0,0,BruteForce
8995080,9,15,107,188,23,0,11.88888889,9.584420228,34,0,12.53333333,14.54975045,32.7957061,2.668125242,391090.4348,1021347.7,3365049,3,5587241,698405.125,1292866.184,2917820,3,8995007,642500.5,1261503.624,3365049,3,0,0,0,0,296,488,1.000546966,1.667578276,0,34,11.8,12.6589889,160.25,0,0,0,1,0,0,0,0,1,12.29166667,11.88888889,12.53333333,296,0,0,0,0,0,0,9,107,15,188,29200,227,6,32,0.0,0.0,0,0,0.0,0.0,0,0,BruteForce
90,2,0,14,0,14,0,7.0,9.899494937,0,0,0.0,0.0,155555.5556,22222.22222,90.0,0.0,90,90,90,90.0,0.0,90,90,0,0.0,0.0,0,0,1,0,0,0,64,0,22222.22222,0.0,0,14,9.333333333,8.082903769,65.33333333,0,1,0,0,1,0,0,0,0,14.0,7.0,0.0,64,0,0,0,0,0,0,2,14,0,0,229,-1,0,32,0.0,0.0,0,0,0.0,0.0,0,0,BruteForce
212,2,1,14,0,14,0,7.0,9.899494937,0,0,0.0,0.0,66037.73585,14150.9434,106.0,130.1076477,198,14,212,212.0,0.0,212,212,0,0.0,0.0,0,0,1,0,0,0,64,20,9433.962264,4716.981132,0,14,7.0,8.082903769,65.33333333,0,1,0,0,1,0,0,0,0,9.333333333,7.0,0.0,64,0,0,0,0,0,0,2,14,1,0,229,0,0,32,0.0,0.0,0,0,0.0,0.0,0,0,BruteForce
9799278,9,15,99,188,23,0,11.0,8.703447593,34,0,12.53333333,14.54975045,29.28787202,2.44916003,426055.5652,1108023.191,3367998,3,6567867,820983.375,1519902.2859999996,3410000,237,9799149,699939.2143,1367932.613,3367998,3,0,0,0,0,296,488,0.918435011,1.530725019,0,34,11.48,12.450301199999998,155.01,0,0,0,1,0,0,0,0,1,11.95833333,11.0,12.53333333,296,0,0,0,0,0,0,9,99,15,188,29200,227,6,32,0.0,0.0,0,0,0.0,0.0,0,0,BruteForce
8826137,9,15,108,188,24,0,12.0,9.733961167,34,0,12.53333333,14.54975045,33.53675566,2.719196405,383745.08700000006,998298.9573,3149067,3,6134165,766770.625,1419690.4,3191705,4,8826050,630432.1429,1232512.271,3149067,3,0,0,0,0,296,488,1.019698652,1.6994977530000002,0,34,11.84,12.69737506,161.2233333,0,0,0,1,0,0,0,0,1,12.33333333,12.0,12.53333333,296,0,0,0,0,0,0,9,108,15,188,29200,227,6,32,0.0,0.0,0,0,0.0,0.0,0,0,BruteForce
223,2,1,14,0,14,0,7.0,9.899494937,0,0,0.0,0.0,62780.269060000006,13452.9148,111.5,37.4766594,138,85,223,223.0,0.0,223,223,0,0.0,0.0,0,0,1,0,0,0,64,20,8968.609865,4484.3049329999985,0,14,7.0,8.082903769,65.33333333,0,1,0,0,1,0,0,0,0,9.333333333,7.0,0.0,64,0,0,0,0,0,0,2,14,1,0,229,0,0,32,0.0,0.0,0,0,0.0,0.0,0,0,BruteForce
212,2,1,14,0,14,0,7.0,9.899494937,0,0,0.0,0.0,66037.73585,14150.9434,106.0,77.78174593,161,51,212,212.0,0.0,212,212,0,0.0,0.0,0,0,1,0,0,0,64,20,9433.962264,4716.981132,0,14,7.0,8.082903769,65.33333333,0,1,0,0,1,0,0,0,0,9.333333333,7.0,0.0,64,0,0,0,0,0,0,2,14,1,0,229,0,0,32,0.0,0.0,0,0,0.0,0.0,0,0,BruteForce
9459761,9,15,107,188,23,0,11.88888889,9.584420228,34,0,12.53333333,14.54975045,31.18472021,2.537061983,411293.9565,1069796.666,3268662,3,6519613,814951.625,1507135.875,3310449,3,9459673,675690.9286,1320761.395,3268662,3,0,0,0,0,296,488,0.951398244,1.585663739,0,34,11.8,12.6589889,160.25,0,0,0,1,0,0,0,0,1,12.29166667,11.88888889,12.53333333,296,0,0,0,0,0,0,9,107,15,188,29200,227,6,32,0.0,0.0,0,0,0.0,0.0,0,0,BruteForce
239,2,1,14,0,14,0,7.0,9.899494937,0,0,0.0,0.0,58577.40586,12552.30126,119.5,88.38834765,182,57,239,239.0,0.0,239,239,0,0.0,0.0,0,0,1,0,0,0,64,20,8368.200837,4184.100418,0,14,7.0,8.082903769,65.33333333,0,1,0,0,1,0,0,0,0,9.333333333,7.0,0.0,64,0,0,0,0,0,0,2,14,1,0,229,0,0,32,0.0,0.0,0,0,0.0,0.0,0,0,BruteForce
10103653,9,15,104,188,23,0,11.55555556,9.355628134,34,0,12.53333333,14.54975045,28.90043829,2.375378489,439289.2609,1140167.179,3524816,3,6911416,863927.0,1591565.5990000004,3568898,227,10100000,721680.5,1407307.08,3524816,3,0,0,0,0,296,488,0.8907669340000001,1.484611556,0,34,11.68,12.60198397,158.81,0,0,0,1,0,0,0,0,1,12.16666667,11.55555556,12.53333333,296,0,0,0,0,0,0,9,104,15,188,29200,227,6,32,0.0,0.0,0,0,0.0,0.0,0,0,BruteForce
274,2,1,14,0,14,0,7.0,9.899494937,0,0,0.0,0.0,51094.890510000005,10948.90511,137.0,29.69848481,158,116,274,274.0,0.0,274,274,0,0.0,0.0,0,0,1,0,0,0,64,20,7299.270073000002,3649.635036,0,14,7.0,8.082903769,65.33333333,0,1,0,0,1,0,0,0,0,9.333333333,7.0,0.0,64,0,0,0,0,0,0,2,14,1,0,229,0,0,32,0.0,0.0,0,0,0.0,0.0,0,0,BruteForce
8782831,9,15,104,188,25,0,11.55555556,9.328867979,34,0,12.53333333,14.54975045,33.24668322,2.7326041,381862.2174,991597.8346,3068700,3,5667061,708382.625,1311060.991,2957645,215,8782795,627342.5,1223991.64,3068700,3,0,0,0,0,296,488,1.024726537,1.707877562,0,34,11.68,12.59536952,158.64333330000005,0,0,0,1,0,0,0,0,1,12.16666667,11.55555556,12.53333333,296,0,0,0,0,0,0,9,104,15,188,29200,227,6,32,0.0,0.0,0,0,0.0,0.0,0,0,BruteForce
8824944,9,15,105,188,23,0,11.66666667,9.300537619,34,0,12.53333333,14.54975045,33.20134383,2.7195639989999996,383693.2174,991921.6782,3068002,3,5712537,714067.125,1312375.838,2971735,3,8824893,630349.5,1223786.353,3068002,4,0,0,0,0,296,488,1.0198365,1.6997275,0,34,11.72,12.58808961,158.46,0,0,0,1,0,0,0,0,1,12.20833333,11.66666667,12.53333333,296,0,0,0,0,0,0,9,105,15,188,29200,227,6,32,0.0,0.0,0,0,0.0,0.0,0,0,BruteForce
244,2,1,14,0,14,0,7.0,9.899494937,0,0,0.0,0.0,57377.049179999995,12295.08197,122.0,77.78174593,177,67,244,244.0,0.0,244,244,0,0.0,0.0,0,0,1,0,0,0,64,20,8196.721311,4098.360656,0,14,7.0,8.082903769,65.33333333,0,1,0,0,1,0,0,0,0,9.333333333,7.0,0.0,64,0,0,0,0,0,0,2,14,1,0,229,0,0,32,0.0,0.0,0,0,0.0,0.0,0,0,BruteForce
9271765,9,15,107,188,23,0,11.88888889,9.584420228,34,0,12.53333333,14.54975045,31.81702729,2.588503915,403120.2174,1052213.815,3368641,4,6572559,821569.875,1521107.075,3412272,15,9271711,662265.0714,1299550.946,3368641,4,0,0,0,0,296,488,0.970688968,1.6178149469999998,0,34,11.8,12.6589889,160.25,0,0,0,1,0,0,0,0,1,12.29166667,11.88888889,12.53333333,296,0,0,0,0,0,0,9,107,15,188,29200,227,6,32,0.0,0.0,0,0,0.0,0.0,0,0,BruteForce
290,2,1,14,0,14,0,7.0,9.899494937,0,0,0.0,0.0,48275.86207,10344.82759,145.0,48.08326112,179,111,290,290.0,0.0,290,290,0,0.0,0.0,0,0,1,0,0,0,64,20,6896.551723999999,3448.2758619999995,0,14,7.0,8.082903769,65.33333333,0,1,0,0,1,0,0,0,0,9.333333333,7.0,0.0,64,0,0,0,0,0,0,2,14,1,0,229,0,0,32,0.0,0.0,0,0,0.0,0.0,0,0,BruteForce
250,2,1,14,0,14,0,7.0,9.899494937,0,0,0.0,0.0,56000.0,12000.0,125.0,39.59797975,153,97,250,250.0,0.0,250,250,0,0.0,0.0,0,0,1,0,0,0,64,20,8000.0,4000.0,0,14,7.0,8.082903769,65.33333333,0,1,0,0,1,0,0,0,0,9.333333333,7.0,0.0,64,0,0,0,0,0,0,2,14,1,0,229,0,0,32,0.0,0.0,0,0,0.0,0.0,0,0,BruteForce
285,2,1,14,0,14,0,7.0,9.899494937,0,0,0.0,0.0,49122.80702,10526.31579,142.5,37.4766594,169,116,285,285.0,0.0,285,285,0,0.0,0.0,0,0,1,0,0,0,64,20,7017.54386,3508.77193,0,14,7.0,8.082903769,65.33333333,0,1,0,0,1,0,0,0,0,9.333333333,7.0,0.0,64,0,0,0,0,0,0,2,14,1,0,229,0,0,32,0.0,0.0,0,0,0.0,0.0,0,0,BruteForce
9237721,9,15,100,188,23,0,11.11111111,8.823894328,34,0,12.53333333,14.54975045,31.1765207,2.5980433919999997,401640.0435,1046633.941,3388785,3,6260161,782520.125,1455789.206,3432573,3,9237631,659830.7857,1292429.132,3388785,3,0,0,0,0,296,488,0.974266272,1.62377712,0,34,11.52,12.47704559,155.6766667,0,0,0,1,0,0,0,0,1,12.0,11.11111111,12.53333333,296,0,0,0,0,0,0,9,100,15,188,29200,227,6,32,0.0,0.0,0,0,0.0,0.0,0,0,BruteForce
9034075,9,15,98,188,23,0,10.88888889,8.652231568,34,0,12.53333333,14.54975045,31.65791739,2.656608452,392785.8696,1022648.572,3288595,3,6216399,777049.875,1442015.7980000004,3332198,3,9033959,645282.7857,1262689.283,3288595,3,0,0,0,0,296,488,0.996228169,1.660380282,0,34,11.44,12.44012326,154.75666669999995,0,0,0,1,0,0,0,0,1,11.91666667,10.88888889,12.53333333,296,0,0,0,0,0,0,9,98,15,188,29200,227,6,32,0.0,0.0,0,0,0.0,0.0,0,0,BruteForce
276,2,1,14,0,14,0,7.0,9.899494937,0,0,0.0,0.0,50724.63768,10869.56522,138.0,70.71067812,188,88,276,276.0,0.0,276,276,0,0.0,0.0,0,0,1,0,0,0,64,20,7246.376812,3623.188406,0,14,7.0,8.082903769,65.33333333,0,1,0,0,1,0,0,0,0,9.333333333,7.0,0.0,64,0,0,0,0,0,0,2,14,1,0,229,0,0,32,0.0,0.0,0,0,0.0,0.0,0,0,BruteForce
9086634,9,15,104,188,24,0,11.55555556,9.248122933,34,0,12.53333333,14.54975045,32.13511186,2.64124207,395071.0435,1027164.805,3152098,3,6272047,784005.875,1450264.426,3194506,3,9086510,649036.4286,1268070.057,3152098,3,0,0,0,0,296,488,0.990465776,1.650776294,0,34,11.68,12.57550529,158.14333330000005,0,0,0,1,0,0,0,0,1,12.16666667,11.55555556,12.53333333,296,0,0,0,0,0,0,9,104,15,188,29200,227,6,32,0.0,0.0,0,0,0.0,0.0,0,0,BruteForce
9920222,9,15,112,188,26,0,12.44444444,10.23610169,34,0,12.53333333,14.54975045,30.24125871,2.4193006969999997,431314.0,1111073.666,3345461,3,6785164,848145.5,1543788.0159999996,3387622,3,9920121,708580.0714,1370245.3,3345461,3,0,0,0,0,296,488,0.907237761,1.512062936,0,34,12.0,12.83225104,164.66666669999995,0,0,0,1,0,0,0,0,1,12.5,12.44444444,12.53333333,296,0,0,0,0,0,0,9,112,15,188,29200,227,6,32,0.0,0.0,0,0,0.0,0.0,0,0,BruteForce
248,2,1,14,0,14,0,7.0,9.899494937,0,0,0.0,0.0,56451.6129,12096.77419,124.0,52.32590181,161,87,248,248.0,0.0,248,248,0,0.0,0.0,0,0,1,0,0,0,64,20,8064.516129000002,4032.258065,0,14,7.0,8.082903769,65.33333333,0,1,0,0,1,0,0,0,0,9.333333333,7.0,0.0,64,0,0,0,0,0,0,2,14,1,0,229,0,0,32,0.0,0.0,0,0,0.0,0.0,0,0,BruteForce
236,2,1,14,0,14,0,7.0,9.899494937,0,0,0.0,0.0,59322.0339,12711.86441,118.0,42.42640687,148,88,236,236.0,0.0,236,236,0,0.0,0.0,0,0,1,0,0,0,64,20,8474.576271,4237.288136,0,14,7.0,8.082903769,65.33333333,0,1,0,0,1,0,0,0,0,9.333333333,7.0,0.0,64,0,0,0,0,0,0,2,14,1,0,229,0,0,32,0.0,0.0,0,0,0.0,0.0,0,0,BruteForce
9119577,9,15,98,188,22,0,10.88888889,8.550503559,34,0,12.53333333,14.54975045,31.3611037,2.63170101,396503.3478,1031457.399,3244866,3,6007102,750887.75,1394243.9230000002,3289398,4,9119466,651390.4286,1273447.088,3244866,3,0,0,0,0,296,488,0.986887879,1.644813131,0,34,11.44,12.41665548,154.1733333,0,0,0,1,0,0,0,0,1,11.91666667,10.88888889,12.53333333,296,0,0,0,0,0,0,9,98,15,188,29200,227,6,32,0.0,0.0,0,0,0.0,0.0,0,0,BruteForce
227,2,1,14,0,14,0,7.0,9.899494937,0,0,0.0,0.0,61674.00881,13215.85903,113.5,62.93250353,158,69,227,227.0,0.0,227,227,0,0.0,0.0,0,0,1,0,0,0,64,20,8810.572687,4405.286344,0,14,7.0,8.082903769,65.33333333,0,1,0,0,1,0,0,0,0,9.333333333,7.0,0.0,64,0,0,0,0,0,0,2,14,1,0,229,0,0,32,0.0,0.0,0,0,0.0,0.0,0,0,BruteForce
9271347,9,15,106,188,23,0,11.77777778,9.497075573,34,0,12.53333333,14.54975045,31.71060257,2.588620618,403102.0435,1052567.855,3370126,3,6570584,821323.0,1520519.0480000004,3411495,3,9271229,662230.6429,1300045.327,3370126,3,0,0,0,0,296,488,0.970732732,1.617887886,0,34,11.76,12.63685087,159.69,0,0,0,1,0,0,0,0,1,12.25,11.77777778,12.53333333,296,0,0,0,0,0,0,9,106,15,188,29200,227,6,32,0.0,0.0,0,0,0.0,0.0,0,0,BruteForce
312,2,1,14,0,14,0,7.0,9.899494937,0,0,0.0,0.0,44871.79487,9615.384615,156.0,66.46803743,203,109,312,312.0,0.0,312,312,0,0.0,0.0,0,0,1,0,0,0,64,20,6410.25641,3205.128205,0,14,7.0,8.082903769,65.33333333,0,1,0,0,1,0,0,0,0,9.333333333,7.0,0.0,64,0,0,0,0,0,0,2,14,1,0,229,0,0,32,0.0,0.0,0,0,0.0,0.0,0,0,BruteForce
8810252,9,15,107,188,23,0,11.88888889,9.584420228,34,0,12.53333333,14.54975045,33.48371874,2.724099152,383054.4348,1000094.219,3307460,3,5462034,682754.25,1264386.263,2855769,49,8810108,629293.4286,1235218.893,3307460,3,0,0,0,0,296,488,1.021537182,1.70256197,0,34,11.8,12.6589889,160.25,0,0,0,1,0,0,0,0,1,12.29166667,11.88888889,12.53333333,296,0,0,0,0,0,0,9,107,15,188,29200,227,6,32,0.0,0.0,0,0,0.0,0.0,0,0,BruteForce
4,2,0,14,0,14,0,7.0,9.899494937,0,0,0.0,0.0,3500000.0,500000.0,4.0,0.0,4,4,4,4.0,0.0,4,4,0,0.0,0.0,0,0,1,0,0,0,64,0,500000.0,0.0,0,14,9.333333333,8.082903769,65.33333333,0,1,0,0,1,0,0,0,0,14.0,7.0,0.0,64,0,0,0,0,0,0,2,14,0,0,229,-1,0,32,0.0,0.0,0,0,0.0,0.0,0,0,BruteForce
9696588,9,15,105,188,24,0,11.66666667,9.354143467,34,0,12.53333333,14.54975045,30.21681441,2.475097426,421590.7826,1097881.086,3423401,3,6338510,792313.75,1471110.176,3464291,3,9696501,692607.2143,1355610.654,3423401,3,0,0,0,0,296,488,0.928161535,1.546935891,0,34,11.72,12.60132268,158.7933333,0,0,0,1,0,0,0,0,1,12.20833333,11.66666667,12.53333333,296,0,0,0,0,0,0,9,105,15,188,29200,227,6,32,0.0,0.0,0,0,0.0,0.0,0,0,BruteForce
236,2,1,14,0,14,0,7.0,9.899494937,0,0,0.0,0.0,59322.0339,12711.86441,118.0,42.42640687,148,88,236,236.0,0.0,236,236,0,0.0,0.0,0,0,1,0,0,0,64,20,8474.576271,4237.288136,0,14,7.0,8.082903769,65.33333333,0,1,0,0,1,0,0,0,0,9.333333333,7.0,0.0,64,0,0,0,0,0,0,2,14,1,0,229,0,0,32,0.0,0.0,0,0,0.0,0.0,0,0,BruteForce
258,2,1,14,0,14,0,7.0,9.899494937,0,0,0.0,0.0,54263.56589,11627.90698,129.0,103.2375901,202,56,258,258.0,0.0,258,258,0,0.0,0.0,0,0,1,0,0,0,64,20,7751.937984,3875.968992,0,14,7.0,8.082903769,65.33333333,0,1,0,0,1,0,0,0,0,9.333333333,7.0,0.0,64,0,0,0,0,0,0,2,14,1,0,229,0,0,32,0.0,0.0,0,0,0.0,0.0,0,0,BruteForce
8997653,9,15,116,188,28,0,12.88888889,10.85638573,34,0,12.53333333,14.54975045,33.78658857,2.667362255,391202.3043,1001429.948,3268759,3,5686554,710819.25,1272534.468,2904390,16,8997563,642683.0714,1234151.573,3268759,3,0,0,0,0,296,488,1.000260846,1.66710141,0,34,12.16,13.00858691,169.2233333,0,0,0,1,0,0,0,0,1,12.66666667,12.88888889,12.53333333,296,0,0,0,0,0,0,9,116,15,188,29200,227,6,32,0.0,0.0,0,0,0.0,0.0,0,0,BruteForce
9111330,9,15,99,188,24,0,11.0,8.803408431,34,0,12.53333333,14.54975045,31.49924325,2.634083059,396144.7826,1033834.059,3324144,34,5999980,749997.5,1400451.427,3368750,213,9111245,650803.2143,1276829.453,3324144,48,0,0,0,0,296,488,0.987781147,1.646301912,0,34,11.48,12.47370568,155.5933333,0,0,0,1,0,0,0,0,1,11.95833333,11.0,12.53333333,296,0,0,0,0,0,0,9,99,15,188,29200,227,6,32,0.0,0.0,0,0,0.0,0.0,0,0,BruteForce
9892992,9,15,101,188,21,0,11.22222222,8.800252522000001,34,0,12.53333333,14.54975045,29.21259817,2.42595971,430130.08700000006,1118695.367,3436098,3,6408897,801112.125,1482885.697,3329085,220,9892886,706634.7143,1381117.749,3436098,3,0,0,0,0,296,488,0.909734891,1.516224819,0,34,11.56,12.47023122,155.50666669999995,0,0,0,1,0,0,0,0,1,12.04166667,11.22222222,12.53333333,296,0,0,0,0,0,0,9,101,15,188,29200,227,6,32,0.0,0.0,0,0,0.0,0.0,0,0,BruteForce
204,2,1,14,0,14,0,7.0,9.899494937,0,0,0.0,0.0,68627.45098,14705.88235,102.0,22.627417,118,86,204,204.0,0.0,204,204,0,0.0,0.0,0,0,1,0,0,0,64,20,9803.921569,4901.960784000001,0,14,7.0,8.082903769,65.33333333,0,1,0,0,1,0,0,0,0,9.333333333,7.0,0.0,64,0,0,0,0,0,0,2,14,1,0,229,0,0,32,0.0,0.0,0,0,0.0,0.0,0,0,BruteForce
3,2,0,14,0,14,0,7.0,9.899494937,0,0,0.0,0.0,4666666.666999999,666666.6667,3.0,0.0,3,3,3,3.0,0.0,3,3,0,0.0,0.0,0,0,1,0,0,0,64,0,666666.6667,0.0,0,14,9.333333333,8.082903769,65.33333333,0,1,0,0,1,0,0,0,0,14.0,7.0,0.0,64,0,0,0,0,0,0,2,14,0,0,229,-1,0,32,0.0,0.0,0,0,0.0,0.0,0,0,BruteForce
8996052,9,15,99,188,21,0,11.0,8.5732141,34,0,12.53333333,14.54975045,31.90288362,2.667836958,391132.6957,1020870.347,3284671,3,5924184,740523.0,1383543.5369999998,3327629,4,8995955,642568.2143,1260835.038,3284671,3,0,0,0,0,296,488,1.000438859,1.667398099,0,34,11.48,12.42014493,154.26,0,0,0,1,0,0,0,0,1,11.95833333,11.0,12.53333333,296,0,0,0,0,0,0,9,99,15,188,29200,227,6,32,0.0,0.0,0,0,0.0,0.0,0,0,BruteForce
9539598,9,15,97,188,20,0,10.77777778,8.363279527000001,34,0,12.53333333,14.54975045,29.87547274,2.515829283,414765.1304,1078807.965,3344913,3,6527176,815897.0,1510569.9419999996,3388173,49,9539448,681389.1429,1331885.417,3344913,3,0,0,0,0,296,488,0.943435981,1.5723933019999998,0,34,11.4,12.37605214,153.16666669999995,0,0,0,1,0,0,0,0,1,11.875,10.77777778,12.53333333,296,0,0,0,0,0,0,9,97,15,188,29200,227,6,32,0.0,0.0,0,0,0.0,0.0,0,0,BruteForce
9167736,9,15,99,188,21,0,11.0,8.5732141,34,0,12.53333333,14.54975045,31.30543899,2.617876431,398597.2174,1040792.323,3344436,3,6036895,754611.875,1409679.093,3388648,218,9167620,654830.0,1285499.593,3344436,3,0,0,0,0,296,488,0.981703662,1.636172769,0,34,11.48,12.42014493,154.26,0,0,0,1,0,0,0,0,1,11.95833333,11.0,12.53333333,296,0,0,0,0,0,0,9,99,15,188,29200,227,6,32,0.0,0.0,0,0,0.0,0.0,0,0,BruteForce
208,2,1,14,0,14,0,7.0,9.899494937,0,0,0.0,0.0,67307.69231,14423.07692,104.0,28.28427125,124,84,208,208.0,0.0,208,208,0,0.0,0.0,0,0,1,0,0,0,64,20,9615.384615,4807.692308,0,14,7.0,8.082903769,65.33333333,0,1,0,0,1,0,0,0,0,9.333333333,7.0,0.0,64,0,0,0,0,0,0,2,14,1,0,229,0,0,32,0.0,0.0,0,0,0.0,0.0,0,0,BruteForce
8152701,9,15,113,188,30,0,12.55555556,10.73674894,34,0,12.53333333,14.54975045,36.92027955,2.943809665,354465.2609,918927.4159,2869765,3,5572320,696540.0,1288010.354,2914109,3,8152647,582331.9286,1134083.005,2869765,3,0,0,0,0,296,488,1.103928624,1.839881041,0,34,12.04,12.96945129,168.2066667,0,0,0,1,0,0,0,0,1,12.54166667,12.55555556,12.53333333,296,0,0,0,0,0,0,9,113,15,188,29200,227,6,32,0.0,0.0,0,0,0.0,0.0,0,0,BruteForce
244,2,1,14,0,14,0,7.0,9.899494937,0,0,0.0,0.0,57377.049179999995,12295.08197,122.0,31.11269837,144,100,244,244.0,0.0,244,244,0,0.0,0.0,0,0,1,0,0,0,64,20,8196.721311,4098.360656,0,14,7.0,8.082903769,65.33333333,0,1,0,0,1,0,0,0,0,9.333333333,7.0,0.0,64,0,0,0,0,0,0,2,14,1,0,229,0,0,32,0.0,0.0,0,0,0.0,0.0,0,0,BruteForce
8565633,9,15,108,188,24,0,12.0,9.695359715,34,0,12.53333333,14.54975045,34.55669885,2.801894501,372418.8261,964740.5675,2950946,3,5748874,718609.25,1327350.915,2995342,4,8565506,611821.8571,1190524.842,2950946,3,0,0,0,0,296,488,1.050710438,1.7511840630000002,0,34,11.84,12.68752668,160.9733333,0,0,0,1,0,0,0,0,1,12.33333333,12.0,12.53333333,296,0,0,0,0,0,0,9,108,15,188,29200,227,6,32,0.0,0.0,0,0,0.0,0.0,0,0,BruteForce
3,2,0,14,0,14,0,7.0,9.899494937,0,0,0.0,0.0,4666666.666999999,666666.6667,3.0,0.0,3,3,3,3.0,0.0,3,3,0,0.0,0.0,0,0,1,0,0,0,64,0,666666.6667,0.0,0,14,9.333333333,8.082903769,65.33333333,0,1,0,0,1,0,0,0,0,14.0,7.0,0.0,64,0,0,0,0,0,0,2,14,0,0,229,-1,0,32,0.0,0.0,0,0,0.0,0.0,0,0,BruteForce
235,2,1,14,0,14,0,7.0,9.899494937,0,0,0.0,0.0,59574.468089999995,12765.95745,117.5,94.0452019,184,51,235,235.0,0.0,235,235,0,0.0,0.0,0,0,1,0,0,0,64,20,8510.638298,4255.319149,0,14,7.0,8.082903769,65.33333333,0,1,0,0,1,0,0,0,0,9.333333333,7.0,0.0,64,0,0,0,0,0,0,2,14,1,0,229,0,0,32,0.0,0.0,0,0,0.0,0.0,0,0,BruteForce
9679840,9,15,107,188,24,0,11.88888889,9.649409884,34,0,12.53333333,14.54975045,30.47571034,2.479379824,420862.6087,1071981.307,3220893,3,6451767,806470.875,1443434.97,3267721,49,9679726,691409.0,1320336.899,3220893,3,0,0,0,0,296,488,0.929767434,1.54961239,0,34,11.8,12.67543556,160.66666669999995,0,0,0,1,0,0,0,0,1,12.29166667,11.88888889,12.53333333,296,0,0,0,0,0,0,9,107,15,188,29200,227,6,32,0.0,0.0,0,0,0.0,0.0,0,0,BruteForce
243,2,1,14,0,14,0,7.0,9.899494937,0,0,0.0,0.0,57613.16872,12345.67901,121.5,96.87362902,190,53,243,243.0,0.0,243,243,0,0.0,0.0,0,0,1,0,0,0,64,20,8230.452675,4115.226337,0,14,7.0,8.082903769,65.33333333,0,1,0,0,1,0,0,0,0,9.333333333,7.0,0.0,64,0,0,0,0,0,0,2,14,1,0,229,0,0,32,0.0,0.0,0,0,0.0,0.0,0,0,BruteForce
9143657,9,15,94,188,19,0,10.44444444,8.001735923,34,0,12.53333333,14.54975045,30.84105189,2.624770374,397550.3043,1033414.342,3220575,3,6132019,766502.375,1421710.103,3267039,219,9143540,653110.0,1275758.434,3220575,3,0,0,0,0,296,488,0.98428889,1.6404814840000002,0,34,11.28,12.30352253,151.3766667,0,0,0,1,0,0,0,0,1,11.75,10.44444444,12.53333333,296,0,0,0,0,0,0,9,94,15,188,29200,227,6,32,0.0,0.0,0,0,0.0,0.0,0,0,BruteForce
9187349,9,15,100,188,23,0,11.11111111,8.823894328,34,0,12.53333333,14.54975045,31.34745398,2.612287832,399449.9565,1034785.651,3229053,3,6172916,771614.5,1422763.632,3271248,167,9187235,656231.0714,1276964.818,3229053,3,0,0,0,0,296,488,0.979607937,1.632679895,0,34,11.52,12.47704559,155.6766667,0,0,0,1,0,0,0,0,1,12.0,11.11111111,12.53333333,296,0,0,0,0,0,0,9,100,15,188,29200,227,6,32,0.0,0.0,0,0,0.0,0.0,0,0,BruteForce
9188694,9,15,109,188,27,0,12.11111111,10.09262657,34,0,12.53333333,14.54975045,32.32233003,2.611905457,399508.4348,1035553.087,3231220,3,6172606,771575.75,1423519.185,3273732,4,9188630,656330.7143,1277994.376,3231220,3,0,0,0,0,296,488,0.979464546,1.632440911,0,34,11.88,12.79101247,163.61,0,0,0,1,0,0,0,0,1,12.375,12.11111111,12.53333333,296,0,0,0,0,0,0,9,109,15,188,29200,227,6,32,0.0,0.0,0,0,0.0,0.0,0,0,BruteForce
8930261,9,15,107,188,25,0,11.88888889,9.675283516,34,0,12.53333333,14.54975045,33.03374896,2.687491441,388272.2174,1009841.489,3240957,3,5645807,705725.875,1303561.362,2857454,3,8930158,637868.4286,1246731.771,3240957,3,0,0,0,0,296,488,1.00780929,1.67968215,0,34,11.8,12.68200825,160.83333330000005,0,0,0,1,0,0,0,0,1,12.29166667,11.88888889,12.53333333,296,0,0,0,0,0,0,9,107,15,188,29200,227,6,32,0.0,0.0,0,0,0.0,0.0,0,0,BruteForce
8907884,9,15,104,188,22,0,11.55555556,9.153020145,34,0,12.53333333,14.54975045,32.77995088,2.694242538,387299.3043,1007706.023,3224004,3,5640015,705001.875,1303635.328,2857381,3,8907764,636268.8571,1244149.737,3224004,3,0,0,0,0,296,488,1.010340952,1.6839015869999998,0,34,11.68,12.55229063,157.56,0,0,0,1,0,0,0,0,1,12.16666667,11.55555556,12.53333333,296,0,0,0,0,0,0,9,104,15,188,29200,227,6,32,0.0,0.0,0,0,0.0,0.0,0,0,BruteForce
9449755,9,15,109,188,24,0,12.11111111,9.829095132,34,0,12.53333333,14.54975045,31.42938626,2.539748385,410858.91299999994,1069575.008,3291398,3,6115928,764491.0,1418428.301,3267590,3,9449673,674976.6429,1320610.431,3291398,3,0,0,0,0,296,488,0.952405644,1.5873427409999998,0,34,11.88,12.72242115,161.86,0,0,0,1,0,0,0,0,1,12.375,12.11111111,12.53333333,296,0,0,0,0,0,0,9,109,15,188,29200,227,6,32,0.0,0.0,0,0,0.0,0.0,0,0,BruteForce
234,2,1,14,0,14,0,7.0,9.899494937,0,0,0.0,0.0,59829.05983,12820.51282,117.0,80.61017306,174,60,234,234.0,0.0,234,234,0,0.0,0.0,0,0,1,0,0,0,64,20,8547.008547,4273.504274,0,14,7.0,8.082903769,65.33333333,0,1,0,0,1,0,0,0,0,9.333333333,7.0,0.0,64,0,0,0,0,0,0,2,14,1,0,229,0,0,32,0.0,0.0,0,0,0.0,0.0,0,0,BruteForce
8749053,9,15,113,188,26,0,12.55555556,10.35749863,34,0,12.53333333,14.54975045,34.40372347,2.74315403,380393.6087,977479.6886,2991061,4,5892330,736541.25,1340888.795,3034345,215,8748956,624925.4286,1205153.42,2991061,4,0,0,0,0,296,488,1.028682761,1.714471269,0,34,12.04,12.86623488,165.54,0,0,0,1,0,0,0,0,1,12.54166667,12.55555556,12.53333333,296,0,0,0,0,0,0,9,113,15,188,29200,227,6,32,0.0,0.0,0,0,0.0,0.0,0,0,BruteForce
261,2,1,14,0,14,0,7.0,9.899494937,0,0,0.0,0.0,53639.84674,11494.25287,130.5,95.45941546,198,63,261,261.0,0.0,261,261,0,0.0,0.0,0,0,1,0,0,0,64,20,7662.835249,3831.417625,0,14,7.0,8.082903769,65.33333333,0,1,0,0,1,0,0,0,0,9.333333333,7.0,0.0,64,0,0,0,0,0,0,2,14,1,0,229,0,0,32,0.0,0.0,0,0,0.0,0.0,0,0,BruteForce
238,2,1,14,0,14,0,7.0,9.899494937,0,0,0.0,0.0,58823.52941,12605.04202,119.0,50.91168825,155,83,238,238.0,0.0,238,238,0,0.0,0.0,0,0,1,0,0,0,64,20,8403.361345000001,4201.6806719999995,0,14,7.0,8.082903769,65.33333333,0,1,0,0,1,0,0,0,0,9.333333333,7.0,0.0,64,0,0,0,0,0,0,2,14,1,0,229,0,0,32,0.0,0.0,0,0,0.0,0.0,0,0,BruteForce
8732258,9,15,101,188,23,0,11.22222222,8.885068624,34,0,12.53333333,14.54975045,33.09567812,2.748430017,379663.3913,983169.4226,3257130,2,5431235,678904.375,1238801.123,2810638,3,8732138,623724.1429,1213221.803,3257130,2,0,0,0,0,296,488,1.030661256,1.71776876,0,34,11.56,12.49026287,156.00666669999995,0,0,0,1,0,0,0,0,1,12.04166667,11.22222222,12.53333333,296,0,0,0,0,0,0,9,101,15,188,29200,227,6,32,0.0,0.0,0,0,0.0,0.0,0,0,BruteForce
8917294,9,15,110,188,27,0,12.22222222,10.08436634,34,0,12.53333333,14.54975045,33.418209600000004,2.691399431,387708.4348,1009959.564,3248677,3,5626665,703333.125,1302222.375,2933262,3,8917231,636945.0714,1247091.763,3248677,3,0,0,0,0,296,488,1.009274787,1.682124645,0,34,11.92,12.78970941,163.5766667,0,0,0,1,0,0,0,0,1,12.41666667,12.22222222,12.53333333,296,0,0,0,0,0,0,9,110,15,188,29200,227,6,32,0.0,0.0,0,0,0.0,0.0,0,0,BruteForce
222,2,1,14,0,14,0,7.0,9.899494937,0,0,0.0,0.0,63063.06306,13513.51351,111.0,28.28427125,131,91,222,222.0,0.0,222,222,0,0.0,0.0,0,0,1,0,0,0,64,20,9009.009009,4504.504505,0,14,7.0,8.082903769,65.33333333,0,1,0,0,1,0,0,0,0,9.333333333,7.0,0.0,64,0,0,0,0,0,0,2,14,1,0,229,0,0,32,0.0,0.0,0,0,0.0,0.0,0,0,BruteForce
9164981,9,15,110,188,24,0,12.22222222,9.921917377,34,0,12.53333333,14.54975045,32.51507013,2.618663367,398477.4348,1037444.498,3268400,3,6368063,796007.875,1473747.544,3310430,3,9164866,654633.2857,1280954.025,3268400,3,0,0,0,0,296,488,0.981998762,1.636664604,0,34,11.92,12.74728729,162.49333330000005,0,0,0,1,0,0,0,0,1,12.41666667,12.22222222,12.53333333,296,0,0,0,0,0,0,9,110,15,188,29200,227,6,32,0.0,0.0,0,0,0.0,0.0,0,0,BruteForce
252,2,1,14,0,14,0,7.0,9.899494937,0,0,0.0,0.0,55555.55556,11904.7619,126.0,96.16652224,194,58,252,252.0,0.0,252,252,0,0.0,0.0,0,0,1,0,0,0,64,20,7936.507937,3968.253968,0,14,7.0,8.082903769,65.33333333,0,1,0,0,1,0,0,0,0,9.333333333,7.0,0.0,64,0,0,0,0,0,0,2,14,1,0,229,0,0,32,0.0,0.0,0,0,0.0,0.0,0,0,BruteForce
8534406,9,15,109,188,23,0,12.11111111,9.778093429,34,0,12.53333333,14.54975045,34.80031299,2.812146504,371061.1304,970248.2589,3267581,3,6011607,751450.875,1399181.895,3308679,244,8534289,609592.0714,1198553.353,3267581,3,0,0,0,0,296,488,1.054554939,1.757591565,0,34,11.88,12.70931417,161.5266667,0,0,0,1,0,0,0,0,1,12.375,12.11111111,12.53333333,296,0,0,0,0,0,0,9,109,15,188,29200,227,6,32,0.0,0.0,0,0,0.0,0.0,0,0,BruteForce
8926804,9,15,101,188,22,0,11.22222222,8.828615092,34,0,12.53333333,14.54975045,32.37440858,2.6885322,388121.91299999994,1013096.563,3264563,3,5873284,734160.5,1372303.521,3307295,48,8926687,637620.5,1251246.248,3264563,3,0,0,0,0,296,488,1.008199575,1.680332625,0,34,11.56,12.47691201,155.6733333,0,0,0,1,0,0,0,0,1,12.04166667,11.22222222,12.53333333,296,0,0,0,0,0,0,9,101,15,188,29200,227,6,32,0.0,0.0,0,0,0.0,0.0,0,0,BruteForce
216,2,1,14,0,14,0,7.0,9.899494937,0,0,0.0,0.0,64814.81481,13888.88889,108.0,59.39696962,150,66,216,216.0,0.0,216,216,0,0.0,0.0,0,0,1,0,0,0,64,20,9259.259259,4629.6296299999985,0,14,7.0,8.082903769,65.33333333,0,1,0,0,1,0,0,0,0,9.333333333,7.0,0.0,64,0,0,0,0,0,0,2,14,1,0,229,0,0,32,0.0,0.0,0,0,0.0,0.0,0,0,BruteForce
230,2,1,14,0,14,0,7.0,9.899494937,0,0,0.0,0.0,60869.56522,13043.47826,115.0,43.84062043,146,84,230,230.0,0.0,230,230,0,0.0,0.0,0,0,1,0,0,0,64,20,8695.652173999999,4347.8260869999995,0,14,7.0,8.082903769,65.33333333,0,1,0,0,1,0,0,0,0,9.333333333,7.0,0.0,64,0,0,0,0,0,0,2,14,1,0,229,0,0,32,0.0,0.0,0,0,0.0,0.0,0,0,BruteForce
3,2,0,14,0,14,0,7.0,9.899494937,0,0,0.0,0.0,4666666.666999999,666666.6667,3.0,0.0,3,3,3,3.0,0.0,3,3,0,0.0,0.0,0,0,1,0,0,0,64,0,666666.6667,0.0,0,14,9.333333333,8.082903769,65.33333333,0,1,0,0,1,0,0,0,0,14.0,7.0,0.0,64,0,0,0,0,0,0,2,14,0,0,229,-1,0,32,0.0,0.0,0,0,0.0,0.0,0,0,BruteForce
258,2,1,14,0,14,0,7.0,9.899494937,0,0,0.0,0.0,54263.56589,11627.90698,129.0,73.53910524,181,77,258,258.0,0.0,258,258,0,0.0,0.0,0,0,1,0,0,0,64,20,7751.937984,3875.968992,0,14,7.0,8.082903769,65.33333333,0,1,0,0,1,0,0,0,0,9.333333333,7.0,0.0,64,0,0,0,0,0,0,2,14,1,0,229,0,0,32,0.0,0.0,0,0,0.0,0.0,0,0,BruteForce
7931898,9,15,115,188,26,0,12.77777778,10.60398248,34,0,12.53333333,14.54975045,38.20018866,3.0257575169999997,344865.1304,892729.1238,2771826,3,5372540,671567.5,1243936.546,2820448,222,7931814,566558.1429,1101572.075,2771826,3,0,0,0,0,296,488,1.134659069,1.891098448,0,34,12.12,12.936769300000002,167.36,0,0,0,1,0,0,0,0,1,12.625,12.77777778,12.53333333,296,0,0,0,0,0,0,9,115,15,188,29200,227,6,32,0.0,0.0,0,0,0.0,0.0,0,0,BruteForce
272,2,1,14,0,14,0,7.0,9.899494937,0,0,0.0,0.0,51470.58824,11029.41176,136.0,59.39696962,178,94,272,272.0,0.0,272,272,0,0.0,0.0,0,0,1,0,0,0,64,20,7352.941176,3676.470588,0,14,7.0,8.082903769,65.33333333,0,1,0,0,1,0,0,0,0,9.333333333,7.0,0.0,64,0,0,0,0,0,0,2,14,1,0,229,0,0,32,0.0,0.0,0,0,0.0,0.0,0,0,BruteForce
211,2,1,14,0,14,0,7.0,9.899494937,0,0,0.0,0.0,66350.7109,14218.00948,105.5,33.23401872,129,82,211,211.0,0.0,211,211,0,0.0,0.0,0,0,1,0,0,0,64,20,9478.672986,4739.336493,0,14,7.0,8.082903769,65.33333333,0,1,0,0,1,0,0,0,0,9.333333333,7.0,0.0,64,0,0,0,0,0,0,2,14,1,0,229,0,0,32,0.0,0.0,0,0,0.0,0.0,0,0,BruteForce
8521806,9,15,120,188,29,0,13.33333333,11.47824028,34,0,12.53333333,14.54975045,36.14257353,2.8163044310000003,370513.3043,962505.1126,3088294,2,5699300,712412.5,1323316.128,3135659,259,8521771,608697.9286,1188132.876,3088294,2,0,0,0,0,296,488,1.056114162,1.76019027,0,34,12.32,13.19633788,174.14333330000005,0,0,0,1,0,0,0,0,1,12.83333333,13.33333333,12.53333333,296,0,0,0,0,0,0,9,120,15,188,29200,227,6,32,0.0,0.0,0,0,0.0,0.0,0,0,BruteForce
272,2,1,14,0,14,0,7.0,9.899494937,0,0,0.0,0.0,51470.58824,11029.41176,136.0,121.6223664,222,50,272,272.0,0.0,272,272,0,0.0,0.0,0,0,1,0,0,0,64,20,7352.941176,3676.470588,0,14,7.0,8.082903769,65.33333333,0,1,0,0,1,0,0,0,0,9.333333333,7.0,0.0,64,0,0,0,0,0,0,2,14,1,0,229,0,0,32,0.0,0.0,0,0,0.0,0.0,0,0,BruteForce
8953360,9,15,119,188,27,0,13.22222222,11.14425612,34,0,12.53333333,14.54975045,34.28880331,2.680557913,389276.5217,1014339.996,3206233,3,6407230,800903.75,1475691.429,3248454,3,8953238,639517.0,1252543.232,3206233,3,0,0,0,0,296,488,1.005209218,1.675348696,0,34,12.28,13.09745522,171.5433333,0,0,0,1,0,0,0,0,1,12.79166667,13.22222222,12.53333333,296,0,0,0,0,0,0,9,119,15,188,29200,227,6,32,0.0,0.0,0,0,0.0,0.0,0,0,BruteForce
219,2,1,14,0,14,0,7.0,9.899494937,0,0,0.0,0.0,63926.94064,13698.63014,109.5,47.37615434,143,76,219,219.0,0.0,219,219,0,0.0,0.0,0,0,1,0,0,0,64,20,9132.420091,4566.210046,0,14,7.0,8.082903769,65.33333333,0,1,0,0,1,0,0,0,0,9.333333333,7.0,0.0,64,0,0,0,0,0,0,2,14,1,0,229,0,0,32,0.0,0.0,0,0,0.0,0.0,0,0,BruteForce
233,2,1,14,0,14,0,7.0,9.899494937,0,0,0.0,0.0,60085.836910000005,12875.53648,116.5,6.3639610310000005,121,112,233,233.0,0.0,233,233,0,0.0,0.0,0,0,1,0,0,0,64,20,8583.690987,4291.845494,0,14,7.0,8.082903769,65.33333333,0,1,0,0,1,0,0,0,0,9.333333333,7.0,0.0,64,0,0,0,0,0,0,2,14,1,0,229,0,0,32,0.0,0.0,0,0,0.0,0.0,0,0,BruteForce
5,2,0,14,0,14,0,7.0,9.899494937,0,0,0.0,0.0,2800000.0,400000.0,5.0,0.0,5,5,5,5.0,0.0,5,5,0,0.0,0.0,0,0,1,0,0,0,64,0,400000.0,0.0,0,14,9.333333333,8.082903769,65.33333333,0,1,0,0,1,0,0,0,0,14.0,7.0,0.0,64,0,0,0,0,0,0,2,14,0,0,229,-1,0,32,0.0,0.0,0,0,0.0,0.0,0,0,BruteForce
9152514,9,15,111,188,26,0,12.33333333,10.12422837,34,0,12.53333333,14.54975045,32.66861979,2.622230351,397935.3913,1003893.651,3104157,3,6002292,750286.5,1317393.943,3079704,220,9152409,653743.5,1235091.931,3104157,3,0,0,0,0,296,488,0.983336382,1.638893969,0,34,11.96,12.80130202,163.8733333,0,0,0,1,0,0,0,0,1,12.45833333,12.33333333,12.53333333,296,0,0,0,0,0,0,9,111,15,188,29200,227,6,32,0.0,0.0,0,0,0.0,0.0,0,0,BruteForce
9143201,9,15,110,188,30,0,12.22222222,10.50925518,34,0,12.53333333,14.54975045,32.59252422,2.624901279,397530.4783,1004987.521,3112819,3,5988560,748570.0,1318068.745,3076419,255,9143138,653081.2857,1236742.0359999998,3112819,3,0,0,0,0,296,488,0.98433798,1.640563299,0,34,11.92,12.90322957,166.49333330000005,0,0,0,1,0,0,0,0,1,12.41666667,12.22222222,12.53333333,296,0,0,0,0,0,0,9,110,15,188,29200,227,6,32,0.0,0.0,0,0,0.0,0.0,0,0,BruteForce
8897291,9,15,109,188,25,0,12.11111111,9.854496999,34,0,12.53333333,14.54975045,33.38094708,2.697450269,386838.7391,996349.0799,3046739,3,5984084,748010.5,1367926.043,3089857,49,8897204,635514.5714,1228738.836,3046739,3,0,0,0,0,296,488,1.011543851,1.685906418,0,34,11.88,12.72896958,162.0266667,0,0,0,1,0,0,0,0,1,12.375,12.11111111,12.53333333,296,0,0,0,0,0,0,9,109,15,188,29200,227,6,32,0.0,0.0,0,0,0.0,0.0,0,0,BruteForce
263,2,1,14,0,14,0,7.0,9.899494937,0,0,0.0,0.0,53231.93916,11406.84411,131.5,33.23401872,155,108,263,263.0,0.0,263,263,0,0.0,0.0,0,0,1,0,0,0,64,20,7604.562738,3802.281369,0,14,7.0,8.082903769,65.33333333,0,1,0,0,1,0,0,0,0,9.333333333,7.0,0.0,64,0,0,0,0,0,0,2,14,1,0,229,0,0,32,0.0,0.0,0,0,0.0,0.0,0,0,BruteForce
258,2,1,14,0,14,0,7.0,9.899494937,0,0,0.0,0.0,54263.56589,11627.90698,129.0,55.15432893,168,90,258,258.0,0.0,258,258,0,0.0,0.0,0,0,1,0,0,0,64,20,7751.937984,3875.968992,0,14,7.0,8.082903769,65.33333333,0,1,0,0,1,0,0,0,0,9.333333333,7.0,0.0,64,0,0,0,0,0,0,2,14,1,0,229,0,0,32,0.0,0.0,0,0,0.0,0.0,0,0,BruteForce
234,2,1,14,0,14,0,7.0,9.899494937,0,0,0.0,0.0,59829.05983,12820.51282,117.0,96.16652224,185,49,234,234.0,0.0,234,234,0,0.0,0.0,0,0,1,0,0,0,64,20,8547.008547,4273.504274,0,14,7.0,8.082903769,65.33333333,0,1,0,0,1,0,0,0,0,9.333333333,7.0,0.0,64,0,0,0,0,0,0,2,14,1,0,229,0,0,32,0.0,0.0,0,0,0.0,0.0,0,0,BruteForce
8728940,9,15,106,188,28,0,11.77777778,9.871395263,34,0,12.53333333,14.54975045,33.68106551,2.7494747360000003,379519.1304,971266.1188,3047812,3,5892290,736536.25,1332476.23,3094195,3,8728852,623489.4286,1196940.573,3047812,3,0,0,0,0,296,488,1.031053026,1.71842171,0,34,11.76,12.73211163,162.10666669999995,0,0,0,1,0,0,0,0,1,12.25,11.77777778,12.53333333,296,0,0,0,0,0,0,9,106,15,188,29200,227,6,32,0.0,0.0,0,0,0.0,0.0,0,0,BruteForce
219,2,1,14,0,14,0,7.0,9.899494937,0,0,0.0,0.0,63926.94064,13698.63014,109.5,27.57716447,129,90,219,219.0,0.0,219,219,0,0.0,0.0,0,0,1,0,0,0,64,20,9132.420091,4566.210046,0,14,7.0,8.082903769,65.33333333,0,1,0,0,1,0,0,0,0,9.333333333,7.0,0.0,64,0,0,0,0,0,0,2,14,1,0,229,0,0,32,0.0,0.0,0,0,0.0,0.0,0,0,BruteForce
225,2,1,14,0,14,0,7.0,9.899494937,0,0,0.0,0.0,62222.22222,13333.33333,112.5,102.5304833,185,40,225,225.0,0.0,225,225,0,0.0,0.0,0,0,1,0,0,0,64,20,8888.888889,4444.444444,0,14,7.0,8.082903769,65.33333333,0,1,0,0,1,0,0,0,0,9.333333333,7.0,0.0,64,0,0,0,0,0,0,2,14,1,0,229,0,0,32,0.0,0.0,0,0,0.0,0.0,0,0,BruteForce
8144900,9,15,115,188,33,0,12.77777778,11.23363007,34,0,12.53333333,14.54975045,37.20119338,2.946629179,354126.08700000006,919075.3753,2888564,3,5469958,683744.75,1268179.035,2932494,4,8144815,581772.5,1134407.024,2888564,3,0,0,0,0,296,488,1.104985942,1.841643237,0,34,12.12,13.11271647,171.9433333,0,0,0,1,0,0,0,0,1,12.625,12.77777778,12.53333333,296,0,0,0,0,0,0,9,115,15,188,29200,227,6,32,0.0,0.0,0,0,0.0,0.0,0,0,BruteForce
8443114,9,15,102,188,20,0,11.33333333,8.888194417000001,34,0,12.53333333,14.54975045,34.347516799999994,2.842553115,367091.91299999994,953999.1741,3084725,3,5317101,664637.625,1225853.715,2774767,232,8443000,603071.4286,1177688.473,3084725,3,0,0,0,0,296,488,1.065957418,1.776595697,0,34,11.6,12.489996,156.0,0,0,0,1,0,0,0,0,1,12.08333333,11.33333333,12.53333333,296,0,0,0,0,0,0,9,102,15,188,29200,227,6,32,0.0,0.0,0,0,0.0,0.0,0,0,BruteForce
8332254,9,15,113,188,27,0,12.55555556,10.40566085,34,0,12.53333333,14.54975045,36.12467887,2.880373066,362271.91299999994,941092.4149,2984874,3,5808117,726014.625,1343674.618,3029060,18,8332144,595153.1429,1161703.215,2984874,3,0,0,0,0,296,488,1.0801399,1.800233166,0,34,12.04,12.87918217,165.8733333,0,0,0,1,0,0,0,0,1,12.54166667,12.55555556,12.53333333,296,0,0,0,0,0,0,9,113,15,188,29200,227,6,32,0.0,0.0,0,0,0.0,0.0,0,0,BruteForce
232,2,1,14,0,14,0,7.0,9.899494937,0,0,0.0,0.0,60344.82759,12931.03448,116.0,55.15432893,155,77,232,232.0,0.0,232,232,0,0.0,0.0,0,0,1,0,0,0,64,20,8620.689655,4310.344828,0,14,7.0,8.082903769,65.33333333,0,1,0,0,1,0,0,0,0,9.333333333,7.0,0.0,64,0,0,0,0,0,0,2,14,1,0,229,0,0,32,0.0,0.0,0,0,0.0,0.0,0,0,BruteForce
9091401,9,15,105,188,23,0,11.66666667,9.313968005,34,0,12.53333333,14.54975045,32.22825613,2.639857157,395278.3043,1028961.33,3240717,3,6319709,789963.625,1462603.707,3285175,217,9091304,649378.8571,1270458.032,3240717,3,0,0,0,0,296,488,0.989946434,1.649910723,0,34,11.72,12.59139918,158.5433333,0,0,0,1,0,0,0,0,1,12.20833333,11.66666667,12.53333333,296,0,0,0,0,0,0,9,105,15,188,29200,227,6,32,0.0,0.0,0,0,0.0,0.0,0,0,BruteForce
9142530,9,15,108,188,27,0,12.0,9.912113801,34,0,12.53333333,14.54975045,32.37615846,2.625093929,397501.3043,1029602.256,3236272,3,6349530,793691.25,1459888.0,3285001,4,9142430,653030.7143,1270549.476,3236272,3,0,0,0,0,296,488,0.984410223,1.640683706,0,34,11.84,12.7432335,162.39,0,0,0,1,0,0,0,0,1,12.33333333,12.0,12.53333333,296,0,0,0,0,0,0,9,108,15,188,29200,227,6,32,0.0,0.0,0,0,0.0,0.0,0,0,BruteForce
8470462,9,15,102,188,21,0,11.33333333,8.93028555,34,0,12.53333333,14.54975045,34.23662133,2.833375558,368280.9565,956378.7757,3240777,3,5187958,648494.75,1183974.348,2597428,4,8470375,605026.7857,1180529.0359999998,3240777,3,0,0,0,0,296,488,1.062515834,1.770859724,0,34,11.6,12.5,156.25,0,0,0,1,0,0,0,0,1,12.08333333,11.33333333,12.53333333,296,0,0,0,0,0,0,9,102,15,188,29200,227,6,32,0.0,0.0,0,0,0.0,0.0,0,0,BruteForce
227,2,1,14,0,14,0,7.0,9.899494937,0,0,0.0,0.0,61674.00881,13215.85903,113.5,116.6726189,196,31,227,227.0,0.0,227,227,0,0.0,0.0,0,0,1,0,0,0,64,20,8810.572687,4405.286344,0,14,7.0,8.082903769,65.33333333,0,1,0,0,1,0,0,0,0,9.333333333,7.0,0.0,64,0,0,0,0,0,0,2,14,1,0,229,0,0,32,0.0,0.0,0,0,0.0,0.0,0,0,BruteForce
7899107,9,15,109,188,25,0,12.11111111,9.892477501,34,0,12.53333333,14.54975045,37.59918684,3.038318129,343439.4348,891624.1676,2812428,3,5304035,663004.375,1230575.805,2853402,3,7898986,564213.2857,1100565.37,2812428,3,0,0,0,0,296,488,1.139369298,1.898948831,0,34,11.88,12.73878592,162.2766667,0,0,0,1,0,0,0,0,1,12.375,12.11111111,12.53333333,296,0,0,0,0,0,0,9,109,15,188,29200,227,6,32,0.0,0.0,0,0,0.0,0.0,0,0,BruteForce
3,2,0,14,0,14,0,7.0,9.899494937,0,0,0.0,0.0,4666666.666999999,666666.6667,3.0,0.0,3,3,3,3.0,0.0,3,3,0,0.0,0.0,0,0,1,0,0,0,64,0,666666.6667,0.0,0,14,9.333333333,8.082903769,65.33333333,0,1,0,0,1,0,0,0,0,14.0,7.0,0.0,64,0,0,0,0,0,0,2,14,0,0,229,-1,0,32,0.0,0.0,0,0,0.0,0.0,0,0,BruteForce
3,2,0,14,0,14,0,7.0,9.899494937,0,0,0.0,0.0,4666666.666999999,666666.6667,3.0,0.0,3,3,3,3.0,0.0,3,3,0,0.0,0.0,0,0,1,0,0,0,64,0,666666.6667,0.0,0,14,9.333333333,8.082903769,65.33333333,0,1,0,0,1,0,0,0,0,14.0,7.0,0.0,64,0,0,0,0,0,0,2,14,0,0,229,-1,0,32,0.0,0.0,0,0,0.0,0.0,0,0,BruteForce
379,2,1,14,0,14,0,7.0,9.899494937,0,0,0.0,0.0,36939.31398,7915.567281999999,189.5,146.3711037,293,86,379,379.0,0.0,379,379,0,0.0,0.0,0,0,1,0,0,0,64,20,5277.044855,2638.522427,0,14,7.0,8.082903769,65.33333333,0,1,0,0,1,0,0,0,0,9.333333333,7.0,0.0,64,0,0,0,0,0,0,2,14,1,0,229,0,0,32,0.0,0.0,0,0,0.0,0.0,0,0,BruteForce
228,2,1,14,0,14,0,7.0,9.899494937,0,0,0.0,0.0,61403.50877000001,13157.89474,114.0,41.01219331,143,85,228,228.0,0.0,228,228,0,0.0,0.0,0,0,1,0,0,0,64,20,8771.929825,4385.9649119999995,0,14,7.0,8.082903769,65.33333333,0,1,0,0,1,0,0,0,0,9.333333333,7.0,0.0,64,0,0,0,0,0,0,2,14,1,0,229,0,0,32,0.0,0.0,0,0,0.0,0.0,0,0,BruteForce
7996071,9,15,108,188,23,0,12.0,9.656603958,34,0,12.53333333,14.54975045,37.01818055,3.0014740989999997,347655.2609,901805.2526,2831190,3,5122686,640335.75,1183909.959,2599108,3,7995951,571139.3571,1113026.56,2831190,4,0,0,0,0,296,488,1.125552787,1.875921312,0,34,11.84,12.67767066,160.7233333,0,0,0,1,0,0,0,0,1,12.33333333,12.0,12.53333333,296,0,0,0,0,0,0,9,108,15,188,29200,227,6,32,0.0,0.0,0,0,0.0,0.0,0,0,BruteForce
223,2,1,14,0,14,0,7.0,9.899494937,0,0,0.0,0.0,62780.269060000006,13452.9148,111.5,129.400541,203,20,223,223.0,0.0,223,223,0,0.0,0.0,0,0,1,0,0,0,64,20,8968.609865,4484.3049329999985,0,14,7.0,8.082903769,65.33333333,0,1,0,0,1,0,0,0,0,9.333333333,7.0,0.0,64,0,0,0,0,0,0,2,14,1,0,229,0,0,32,0.0,0.0,0,0,0.0,0.0,0,0,BruteForce
7696739,9,15,101,188,23,0,11.22222222,8.885068624,34,0,12.53333333,14.54975045,37.54836951,3.118203696,334640.8261,865605.9435,2552542,3,5101303,637662.875,1178183.051,2577029,3,7696698,549764.1429,1068011.835,2552542,3,0,0,0,0,296,488,1.169326386,1.94887731,0,34,11.56,12.49026287,156.00666669999995,0,0,0,1,0,0,0,0,1,12.04166667,11.22222222,12.53333333,296,0,0,0,0,0,0,9,101,15,188,29200,227,6,32,0.0,0.0,0,0,0.0,0.0,0,0,BruteForce
9304869,9,15,110,188,24,0,12.22222222,9.934507761,34,0,12.53333333,14.54975045,32.02624346,2.579294776,404559.5217,1062352.171,3608824,3,6238171,779771.375,1470492.906,3655185,236,9304791,664627.9286,1312933.66,3608824,3,0,0,0,0,296,488,0.967235541,1.612059235,0,34,11.92,12.75055554,162.5766667,0,0,0,1,0,0,0,0,1,12.41666667,12.22222222,12.53333333,296,0,0,0,0,0,0,9,110,15,188,29200,227,6,32,0.0,0.0,0,0,0.0,0.0,0,0,BruteForce
8501018,9,15,110,188,23,0,12.22222222,9.909310997,34,0,12.53333333,14.54975045,35.05462522,2.8231912930000003,369609.4783,961399.2902,3044858,3,5924749,740593.625,1371191.99,3087648,3,8500902,607207.2857,1186939.994,3044858,3,0,0,0,0,296,488,1.058696735,1.7644945580000002,0,34,11.92,12.7440182,162.41,0,0,0,1,0,0,0,0,1,12.41666667,12.22222222,12.53333333,296,0,0,0,0,0,0,9,110,15,188,29200,227,6,32,0.0,0.0,0,0,0.0,0.0,0,0,BruteForce
227,2,1,14,0,14,0,7.0,9.899494937,0,0,0.0,0.0,61674.00881,13215.85903,113.5,111.0157646,192,35,227,227.0,0.0,227,227,0,0.0,0.0,0,0,1,0,0,0,64,20,8810.572687,4405.286344,0,14,7.0,8.082903769,65.33333333,0,1,0,0,1,0,0,0,0,9.333333333,7.0,0.0,64,0,0,0,0,0,0,2,14,1,0,229,0,0,32,0.0,0.0,0,0,0.0,0.0,0,0,BruteForce
4,2,0,14,0,14,0,7.0,9.899494937,0,0,0.0,0.0,3500000.0,500000.0,4.0,0.0,4,4,4,4.0,0.0,4,4,0,0.0,0.0,0,0,1,0,0,0,64,0,500000.0,0.0,0,14,9.333333333,8.082903769,65.33333333,0,1,0,0,1,0,0,0,0,14.0,7.0,0.0,64,0,0,0,0,0,0,2,14,0,0,229,-1,0,32,0.0,0.0,0,0,0.0,0.0,0,0,BruteForce
274,2,1,14,0,14,0,7.0,9.899494937,0,0,0.0,0.0,51094.890510000005,10948.90511,137.0,87.68124087,199,75,274,274.0,0.0,274,274,0,0.0,0.0,0,0,1,0,0,0,64,20,7299.270073000002,3649.635036,0,14,7.0,8.082903769,65.33333333,0,1,0,0,1,0,0,0,0,9.333333333,7.0,0.0,64,0,0,0,0,0,0,2,14,1,0,229,0,0,32,0.0,0.0,0,0,0.0,0.0,0,0,BruteForce
9005783,9,15,109,188,25,0,12.11111111,9.854496999,34,0,12.53333333,14.54975045,32.97880928,2.664954285,391555.7826,1009044.474,3048977,3,6173413,771676.625,1408716.104,3092131,245,9005687,643263.3571,1244471.45,3048977,3,0,0,0,0,296,488,0.999357857,1.6655964280000002,0,34,11.88,12.72896958,162.0266667,0,0,0,1,0,0,0,0,1,12.375,12.11111111,12.53333333,296,0,0,0,0,0,0,9,109,15,188,29200,227,6,32,0.0,0.0,0,0,0.0,0.0,0,0,BruteForce
8934609,9,15,101,188,23,0,11.22222222,8.885068624,34,0,12.53333333,14.54975045,32.34612729,2.6861835810000003,388461.2609,1008872.477,3044747,3,6100373,762546.625,1410334.79,3087252,3,8934491,638177.9286,1245336.636,3044747,3,0,0,0,0,296,488,1.007318843,1.678864738,0,34,11.56,12.49026287,156.00666669999995,0,0,0,1,0,0,0,0,1,12.04166667,11.22222222,12.53333333,296,0,0,0,0,0,0,9,101,15,188,29200,227,6,32,0.0,0.0,0,0,0.0,0.0,0,0,BruteForce
7958476,9,15,97,188,20,0,10.77777778,8.363279527000001,34,0,12.53333333,14.54975045,35.81087635,3.015652746,346020.6957,898276.1696,2964022,3,4951171,618896.375,1138304.117,2598006,16,7958359,568454.2143,1108769.602,2964022,3,0,0,0,0,296,488,1.13086978,1.884782966,0,34,11.4,12.37605214,153.16666669999995,0,0,0,1,0,0,0,0,1,11.875,10.77777778,12.53333333,296,0,0,0,0,0,0,9,97,15,188,29200,227,6,32,0.0,0.0,0,0,0.0,0.0,0,0,BruteForce
3,2,0,14,0,14,0,7.0,9.899494937,0,0,0.0,0.0,4666666.666999999,666666.6667,3.0,0.0,3,3,3,3.0,0.0,3,3,0,0.0,0.0,0,0,1,0,0,0,64,0,666666.6667,0.0,0,14,9.333333333,8.082903769,65.33333333,0,1,0,0,1,0,0,0,0,14.0,7.0,0.0,64,0,0,0,0,0,0,2,14,0,0,229,-1,0,32,0.0,0.0,0,0,0.0,0.0,0,0,BruteForce
8181308,9,15,110,188,23,0,12.22222222,9.909310997,34,0,12.53333333,14.54975045,36.42449349,2.9335162539999997,355709.0435,931075.8068,3204017,1,5585146,698143.25,1311866.297,3248482,1,8181239,584374.2143,1150293.287,3204017,1,0,0,0,0,296,488,1.100068595,1.833447659,0,34,11.92,12.7440182,162.41,0,0,0,1,0,0,0,0,1,12.41666667,12.22222222,12.53333333,296,0,0,0,0,0,0,9,110,15,188,29200,227,6,32,0.0,0.0,0,0,0.0,0.0,0,0,BruteForce
240,2,1,14,0,14,0,7.0,9.899494937,0,0,0.0,0.0,58333.333329999994,12500.0,120.0,94.75230868,187,53,240,240.0,0.0,240,240,0,0.0,0.0,0,0,1,0,0,0,64,20,8333.333333,4166.666667,0,14,7.0,8.082903769,65.33333333,0,1,0,0,1,0,0,0,0,9.333333333,7.0,0.0,64,0,0,0,0,0,0,2,14,1,0,229,0,0,32,0.0,0.0,0,0,0.0,0.0,0,0,BruteForce
224,2,1,14,0,14,0,7.0,9.899494937,0,0,0.0,0.0,62500.0,13392.85714,112.0,89.09545443,175,49,224,224.0,0.0,224,224,0,0.0,0.0,0,0,1,0,0,0,64,20,8928.571429000001,4464.285714,0,14,7.0,8.082903769,65.33333333,0,1,0,0,1,0,0,0,0,9.333333333,7.0,0.0,64,0,0,0,0,0,0,2,14,1,0,229,0,0,32,0.0,0.0,0,0,0.0,0.0,0,0,BruteForce
8259947,9,15,100,188,20,0,11.11111111,8.652231568,34,0,12.53333333,14.54975045,34.86705181,2.9055876510000003,359128.1304,938611.8147,3118345,3,5098693,637336.625,1183518.406,2752010,3,8259849,589989.2143,1159414.108,3118345,3,0,0,0,0,296,488,1.089595369,1.815992282,0,34,11.52,12.43690744,154.6766667,0,0,0,1,0,0,0,0,1,12.0,11.11111111,12.53333333,296,0,0,0,0,0,0,9,100,15,188,29200,227,6,32,0.0,0.0,0,0,0.0,0.0,0,0,BruteForce
3,2,0,14,0,14,0,7.0,9.899494937,0,0,0.0,0.0,4666666.666999999,666666.6667,3.0,0.0,3,3,3,3.0,0.0,3,3,0,0.0,0.0,0,0,1,0,0,0,64,0,666666.6667,0.0,0,14,9.333333333,8.082903769,65.33333333,0,1,0,0,1,0,0,0,0,14.0,7.0,0.0,64,0,0,0,0,0,0,2,14,0,0,229,-1,0,32,0.0,0.0,0,0,0.0,0.0,0,0,BruteForce
8852830,9,15,101,188,22,0,11.22222222,8.828615092,34,0,12.53333333,14.54975045,32.64492823,2.7109975,384905.6522,1001462.051,3161916,3,6160634,770079.25,1425499.03,3205466,3,8852703,632335.9286,1236439.638,3161916,3,0,0,0,0,296,488,1.016624063,1.6943734380000002,0,34,11.56,12.47691201,155.6733333,0,0,0,1,0,0,0,0,1,12.04166667,11.22222222,12.53333333,296,0,0,0,0,0,0,9,101,15,188,29200,227,6,32,0.0,0.0,0,0,0.0,0.0,0,0,BruteForce
9173186,9,15,101,188,20,0,11.22222222,8.771798245,34,0,12.53333333,14.54975045,31.50486647,2.616321091,398834.1739,1049316.788,3560675,3,6833054,854131.75,1573830.939,3603302,4,9173074,655219.5714,1297093.114,3560675,3,0,0,0,0,296,488,0.981120409,1.6352006819999998,0,34,11.56,12.46354685,155.34,0,0,0,1,0,0,0,0,1,12.04166667,11.22222222,12.53333333,296,0,0,0,0,0,0,9,101,15,188,29200,227,6,32,0.0,0.0,0,0,0.0,0.0,0,0,BruteForce
8631515,9,15,106,188,22,0,11.77777778,9.404490653,34,0,12.53333333,14.54975045,34.06122795,2.780508404,375283.2609,974915.1128,3080537,3,5508818,688602.25,1272161.187,2787569,4,8631442,616531.5714,1203455.624,3080537,3,0,0,0,0,296,488,1.042690652,1.737817753,0,34,11.76,12.61374911,159.10666669999995,0,0,0,1,0,0,0,0,1,12.25,11.77777778,12.53333333,296,0,0,0,0,0,0,9,106,15,188,29200,227,6,32,0.0,0.0,0,0,0.0,0.0,0,0,BruteForce
368,2,1,14,0,14,0,7.0,9.899494937,0,0,0.0,0.0,38043.47826,8152.173913,184.0,142.8355698,285,83,368,368.0,0.0,368,368,0,0.0,0.0,0,0,1,0,0,0,64,20,5434.782609000001,2717.391304,0,14,7.0,8.082903769,65.33333333,0,1,0,0,1,0,0,0,0,9.333333333,7.0,0.0,64,0,0,0,0,0,0,2,14,1,0,229,0,0,32,0.0,0.0,0,0,0.0,0.0,0,0,BruteForce
212,2,1,14,0,14,0,7.0,9.899494937,0,0,0.0,0.0,66037.73585,14150.9434,106.0,22.627417,122,90,212,212.0,0.0,212,212,0,0.0,0.0,0,0,1,0,0,0,64,20,9433.962264,4716.981132,0,14,7.0,8.082903769,65.33333333,0,1,0,0,1,0,0,0,0,9.333333333,7.0,0.0,64,0,0,0,0,0,0,2,14,1,0,229,0,0,32,0.0,0.0,0,0,0.0,0.0,0,0,BruteForce
8918296,9,15,110,188,27,0,12.22222222,10.08436634,34,0,12.53333333,14.54975045,33.41445496,2.6910970439999997,387752.0,1019104.153,3537369,3,6380739,797592.375,1489434.4319999998,3580660,3,8918178,637012.7143,1259605.157,3537369,3,0,0,0,0,296,488,1.009161391,1.681935652,0,34,11.92,12.78970941,163.5766667,0,0,0,1,0,0,0,0,1,12.41666667,12.22222222,12.53333333,296,0,0,0,0,0,0,9,110,15,188,29200,227,6,32,0.0,0.0,0,0,0.0,0.0,0,0,BruteForce
9108060,9,15,105,188,23,0,11.66666667,9.300537619,34,0,12.53333333,14.54975045,32.16930938,2.635028755,396002.6087,1037311.619,3536814,3,6377575,797196.875,1489345.14,3580377,4,9107970,650569.2857,1281643.672,3536814,3,0,0,0,0,296,488,0.988135783,1.6468929719999998,0,34,11.72,12.58808961,158.46,0,0,0,1,0,0,0,0,1,12.20833333,11.66666667,12.53333333,296,0,0,0,0,0,0,9,105,15,188,29200,227,6,32,0.0,0.0,0,0,0.0,0.0,0,0,BruteForce
9547236,9,15,117,188,30,0,13.0,11.13552873,34,0,12.53333333,14.54975045,31.94641884,2.513816564,415097.2174,1084253.629,3539310,3,6755506,844438.25,1564921.176,3581945,249,9547082,681934.4286,1339231.204,3539310,3,0,0,0,0,296,488,0.942681212,1.571135353,0,34,12.2,13.08943594,171.33333330000005,0,0,0,1,0,0,0,0,1,12.70833333,13.0,12.53333333,296,0,0,0,0,0,0,9,117,15,188,29200,227,6,32,0.0,0.0,0,0,0.0,0.0,0,0,BruteForce
254,2,1,14,0,14,0,7.0,9.899494937,0,0,0.0,0.0,55118.110239999995,11811.02362,127.0,31.11269837,149,105,254,254.0,0.0,254,254,0,0.0,0.0,0,0,1,0,0,0,64,20,7874.015748000003,3937.007874,0,14,7.0,8.082903769,65.33333333,0,1,0,0,1,0,0,0,0,9.333333333,7.0,0.0,64,0,0,0,0,0,0,2,14,1,0,229,0,0,32,0.0,0.0,0,0,0.0,0.0,0,0,BruteForce
224,2,1,14,0,14,0,7.0,9.899494937,0,0,0.0,0.0,62500.0,13392.85714,112.0,45.254834,144,80,224,224.0,0.0,224,224,0,0.0,0.0,0,0,1,0,0,0,64,20,8928.571429000001,4464.285714,0,14,7.0,8.082903769,65.33333333,0,1,0,0,1,0,0,0,0,9.333333333,7.0,0.0,64,0,0,0,0,0,0,2,14,1,0,229,0,0,32,0.0,0.0,0,0,0.0,0.0,0,0,BruteForce
7961396,9,15,99,188,22,0,11.0,8.631338251,34,0,12.53333333,14.54975045,36.04895423,3.014546695,346147.6522,896006.3129,3119322,3,4798428,599803.5,1082331.495,2477535,274,7961262,568661.5714,1105615.052,3119322,3,0,0,0,0,296,488,1.130455011,1.884091684,0,34,11.48,12.43355675,154.5933333,0,0,0,1,0,0,0,0,1,11.95833333,11.0,12.53333333,296,0,0,0,0,0,0,9,99,15,188,29200,227,6,32,0.0,0.0,0,0,0.0,0.0,0,0,BruteForce
257,2,1,14,0,14,0,7.0,9.899494937,0,0,0.0,0.0,54474.708170000005,11673.15175,128.5,91.21677477,193,64,257,257.0,0.0,257,257,0,0.0,0.0,0,0,1,0,0,0,64,20,7782.101167,3891.0505840000014,0,14,7.0,8.082903769,65.33333333,0,1,0,0,1,0,0,0,0,9.333333333,7.0,0.0,64,0,0,0,0,0,0,2,14,1,0,229,0,0,32,0.0,0.0,0,0,0.0,0.0,0,0,BruteForce
246,2,1,14,0,14,0,7.0,9.899494937,0,0,0.0,0.0,56910.56911,12195.12195,123.0,46.66904756,156,90,246,246.0,0.0,246,246,0,0.0,0.0,0,0,1,0,0,0,64,20,8130.081301,4065.04065,0,14,7.0,8.082903769,65.33333333,0,1,0,0,1,0,0,0,0,9.333333333,7.0,0.0,64,0,0,0,0,0,0,2,14,1,0,229,0,0,32,0.0,0.0,0,0,0.0,0.0,0,0,BruteForce
4,2,0,14,0,14,0,7.0,9.899494937,0,0,0.0,0.0,3500000.0,500000.0,4.0,0.0,4,4,4,4.0,0.0,4,4,0,0.0,0.0,0,0,1,0,0,0,64,0,500000.0,0.0,0,14,9.333333333,8.082903769,65.33333333,0,1,0,0,1,0,0,0,0,14.0,7.0,0.0,64,0,0,0,0,0,0,2,14,0,0,229,-1,0,32,0.0,0.0,0,0,0.0,0.0,0,0,BruteForce
8686247,9,15,101,188,20,0,11.22222222,8.771798245,34,0,12.53333333,14.54975045,33.27098573,2.762988434,377662.91299999994,955872.6895,3139866,3,5503252,687906.5,1206941.652,2772098,249,8686223,620444.5,1176464.577,3139866,3,0,0,0,0,296,488,1.036120663,1.726867772,0,34,11.56,12.46354685,155.34,0,0,0,1,0,0,0,0,1,12.04166667,11.22222222,12.53333333,296,0,0,0,0,0,0,9,101,15,188,29200,227,6,32,0.0,0.0,0,0,0.0,0.0,0,0,BruteForce
3,2,0,14,0,14,0,7.0,9.899494937,0,0,0.0,0.0,4666666.666999999,666666.6667,3.0,0.0,3,3,3,3.0,0.0,3,3,0,0.0,0.0,0,0,1,0,0,0,64,0,666666.6667,0.0,0,14,9.333333333,8.082903769,65.33333333,0,1,0,0,1,0,0,0,0,14.0,7.0,0.0,64,0,0,0,0,0,0,2,14,0,0,229,-1,0,32,0.0,0.0,0,0,0.0,0.0,0,0,BruteForce
3,2,0,14,0,14,0,7.0,9.899494937,0,0,0.0,0.0,4666666.666999999,666666.6667,3.0,0.0,3,3,3,3.0,0.0,3,3,0,0.0,0.0,0,0,1,0,0,0,64,0,666666.6667,0.0,0,14,9.333333333,8.082903769,65.33333333,0,1,0,0,1,0,0,0,0,14.0,7.0,0.0,64,0,0,0,0,0,0,2,14,0,0,229,-1,0,32,0.0,0.0,0,0,0.0,0.0,0,0,BruteForce
9137811,9,15,105,188,24,0,11.66666667,9.513148795,34,0,12.53333333,14.54975045,32.06457214,2.626449595,397296.1304,1041070.72,3492804,3,6642408,830301.0,1535497.116,3536938,289,9137666,652690.4286,1286340.796,3492804,3,0,0,0,0,296,488,0.984918598,1.6415309969999998,0,34,11.72,12.64093878,159.7933333,0,0,0,1,0,0,0,0,1,12.20833333,11.66666667,12.53333333,296,0,0,0,0,0,0,9,105,15,188,29200,227,6,32,0.0,0.0,0,0,0.0,0.0,0,0,BruteForce
8941773,9,15,105,188,23,0,11.66666667,9.300537619,34,0,12.53333333,14.54975045,32.76755069,2.684031456,388772.7391,1025517.92,3509701,3,5849242,731155.25,1393225.3369999998,3556412,4,8941679,638691.3571,1268027.748,3509701,3,0,0,0,0,296,488,1.0065117959999998,1.67751966,0,34,11.72,12.58808961,158.46,0,0,0,1,0,0,0,0,1,12.20833333,11.66666667,12.53333333,296,0,0,0,0,0,0,9,105,15,188,29200,227,6,32,0.0,0.0,0,0,0.0,0.0,0,0,BruteForce
47,2,0,14,0,14,0,7.0,9.899494937,0,0,0.0,0.0,297872.3404,42553.19149,47.0,0.0,47,47,47,47.0,0.0,47,47,0,0.0,0.0,0,0,1,0,0,0,64,0,42553.19149,0.0,0,14,9.333333333,8.082903769,65.33333333,0,1,0,0,1,0,0,0,0,14.0,7.0,0.0,64,0,0,0,0,0,0,2,14,0,0,229,-1,0,32,0.0,0.0,0,0,0.0,0.0,0,0,BruteForce
8339737,9,15,109,188,23,0,12.11111111,9.778093429,34,0,12.53333333,14.54975045,35.61263383,2.877788592,362597.2609,961107.2367,3498202,4,4797487,599685.875,1110517.691,2517037,226,8339644,595688.8571,1188996.704,3498202,4,0,0,0,0,296,488,1.079170722,1.79861787,0,34,11.88,12.70931417,161.5266667,0,0,0,1,0,0,0,0,1,12.375,12.11111111,12.53333333,296,0,0,0,0,0,0,9,109,15,188,29200,227,6,32,0.0,0.0,0,0,0.0,0.0,0,0,BruteForce
2,2,0,14,0,14,0,7.0,9.899494937,0,0,0.0,0.0,7000000.0,1000000.0,2.0,0.0,2,2,2,2.0,0.0,2,2,0,0.0,0.0,0,0,1,0,0,0,64,0,1000000.0,0.0,0,14,9.333333333,8.082903769,65.33333333,0,1,0,0,1,0,0,0,0,14.0,7.0,0.0,64,0,0,0,0,0,0,2,14,0,0,229,-1,0,32,0.0,0.0,0,0,0.0,0.0,0,0,BruteForce
7915899,9,15,107,188,27,0,11.88888889,9.803627447,34,0,12.53333333,14.54975045,37.26677159,3.031872943,344169.5217,899141.4389,3067041,3,5644370,705546.25,1311611.783,3110470,210,7915789,565413.5,1110609.14,3067041,3,0,0,0,0,296,488,1.1369523540000002,1.89492059,0,34,11.8,12.71482075,161.66666669999995,0,0,0,1,0,0,0,0,1,12.29166667,11.88888889,12.53333333,296,0,0,0,0,0,0,9,107,15,188,29200,227,6,32,0.0,0.0,0,0,0.0,0.0,0,0,BruteForce
250,2,1,14,0,14,0,7.0,9.899494937,0,0,0.0,0.0,56000.0,12000.0,125.0,9.899494937,132,118,250,250.0,0.0,250,250,0,0.0,0.0,0,0,1,0,0,0,64,20,8000.0,4000.0,0,14,7.0,8.082903769,65.33333333,0,1,0,0,1,0,0,0,0,9.333333333,7.0,0.0,64,0,0,0,0,0,0,2,14,1,0,229,0,0,32,0.0,0.0,0,0,0.0,0.0,0,0,BruteForce
8961593,9,15,101,188,23,0,11.22222222,8.941165721,34,0,12.53333333,14.54975045,32.24873078,2.67809529,389634.4783,1027664.306,3512708,3,5853019,731627.375,1391929.1430000002,3555493,49,8961447,640103.3571,1270667.176,3512708,3,0,0,0,0,296,488,1.004285734,1.673809556,0,34,11.56,12.50359948,156.34,0,0,0,1,0,0,0,0,1,12.04166667,11.22222222,12.53333333,296,0,0,0,0,0,0,9,101,15,188,29200,227,6,32,0.0,0.0,0,0,0.0,0.0,0,0,BruteForce
8278092,9,15,106,188,24,0,11.77777778,9.457507306,34,0,12.53333333,14.54975045,35.51543037,2.899218805,359917.0435,941183.5266,3077169,3,5997656,749707.0,1388084.201,3124728,3,8277978,591284.1429,1162660.945,3077169,3,0,0,0,0,296,488,1.087207052,1.812011753,0,34,11.76,12.62695529,159.44,0,0,0,1,0,0,0,0,1,12.25,11.77777778,12.53333333,296,0,0,0,0,0,0,9,106,15,188,29200,227,6,32,0.0,0.0,0,0,0.0,0.0,0,0,BruteForce
251,2,1,14,0,14,0,7.0,9.899494937,0,0,0.0,0.0,55776.89242999999,11952.19124,125.5,51.61879503,162,89,251,251.0,0.0,251,251,0,0.0,0.0,0,0,1,0,0,0,64,20,7968.127490000003,3984.063745,0,14,7.0,8.082903769,65.33333333,0,1,0,0,1,0,0,0,0,9.333333333,7.0,0.0,64,0,0,0,0,0,0,2,14,1,0,229,0,0,32,0.0,0.0,0,0,0.0,0.0,0,0,BruteForce
8932609,9,15,104,188,23,0,11.55555556,9.355628134,34,0,12.53333333,14.54975045,32.68921767,2.686785014,388374.3043,1008734.217,3544537,3,5346207,668275.875,1204659.512,2896431,4,8932463,638033.0714,1245184.245,3544537,3,0,0,0,0,296,488,1.00754438,1.679240634,0,34,11.68,12.60198397,158.81,0,0,0,1,0,0,0,0,1,12.16666667,11.55555556,12.53333333,296,0,0,0,0,0,0,9,104,15,188,29200,227,6,32,0.0,0.0,0,0,0.0,0.0,0,0,BruteForce
214,2,1,14,0,14,0,7.0,9.899494937,0,0,0.0,0.0,65420.56075,14018.69159,107.0,69.29646456,156,58,214,214.0,0.0,214,214,0,0.0,0.0,0,0,1,0,0,0,64,20,9345.794393,4672.897196,0,14,7.0,8.082903769,65.33333333,0,1,0,0,1,0,0,0,0,9.333333333,7.0,0.0,64,0,0,0,0,0,0,2,14,1,0,229,0,0,32,0.0,0.0,0,0,0.0,0.0,0,0,BruteForce
233,2,1,14,0,14,0,7.0,9.899494937,0,0,0.0,0.0,60085.836910000005,12875.53648,116.5,44.54772721,148,85,233,233.0,0.0,233,233,0,0.0,0.0,0,0,1,0,0,0,64,20,8583.690987,4291.845494,0,14,7.0,8.082903769,65.33333333,0,1,0,0,1,0,0,0,0,9.333333333,7.0,0.0,64,0,0,0,0,0,0,2,14,1,0,229,0,0,32,0.0,0.0,0,0,0.0,0.0,0,0,BruteForce
3,2,0,14,0,14,0,7.0,9.899494937,0,0,0.0,0.0,4666666.666999999,666666.6667,3.0,0.0,3,3,3,3.0,0.0,3,3,0,0.0,0.0,0,0,1,0,0,0,64,0,666666.6667,0.0,0,14,9.333333333,8.082903769,65.33333333,0,1,0,0,1,0,0,0,0,14.0,7.0,0.0,64,0,0,0,0,0,0,2,14,0,0,229,-1,0,32,0.0,0.0,0,0,0.0,0.0,0,0,BruteForce
9691107,9,15,104,188,22,0,11.55555556,9.153020145,34,0,12.53333333,14.54975045,30.13071675,2.476497267,421352.4783,1096909.878,3470148,3,6628520,828565.0,1535396.253,3514078,3,9691008,692214.8571,1354364.523,3470148,3,0,0,0,0,296,488,0.928686475,1.547810792,0,34,11.68,12.55229063,157.56,0,0,0,1,0,0,0,0,1,12.16666667,11.55555556,12.53333333,296,0,0,0,0,0,0,9,104,15,188,29200,227,6,32,0.0,0.0,0,0,0.0,0.0,0,0,BruteForce
10424958,9,15,108,188,27,0,12.0,9.962429423,34,0,12.53333333,14.54975045,28.39339976,2.3021675480000003,453259.0435,1179222.771,3561308,3,6821710,852713.75,1577058.9009999996,3512651,3,10400000,744635.0714,1455891.995,3561308,3,0,0,0,0,296,488,0.8633128309999999,1.4388547180000002,0,34,11.84,12.75630563,162.7233333,0,0,0,1,0,0,0,0,1,12.33333333,12.0,12.53333333,296,0,0,0,0,0,0,9,108,15,188,29200,227,6,32,0.0,0.0,0,0,0.0,0.0,0,0,BruteForce
232,2,1,14,0,14,0,7.0,9.899494937,0,0,0.0,0.0,60344.82759,12931.03448,116.0,80.61017306,173,59,232,232.0,0.0,232,232,0,0.0,0.0,0,0,1,0,0,0,64,20,8620.689655,4310.344828,0,14,7.0,8.082903769,65.33333333,0,1,0,0,1,0,0,0,0,9.333333333,7.0,0.0,64,0,0,0,0,0,0,2,14,1,0,229,0,0,32,0.0,0.0,0,0,0.0,0.0,0,0,BruteForce
8785142,9,15,107,188,24,0,11.88888889,9.571369344,34,0,12.53333333,14.54975045,33.57942308,2.731885267,381962.6957,991659.1194,3060723,3,5938582,742322.75,1374618.3,3104230,218,8785011,627500.7857,1224043.719,3060723,3,0,0,0,0,296,488,1.024456975,1.707428292,0,34,11.8,12.655697,160.16666669999995,0,0,0,1,0,0,0,0,1,12.29166667,11.88888889,12.53333333,296,0,0,0,0,0,0,9,107,15,188,29200,227,6,32,0.0,0.0,0,0,0.0,0.0,0,0,BruteForce
9226446,9,15,97,188,23,0,10.77777778,8.540751984,34,0,12.53333333,14.54975045,30.88946708,2.601218281,401149.8261,1043512.539,3233580,3,6111880,763985.0,1418083.856,3279951,4,9226322,659023.0,1288325.852,3233580,3,0,0,0,0,296,488,0.975456855,1.625761425,0,34,11.4,12.41638702,154.16666669999995,0,0,0,1,0,0,0,0,1,11.875,10.77777778,12.53333333,296,0,0,0,0,0,0,9,97,15,188,29200,227,6,32,0.0,0.0,0,0,0.0,0.0,0,0,BruteForce
3,2,0,14,0,14,0,7.0,9.899494937,0,0,0.0,0.0,4666666.666999999,666666.6667,3.0,0.0,3,3,3,3.0,0.0,3,3,0,0.0,0.0,0,0,1,0,0,0,64,0,666666.6667,0.0,0,14,9.333333333,8.082903769,65.33333333,0,1,0,0,1,0,0,0,0,14.0,7.0,0.0,64,0,0,0,0,0,0,2,14,0,0,229,-1,0,32,0.0,0.0,0,0,0.0,0.0,0,0,BruteForce
9891533,9,15,104,188,26,0,11.55555556,9.475113602,34,0,12.53333333,14.54975045,29.52019672,2.426317538,430066.6522,1120359.771,3534237,3,6313782,789222.75,1460382.001,3279560,262,9891407,706529.0714,1383422.379,3534237,3,0,0,0,0,296,488,0.909869077,1.5164484619999998,0,34,11.68,12.63170614,159.56,0,0,0,1,0,0,0,0,1,12.16666667,11.55555556,12.53333333,296,0,0,0,0,0,0,9,104,15,188,29200,227,6,32,0.0,0.0,0,0,0.0,0.0,0,0,BruteForce
9197467,9,15,111,188,26,0,12.33333333,10.19803903,34,0,12.53333333,14.54975045,32.50895056,2.6094140919999997,399889.8696,1044076.144,3295813,3,6565901,820737.625,1517717.593,3340407,4,9197402,656957.2857,1289541.282,3295813,3,0,0,0,0,296,488,0.978530284,1.6308838069999998,0,34,11.96,12.82081641,164.3733333,0,0,0,1,0,0,0,0,1,12.45833333,12.33333333,12.53333333,296,0,0,0,0,0,0,9,111,15,188,29200,227,6,32,0.0,0.0,0,0,0.0,0.0,0,0,BruteForce
9281674,9,15,103,188,23,0,11.44444444,9.08448005,34,0,12.53333333,14.54975045,31.35210308,2.58574046,403551.0435,1048839.676,3234605,3,6003619,750452.375,1388535.293,3124185,3,9281553,662968.0714,1294777.538,3234605,3,0,0,0,0,296,488,0.969652673,1.6160877880000002,0,34,11.64,12.53621421,157.1566667,0,0,0,1,0,0,0,0,1,12.125,11.44444444,12.53333333,296,0,0,0,0,0,0,9,103,15,188,29200,227,6,32,0.0,0.0,0,0,0.0,0.0,0,0,BruteForce
248,2,1,14,0,14,0,7.0,9.899494937,0,0,0.0,0.0,56451.6129,12096.77419,124.0,56.56854249,164,84,248,248.0,0.0,248,248,0,0.0,0.0,0,0,1,0,0,0,64,20,8064.516129000002,4032.258065,0,14,7.0,8.082903769,65.33333333,0,1,0,0,1,0,0,0,0,9.333333333,7.0,0.0,64,0,0,0,0,0,0,2,14,1,0,229,0,0,32,0.0,0.0,0,0,0.0,0.0,0,0,BruteForce
9233672,9,15,106,188,22,0,11.77777778,9.404490653,34,0,12.53333333,14.54975045,31.83998739,2.599182644,401464.0,1044284.759,3257831,3,6192126,774015.75,1435655.007,3299585,4,9233579,659541.3571,1289271.67,3257831,3,0,0,0,0,296,488,0.974693491,1.6244891519999998,0,34,11.76,12.61374911,159.10666669999995,0,0,0,1,0,0,0,0,1,12.25,11.77777778,12.53333333,296,0,0,0,0,0,0,9,106,15,188,29200,227,6,32,0.0,0.0,0,0,0.0,0.0,0,0,BruteForce
243,2,1,14,0,14,0,7.0,9.899494937,0,0,0.0,0.0,57613.16872,12345.67901,121.5,99.70205615,192,51,243,243.0,0.0,243,243,0,0.0,0.0,0,0,1,0,0,0,64,20,8230.452675,4115.226337,0,14,7.0,8.082903769,65.33333333,0,1,0,0,1,0,0,0,0,9.333333333,7.0,0.0,64,0,0,0,0,0,0,2,14,1,0,229,0,0,32,0.0,0.0,0,0,0.0,0.0,0,0,BruteForce
9018513,9,15,122,188,34,0,13.55555556,12.23837317,34,0,12.53333333,14.54975045,34.37373767,2.661192594,392109.2609,1020009.489,3266577,3,5704304,713038.0,1318578.0890000002,2885625,3,9018398,644171.2857,1259310.956,3266577,3,0,0,0,0,296,488,0.997947223,1.663245371,0,34,12.4,13.42882472,180.3333333,0,0,0,1,0,0,0,0,1,12.91666667,13.55555556,12.53333333,296,0,0,0,0,0,0,9,122,15,188,29200,227,6,32,0.0,0.0,0,0,0.0,0.0,0,0,BruteForce
10059538,9,15,106,188,22,0,11.77777778,9.404490653,34,0,12.53333333,14.54975045,29.22599428,2.385795451,437371.2174,1142654.796,3707746,3,6763313,845414.125,1576143.882,3750519,4,10100000,718529.6429,1411394.133,3707746,3,0,0,0,0,296,488,0.8946732940000001,1.491122157,0,34,11.76,12.61374911,159.10666669999995,0,0,0,1,0,0,0,0,1,12.25,11.77777778,12.53333333,296,0,0,0,0,0,0,9,106,15,188,29200,227,6,32,0.0,0.0,0,0,0.0,0.0,0,0,BruteForce
8867959,9,15,110,188,24,0,12.22222222,9.934507761,34,0,12.53333333,14.54975045,33.60412469,2.706372458,385563.4348,1000938.03,3021541,3,6060972,757621.5,1399763.5480000002,3063456,241,8867838,633417.0,1235487.164,3021541,3,0,0,0,0,296,488,1.014889672,1.691482787,0,34,11.92,12.75055554,162.5766667,0,0,0,1,0,0,0,0,1,12.41666667,12.22222222,12.53333333,296,0,0,0,0,0,0,9,110,15,188,29200,227,6,32,0.0,0.0,0,0,0.0,0.0,0,0,BruteForce
220,2,1,14,0,14,0,7.0,9.899494937,0,0,0.0,0.0,63636.36364,13636.36364,110.0,55.15432893,149,71,220,220.0,0.0,220,220,0,0.0,0.0,0,0,1,0,0,0,64,20,9090.909091,4545.454545000001,0,14,7.0,8.082903769,65.33333333,0,1,0,0,1,0,0,0,0,9.333333333,7.0,0.0,64,0,0,0,0,0,0,2,14,1,0,229,0,0,32,0.0,0.0,0,0,0.0,0.0,0,0,BruteForce
9917504,9,15,103,188,22,0,11.44444444,9.043106644,34,0,12.53333333,14.54975045,29.34206026,2.4199637330000003,431195.8261,1116993.378,3732833,3,6854516,856814.5,1572766.687,3777364,251,9917418,708387.0,1378408.541,3732833,3,0,0,0,0,296,488,0.9074864,1.512477333,0,34,11.64,12.52623913,156.9066667,0,0,0,1,0,0,0,0,1,12.125,11.44444444,12.53333333,296,0,0,0,0,0,0,9,103,15,188,29200,227,6,32,0.0,0.0,0,0,0.0,0.0,0,0,BruteForce
228,2,1,14,0,14,0,7.0,9.899494937,0,0,0.0,0.0,61403.50877000001,13157.89474,114.0,41.01219331,143,85,228,228.0,0.0,228,228,0,0.0,0.0,0,0,1,0,0,0,64,20,8771.929825,4385.9649119999995,0,14,7.0,8.082903769,65.33333333,0,1,0,0,1,0,0,0,0,9.333333333,7.0,0.0,64,0,0,0,0,0,0,2,14,1,0,229,0,0,32,0.0,0.0,0,0,0.0,0.0,0,0,BruteForce
9818811,9,15,109,188,27,0,12.11111111,9.993053143,34,0,12.53333333,14.54975045,30.248061600000003,2.4442878059999997,426904.8261,1115163.871,3727879,3,6823872,852984.0,1585493.191,3770909,3,9818730,701337.8571,1377417.459,3727879,3,0,0,0,0,296,488,0.916607927,1.527679879,0,34,11.88,12.7649259,162.9433333,0,0,0,1,0,0,0,0,1,12.375,12.11111111,12.53333333,296,0,0,0,0,0,0,9,109,15,188,29200,227,6,32,0.0,0.0,0,0,0.0,0.0,0,0,BruteForce
48,2,0,14,0,14,0,7.0,9.899494937,0,0,0.0,0.0,291666.6667,41666.66667,48.0,0.0,48,48,48,48.0,0.0,48,48,0,0.0,0.0,0,0,1,0,0,0,64,0,41666.66667,0.0,0,14,9.333333333,8.082903769,65.33333333,0,1,0,0,1,0,0,0,0,14.0,7.0,0.0,64,0,0,0,0,0,0,2,14,0,0,229,-1,0,32,0.0,0.0,0,0,0.0,0.0,0,0,BruteForce
32,2,0,14,0,14,0,7.0,9.899494937,0,0,0.0,0.0,437500.0,62500.0,32.0,0.0,32,32,32,32.0,0.0,32,32,0,0.0,0.0,0,0,1,0,0,0,64,0,62500.0,0.0,0,14,9.333333333,8.082903769,65.33333333,0,1,0,0,1,0,0,0,0,14.0,7.0,0.0,64,0,0,0,0,0,0,2,14,0,0,229,-1,0,32,0.0,0.0,0,0,0.0,0.0,0,0,BruteForce
9371561,9,15,103,188,24,0,11.44444444,9.180292903,34,0,12.53333333,14.54975045,31.05139048,2.560939421,407459.1739,1062045.392,3429471,3,6349208,793651.0,1475746.409,3472303,214,9371435,669388.2143,1311496.424,3429471,3,0,0,0,0,296,488,0.960352283,1.600587138,0,34,11.64,12.55945859,157.74,0,0,0,1,0,0,0,0,1,12.125,11.44444444,12.53333333,296,0,0,0,0,0,0,9,103,15,188,29200,227,6,32,0.0,0.0,0,0,0.0,0.0,0,0,BruteForce
9670707,9,15,120,188,29,0,13.33333333,11.34680572,34,0,12.53333333,14.54975045,31.84875728,2.4817213469999997,420465.5217,1089779.376,3421908,0,6384480,798060.0,1470981.029,3468047,3,9670651,690760.7857,1344902.969,3421908,3,0,0,0,0,296,488,0.930645505,1.551075842,0,34,12.32,13.15839403,173.14333330000005,0,0,0,1,0,0,0,0,1,12.83333333,13.33333333,12.53333333,296,0,0,0,0,0,0,9,120,15,188,29200,227,6,32,0.0,0.0,0,0,0.0,0.0,0,0,BruteForce
9734588,9,15,114,188,29,0,12.66666667,10.6653645,34,0,12.53333333,14.54975045,31.02339822,2.46543562,423242.9565,1090694.111,3421908,3,6451971,806496.375,1470562.117,3468034,4,9734539,695324.2143,1345169.825,3421908,3,0,0,0,0,296,488,0.924538357,1.540897262,0,34,12.08,12.95157648,167.74333330000005,0,0,0,1,0,0,0,0,1,12.58333333,12.66666667,12.53333333,296,0,0,0,0,0,0,9,114,15,188,29200,227,6,32,0.0,0.0,0,0,0.0,0.0,0,0,BruteForce
9289713,9,15,111,188,24,0,12.33333333,10.04987562,34,0,12.53333333,14.54975045,32.18613966,2.5835028490000003,403900.5652,1049630.324,3197089,1,6228072,778509.0,1441238.274,3239430,3,9289641,663545.7857,1295736.114,3197089,1,0,0,0,0,296,488,0.968813568,1.61468928,0,34,11.96,12.78175783,163.3733333,0,0,0,1,0,0,0,0,1,12.45833333,12.33333333,12.53333333,296,0,0,0,0,0,0,9,111,15,188,29200,227,6,32,0.0,0.0,0,0,0.0,0.0,0,0,BruteForce
211,2,1,14,0,14,0,7.0,9.899494937,0,0,0.0,0.0,66350.7109,14218.00948,105.5,92.63098834,171,40,211,211.0,0.0,211,211,0,0.0,0.0,0,0,1,0,0,0,64,20,9478.672986,4739.336493,0,14,7.0,8.082903769,65.33333333,0,1,0,0,1,0,0,0,0,9.333333333,7.0,0.0,64,0,0,0,0,0,0,2,14,1,0,229,0,0,32,0.0,0.0,0,0,0.0,0.0,0,0,BruteForce
9772711,9,15,113,188,26,0,12.55555556,10.35749863,34,0,12.53333333,14.54975045,30.80005129,2.4558180430000003,424900.4783,1099904.373,3448758,3,6790328,848791.0,1555360.254,3493475,3,9772572,698040.8571,1357213.697,3448758,3,0,0,0,0,296,488,0.920931766,1.5348862769999998,0,34,12.04,12.86623488,165.54,0,0,0,1,0,0,0,0,1,12.54166667,12.55555556,12.53333333,296,0,0,0,0,0,0,9,113,15,188,29200,227,6,32,0.0,0.0,0,0,0.0,0.0,0,0,BruteForce
9200150,9,15,119,188,28,0,13.22222222,11.17785509,34,0,12.53333333,14.54975045,33.36902116,2.60865312,400006.5217,1044393.249,3451134,1,6211635,776454.375,1450222.4419999996,3495365,1,9200027,657144.7857,1289937.358,3451134,3,0,0,0,0,296,488,0.97824492,1.6304082,0,34,12.28,13.10699559,171.7933333,0,0,0,1,0,0,0,0,1,12.79166667,13.22222222,12.53333333,296,0,0,0,0,0,0,9,119,15,188,29200,227,6,32,0.0,0.0,0,0,0.0,0.0,0,0,BruteForce
282,2,1,14,0,14,0,7.0,9.899494937,0,0,0.0,0.0,49645.39007,10638.29787,141.0,79.19595949,197,85,282,282.0,0.0,282,282,0,0.0,0.0,0,0,1,0,0,0,64,20,7092.198581999999,3546.0992909999995,0,14,7.0,8.082903769,65.33333333,0,1,0,0,1,0,0,0,0,9.333333333,7.0,0.0,64,0,0,0,0,0,0,2,14,1,0,229,0,0,32,0.0,0.0,0,0,0.0,0.0,0,0,BruteForce
3,2,0,14,0,14,0,7.0,9.899494937,0,0,0.0,0.0,4666666.6669999985,666666.6667,3.0,0.0,3,3,3,3.0,0.0,3,3,0,0.0,0.0,0,0,1,0,0,0,64,0,666666.6667,0.0,0,14,9.333333333,8.082903769,65.33333333,0,1,0,0,1,0,0,0,0,14.0,7.0,0.0,64,0,0,0,0,0,0,2,14,0,0,229,-1,0,32,0.0,0.0,0,0,0.0,0.0,0,0,BruteForce
9295150,9,15,114,188,28,0,12.66666667,10.59481005,34,0,12.53333333,14.54975045,32.49006202,2.581991684,404136.9565,1056168.187,3453032,1,6584507,823063.375,1525967.015,3494888,274,9295070,663933.5714,1304613.575,3453032,1,0,0,0,0,296,488,0.968246881,1.6137448019999998,0,34,12.08,12.93225941,167.24333330000005,0,0,0,1,0,0,0,0,1,12.58333333,12.66666667,12.53333333,296,0,0,0,0,0,0,9,114,15,188,29200,227,6,32,0.0,0.0,0,0,0.0,0.0,0,0,BruteForce
9288836,9,15,99,188,24,0,11.0,8.803408431,34,0,12.53333333,14.54975045,30.89730511,2.583746769,403862.4348,1054309.572,3444596,3,6582577,822822.125,1525563.245,3492614,232,9288750,663482.1429,1302163.996,3444596,3,0,0,0,0,296,488,0.968905038,1.61484173,0,34,11.48,12.47370568,155.5933333,0,0,0,1,0,0,0,0,1,11.95833333,11.0,12.53333333,296,0,0,0,0,0,0,9,99,15,188,29200,227,6,32,0.0,0.0,0,0,0.0,0.0,0,0,BruteForce
1,2,0,14,0,14,0,7.0,9.899494937,0,0,0.0,0.0,14000000.0,2000000.0,1.0,0.0,1,1,1,1.0,0.0,1,1,0,0.0,0.0,0,0,1,0,0,0,64,0,2000000.0,0.0,0,14,9.333333333,8.082903769,65.33333333,0,1,0,0,1,0,0,0,0,14.0,7.0,0.0,64,0,0,0,0,0,0,2,14,0,0,229,-1,0,32,0.0,0.0,0,0,0.0,0.0,0,0,BruteForce
8682779,9,15,110,188,26,0,12.22222222,10.02219759,34,0,12.53333333,14.54975045,34.32080904,2.764092003,377512.1304,981917.24,3039371,1,5600202,700025.25,1298994.848,3002912,3,8682694,620192.4286,1212265.318,3039371,1,0,0,0,0,296,488,1.036534501,1.7275575019999998,0,34,11.92,12.77340988,163.16,0,0,0,1,0,0,0,0,1,12.41666667,12.22222222,12.53333333,296,0,0,0,0,0,0,9,110,15,188,29200,227,6,32,0.0,0.0,0,0,0.0,0.0,0,0,BruteForce
8561696,9,15,116,188,32,0,12.88888889,11.17412686,34,0,12.53333333,14.54975045,35.50698366,2.8031829210000003,372247.6522,980876.8203,3476692,3,5971213,746401.625,1409655.479,3519338,48,8561552,611539.4286,1212694.733,3476692,3,0,0,0,0,296,488,1.051193595,1.751989325,0,34,12.16,13.09796422,171.5566667,0,0,0,1,0,0,0,0,1,12.66666667,12.88888889,12.53333333,296,0,0,0,0,0,0,9,116,15,188,29200,227,6,32,0.0,0.0,0,0,0.0,0.0,0,0,BruteForce
9307015,9,15,110,188,24,0,12.22222222,9.921917377,34,0,12.53333333,14.54975045,32.01885889,2.578700045,404652.8261,1065060.864,3471555,3,5792449,724056.125,1361476.858,3355307,44,9306945,664781.7857,1316610.066,3471555,3,0,0,0,0,296,488,0.967012517,1.611687528,0,34,11.92,12.74728729,162.49333330000005,0,0,0,1,0,0,0,0,1,12.41666667,12.22222222,12.53333333,296,0,0,0,0,0,0,9,110,15,188,29200,227,6,32,0.0,0.0,0,0,0.0,0.0,0,0,BruteForce
3,2,0,14,0,14,0,7.0,9.899494937,0,0,0.0,0.0,4666666.6669999985,666666.6667,3.0,0.0,3,3,3,3.0,0.0,3,3,0,0.0,0.0,0,0,1,0,0,0,64,0,666666.6667,0.0,0,14,9.333333333,8.082903769,65.33333333,0,1,0,0,1,0,0,0,0,14.0,7.0,0.0,64,0,0,0,0,0,0,2,14,0,0,229,-1,0,32,0.0,0.0,0,0,0.0,0.0,0,0,BruteForce
48,2,0,14,0,14,0,7.0,9.899494937,0,0,0.0,0.0,291666.6667,41666.66667,48.0,0.0,48,48,48,48.0,0.0,48,48,0,0.0,0.0,0,0,1,0,0,0,64,0,41666.66667,0.0,0,14,9.333333333,8.082903769,65.33333333,0,1,0,0,1,0,0,0,0,14.0,7.0,0.0,64,0,0,0,0,0,0,2,14,0,0,229,-1,0,32,0.0,0.0,0,0,0.0,0.0,0,0,BruteForce
8745822,9,15,112,188,26,0,12.44444444,10.23610169,34,0,12.53333333,14.54975045,34.30209305,2.744167444,380253.1304,995313.0261,3319328,3,6315149,789393.625,1463048.245,3361704,3,8745710,624693.5714,1229655.496,3319328,3,0,0,0,0,296,488,1.029062791,1.715104652,0,34,12.0,12.83225104,164.66666669999995,0,0,0,1,0,0,0,0,1,12.5,12.44444444,12.53333333,296,0,0,0,0,0,0,9,112,15,188,29200,227,6,32,0.0,0.0,0,0,0.0,0.0,0,0,BruteForce
9,2,0,14,0,14,0,7.0,9.899494937,0,0,0.0,0.0,1555555.556,222222.2222,9.0,0.0,9,9,9,9.0,0.0,9,9,0,0.0,0.0,0,0,1,0,0,0,64,0,222222.2222,0.0,0,14,9.333333333,8.082903769,65.33333333,0,1,0,0,1,0,0,0,0,14.0,7.0,0.0,64,0,0,0,0,0,0,2,14,0,0,229,-1,0,32,0.0,0.0,0,0,0.0,0.0,0,0,BruteForce
2,2,0,14,0,14,0,7.0,9.899494937,0,0,0.0,0.0,7000000.0,1000000.0,2.0,0.0,2,2,2,2.0,0.0,2,2,0,0.0,0.0,0,0,1,0,0,0,64,0,1000000.0,0.0,0,14,9.333333333,8.082903769,65.33333333,0,1,0,0,1,0,0,0,0,14.0,7.0,0.0,64,0,0,0,0,0,0,2,14,0,0,229,-1,0,32,0.0,0.0,0,0,0.0,0.0,0,0,BruteForce
273,2,1,14,0,14,0,7.0,9.899494937,0,0,0.0,0.0,51282.05128,10989.01099,136.5,70.00357134,186,87,273,273.0,0.0,273,273,0,0.0,0.0,0,0,1,0,0,0,64,20,7326.007326000001,3663.003663,0,14,7.0,8.082903769,65.33333333,0,1,0,0,1,0,0,0,0,9.333333333,7.0,0.0,64,0,0,0,0,0,0,2,14,1,0,229,0,0,32,0.0,0.0,0,0,0.0,0.0,0,0,BruteForce
3,2,0,14,0,14,0,7.0,9.899494937,0,0,0.0,0.0,4666666.6669999985,666666.6667,3.0,0.0,3,3,3,3.0,0.0,3,3,0,0.0,0.0,0,0,1,0,0,0,64,0,666666.6667,0.0,0,14,9.333333333,8.082903769,65.33333333,0,1,0,0,1,0,0,0,0,14.0,7.0,0.0,64,0,0,0,0,0,0,2,14,0,0,229,-1,0,32,0.0,0.0,0,0,0.0,0.0,0,0,BruteForce
8659024,9,15,112,188,24,0,12.44444444,10.18713786,34,0,12.53333333,14.54975045,34.645937,2.77167496,376479.3043,982518.7834,3176062,3,5696013,712001.625,1331597.469,3218787,3,8658904,618493.1429,1213456.0990000002,3176062,3,0,0,0,0,296,488,1.03937811,1.73229685,0,34,12.0,12.81925635,164.33333330000005,0,0,0,1,0,0,0,0,1,12.5,12.44444444,12.53333333,296,0,0,0,0,0,0,9,112,15,188,29200,227,6,32,0.0,0.0,0,0,0.0,0.0,0,0,BruteForce
8741415,9,15,112,188,25,0,12.44444444,10.19940085,34,0,12.53333333,14.54975045,34.31938651,2.7455509210000004,380061.5217,982222.8779,3180497,3,5779635,722454.375,1327209.529,3222915,3,8741308,624379.1429,1211784.803,3180497,3,0,0,0,0,296,488,1.029581595,1.715969325,0,34,12.0,12.82250626,164.41666669999995,0,0,0,1,0,0,0,0,1,12.5,12.44444444,12.53333333,296,0,0,0,0,0,0,9,112,15,188,29200,227,6,32,0.0,0.0,0,0,0.0,0.0,0,0,BruteForce
264,2,1,14,0,14,0,7.0,9.899494937,0,0,0.0,0.0,53030.30303,11363.63636,132.0,106.0660172,207,57,264,264.0,0.0,264,264,0,0.0,0.0,0,0,1,0,0,0,64,20,7575.757576000001,3787.878788,0,14,7.0,8.082903769,65.33333333,0,1,0,0,1,0,0,0,0,9.333333333,7.0,0.0,64,0,0,0,0,0,0,2,14,1,0,229,0,0,32,0.0,0.0,0,0,0.0,0.0,0,0,BruteForce
219,2,1,14,0,14,0,7.0,9.899494937,0,0,0.0,0.0,63926.94064,13698.63014,109.5,34.64823228,134,85,219,219.0,0.0,219,219,0,0.0,0.0,0,0,1,0,0,0,64,20,9132.420091,4566.210046,0,14,7.0,8.082903769,65.33333333,0,1,0,0,1,0,0,0,0,9.333333333,7.0,0.0,64,0,0,0,0,0,0,2,14,1,0,229,0,0,32,0.0,0.0,0,0,0.0,0.0,0,0,BruteForce
8980285,9,15,102,188,24,0,11.33333333,9.055385138,34,0,12.53333333,14.54975045,32.29296175,2.672520972,390447.1739,1015800.74,3143564,3,5793224,724153.0,1343080.475,3098899,3,8980190,641442.1429,1254129.518,3143564,3,0,0,0,0,296,488,1.002195365,1.6703256080000002,0,34,11.6,12.52996409,157.0,0,0,0,1,0,0,0,0,1,12.08333333,11.33333333,12.53333333,296,0,0,0,0,0,0,9,102,15,188,29200,227,6,32,0.0,0.0,0,0,0.0,0.0,0,0,BruteForce
8738698,9,15,105,188,23,0,11.66666667,9.354143467,34,0,12.53333333,14.54975045,33.52902229,2.7464045560000003,379943.3913,986294.1692,3049904,3,5640963,705120.375,1305632.421,2947792,267,8738566,624183.2857,1217405.894,3049904,3,0,0,0,0,296,488,1.029901708,1.716502847,0,34,11.72,12.60132268,158.7933333,0,0,0,1,0,0,0,0,1,12.20833333,11.66666667,12.53333333,296,0,0,0,0,0,0,9,105,15,188,29200,227,6,32,0.0,0.0,0,0,0.0,0.0,0,0,BruteForce
160,2,2,14,0,14,0,7.0,9.899494937,0,0,0.0,0.0,87500.0,25000.0,53.33333333,43.01550108,83,4,160,160.0,0.0,160,160,4,4.0,0.0,4,4,1,0,0,0,64,40,12500.0,12500.0,0,14,5.6,7.668115805,58.8,0,1,0,0,1,0,0,0,1,7.0,7.0,0.0,64,0,0,0,0,0,0,2,14,2,0,229,0,0,32,0.0,0.0,0,0,0.0,0.0,0,0,BruteForce
247,2,1,14,0,14,0,7.0,9.899494937,0,0,0.0,0.0,56680.16194,12145.74899,123.5,41.71930009,153,94,247,247.0,0.0,247,247,0,0.0,0.0,0,0,1,0,0,0,64,20,8097.165992,4048.582996,0,14,7.0,8.082903769,65.33333333,0,1,0,0,1,0,0,0,0,9.333333333,7.0,0.0,64,0,0,0,0,0,0,2,14,1,0,229,0,0,32,0.0,0.0,0,0,0.0,0.0,0,0,BruteForce
229,2,1,14,0,14,0,7.0,9.899494937,0,0,0.0,0.0,61135.37118,13100.43668,114.5,40.30508653,143,86,229,229.0,0.0,229,229,0,0.0,0.0,0,0,1,0,0,0,64,20,8733.624454,4366.812227,0,14,7.0,8.082903769,65.33333333,0,1,0,0,1,0,0,0,0,9.333333333,7.0,0.0,64,0,0,0,0,0,0,2,14,1,0,229,0,0,32,0.0,0.0,0,0,0.0,0.0,0,0,BruteForce
9870808,9,15,103,188,22,0,11.44444444,9.043106644,34,0,12.53333333,14.54975045,29.48086925,2.431411897,429165.5652,1117886.828,3528599,3,6745661,843207.625,1562857.14,3572088,269,9870682,705048.7143,1380351.021,3528599,3,0,0,0,0,296,488,0.911779461,1.519632435,0,34,11.64,12.52623913,156.9066667,0,0,0,1,0,0,0,0,1,12.125,11.44444444,12.53333333,296,0,0,0,0,0,0,9,103,15,188,29200,227,6,32,0.0,0.0,0,0,0.0,0.0,0,0,BruteForce
239,2,1,14,0,14,0,7.0,9.899494937,0,0,0.0,0.0,58577.40586,12552.30126,119.5,122.3294731,206,33,239,239.0,0.0,239,239,0,0.0,0.0,0,0,1,0,0,0,64,20,8368.200837,4184.100418,0,14,7.0,8.082903769,65.33333333,0,1,0,0,1,0,0,0,0,9.333333333,7.0,0.0,64,0,0,0,0,0,0,2,14,1,0,229,0,0,32,0.0,0.0,0,0,0.0,0.0,0,0,BruteForce
9344158,9,15,105,188,22,0,11.66666667,9.273618495,34,0,12.53333333,14.54975045,31.35649033,2.56844972,406267.7391,1054855.493,3179918,2,6376765,797095.625,1473111.247,3224084,2,9344055,667432.5,1302062.218,3179918,3,0,0,0,0,296,488,0.963168645,1.605281075,0,34,11.72,12.58146785,158.2933333,0,0,0,1,0,0,0,0,1,12.20833333,11.66666667,12.53333333,296,0,0,0,0,0,0,9,105,15,188,29200,227,6,32,0.0,0.0,0,0,0.0,0.0,0,0,BruteForce
3,2,0,14,0,14,0,7.0,9.899494937,0,0,0.0,0.0,4666666.6669999985,666666.6667,3.0,0.0,3,3,3,3.0,0.0,3,3,0,0.0,0.0,0,0,1,0,0,0,64,0,666666.6667,0.0,0,14,9.333333333,8.082903769,65.33333333,0,1,0,0,1,0,0,0,0,14.0,7.0,0.0,64,0,0,0,0,0,0,2,14,0,0,229,-1,0,32,0.0,0.0,0,0,0.0,0.0,0,0,BruteForce
217,2,1,14,0,14,0,7.0,9.899494937,0,0,0.0,0.0,64516.12903,13824.88479,108.5,33.23401872,132,85,217,217.0,0.0,217,217,0,0.0,0.0,0,0,1,0,0,0,64,20,9216.589862,4608.294931,0,14,7.0,8.082903769,65.33333333,0,1,0,0,1,0,0,0,0,9.333333333,7.0,0.0,64,0,0,0,0,0,0,2,14,1,0,229,0,0,32,0.0,0.0,0,0,0.0,0.0,0,0,BruteForce
229,2,1,14,0,14,0,7.0,9.899494937,0,0,0.0,0.0,61135.37118,13100.43668,114.5,53.03300859,152,77,229,229.0,0.0,229,229,0,0.0,0.0,0,0,1,0,0,0,64,20,8733.624454,4366.812227,0,14,7.0,8.082903769,65.33333333,0,1,0,0,1,0,0,0,0,9.333333333,7.0,0.0,64,0,0,0,0,0,0,2,14,1,0,229,0,0,32,0.0,0.0,0,0,0.0,0.0,0,0,BruteForce
8979876,9,15,125,188,30,0,13.88888889,12.02543601,34,0,12.53333333,14.54975045,34.85571516,2.672642696,390429.3913,1016173.378,3139104,3,5797160,724645.0,1344310.633,3098623,49,8979746,641410.4286,1254648.41,3139104,3,0,0,0,0,296,488,1.002241011,1.670401685,0,34,12.52,13.37634728,178.9266667,0,0,0,1,0,0,0,0,1,13.04166667,13.88888889,12.53333333,296,0,0,0,0,0,0,9,125,15,188,29200,227,6,32,0.0,0.0,0,0,0.0,0.0,0,0,BruteForce
1,2,0,14,0,14,0,7.0,9.899494937,0,0,0.0,0.0,14000000.0,2000000.0,1.0,0.0,1,1,1,1.0,0.0,1,1,0,0.0,0.0,0,0,1,0,0,0,64,0,2000000.0,0.0,0,14,9.333333333,8.082903769,65.33333333,0,1,0,0,1,0,0,0,0,14.0,7.0,0.0,64,0,0,0,0,0,0,2,14,0,0,229,-1,0,32,0.0,0.0,0,0,0.0,0.0,0,0,BruteForce
3,2,0,14,0,14,0,7.0,9.899494937,0,0,0.0,0.0,4666666.6669999985,666666.6667,3.0,0.0,3,3,3,3.0,0.0,3,3,0,0.0,0.0,0,0,1,0,0,0,64,0,666666.6667,0.0,0,14,9.333333333,8.082903769,65.33333333,0,1,0,0,1,0,0,0,0,14.0,7.0,0.0,64,0,0,0,0,0,0,2,14,0,0,229,-1,0,32,0.0,0.0,0,0,0.0,0.0,0,0,BruteForce
8418934,9,15,109,188,29,0,12.11111111,10.20348524,34,0,12.53333333,14.54975045,35.27762541,2.850717205,366040.6087,949776.1427,3287936,3,6008505,751063.125,1380211.816,3334486,24,8418819,601344.2143,1172277.653,3287936,3,0,0,0,0,296,488,1.069018952,1.781698253,0,34,11.88,12.82029641,164.36,0,0,0,1,0,0,0,0,1,12.375,12.11111111,12.53333333,296,0,0,0,0,0,0,9,109,15,188,29200,227,6,32,0.0,0.0,0,0,0.0,0.0,0,0,BruteForce
9431700,9,15,111,188,25,0,12.33333333,10.12422837,34,0,12.53333333,14.54975045,31.70160204,2.544610198,410073.91299999994,1071740.943,3564708,3,5823683,727960.375,1346657.51,3199579,4,9431642,673688.7143,1323856.649,3564708,3,0,0,0,0,296,488,0.954228824,1.590381373,0,34,11.96,12.80130202,163.8733333,0,0,0,1,0,0,0,0,1,12.45833333,12.33333333,12.53333333,296,0,0,0,0,0,0,9,111,15,188,29200,227,6,32,0.0,0.0,0,0,0.0,0.0,0,0,BruteForce
80,2,0,14,0,14,0,7.0,9.899494937,0,0,0.0,0.0,175000.0,25000.0,80.0,0.0,80,80,80,80.0,0.0,80,80,0,0.0,0.0,0,0,1,0,0,0,64,0,25000.0,0.0,0,14,9.333333333,8.082903769,65.33333333,0,1,0,0,1,0,0,0,0,14.0,7.0,0.0,64,0,0,0,0,0,0,2,14,0,0,229,-1,0,32,0.0,0.0,0,0,0.0,0.0,0,0,BruteForce
232,2,1,14,0,14,0,7.0,9.899494937,0,0,0.0,0.0,60344.82759,12931.03448,116.0,0.0,116,116,232,232.0,0.0,232,232,0,0.0,0.0,0,0,1,0,0,0,64,20,8620.689655,4310.344828,0,14,7.0,8.082903769,65.33333333,0,1,0,0,1,0,0,0,0,9.333333333,7.0,0.0,64,0,0,0,0,0,0,2,14,1,0,229,0,0,32,0.0,0.0,0,0,0.0,0.0,0,0,BruteForce
8666579,9,15,111,188,25,0,12.33333333,10.12422837,34,0,12.53333333,14.54975045,34.50034898,2.7692587810000004,376807.7826,982715.5317,3310249,3,5824467,728058.375,1358558.093,3354884,48,8666448,619032.0,1213611.174,3310249,3,0,0,0,0,296,488,1.038472043,1.7307867380000002,0,34,11.96,12.80130202,163.8733333,0,0,0,1,0,0,0,0,1,12.45833333,12.33333333,12.53333333,296,0,0,0,0,0,0,9,111,15,188,29200,227,6,32,0.0,0.0,0,0,0.0,0.0,0,0,BruteForce
4,2,0,14,0,14,0,7.0,9.899494937,0,0,0.0,0.0,3500000.0,500000.0,4.0,0.0,4,4,4,4.0,0.0,4,4,0,0.0,0.0,0,0,1,0,0,0,64,0,500000.0,0.0,0,14,9.333333333,8.082903769,65.33333333,0,1,0,0,1,0,0,0,0,14.0,7.0,0.0,64,0,0,0,0,0,0,2,14,0,0,229,-1,0,32,0.0,0.0,0,0,0.0,0.0,0,0,BruteForce
9971271,9,15,108,188,24,0,12.0,9.695359715,34,0,12.53333333,14.54975045,29.68528285,2.406914826,433533.5217,1119987.061,3428588,2,6608112,826014.0,1512209.23,3471145,274,9971166,712226.1429,1381682.4630000002,3428588,2,0,0,0,0,296,488,0.90259306,1.504321766,0,34,11.84,12.68752668,160.9733333,0,0,0,1,0,0,0,0,1,12.33333333,12.0,12.53333333,296,0,0,0,0,0,0,9,108,15,188,29200,227,6,32,0.0,0.0,0,0,0.0,0.0,0,0,BruteForce
9852138,9,15,109,188,24,0,12.11111111,9.803627447,34,0,12.53333333,14.54975045,30.14574095,2.436019471,428353.8261,1115087.343,3428732,28,6383013,797876.625,1477031.1930000002,3315050,224,9852055,703718.2143,1376800.1530000002,3428732,47,0,0,0,0,296,488,0.913507302,1.522512169,0,34,11.88,12.71586935,161.6933333,0,0,0,1,0,0,0,0,1,12.375,12.11111111,12.53333333,296,0,0,0,0,0,0,9,109,15,188,29200,227,6,32,0.0,0.0,0,0,0.0,0.0,0,0,BruteForce
47,2,0,14,0,14,0,7.0,9.899494937,0,0,0.0,0.0,297872.3404,42553.19149,47.0,0.0,47,47,47,47.0,0.0,47,47,0,0.0,0.0,0,0,1,0,0,0,64,0,42553.19149,0.0,0,14,9.333333333,8.082903769,65.33333333,0,1,0,0,1,0,0,0,0,14.0,7.0,0.0,64,0,0,0,0,0,0,2,14,0,0,229,-1,0,32,0.0,0.0,0,0,0.0,0.0,0,0,BruteForce
2,2,0,14,0,14,0,7.0,9.899494937,0,0,0.0,0.0,7000000.0,1000000.0,2.0,0.0,2,2,2,2.0,0.0,2,2,0,0.0,0.0,0,0,1,0,0,0,64,0,1000000.0,0.0,0,14,9.333333333,8.082903769,65.33333333,0,1,0,0,1,0,0,0,0,14.0,7.0,0.0,64,0,0,0,0,0,0,2,14,0,0,229,-1,0,32,0.0,0.0,0,0,0.0,0.0,0,0,BruteForce
8590849,9,15,107,188,24,0,11.88888889,9.571369344,34,0,12.53333333,14.54975045,34.33886453,2.793670335,373515.1739,966519.2057,3268615,3,5280128,660016.0,1197729.543,2634890,220,8590766,613626.1429,1192575.123,3268615,3,0,0,0,0,296,488,1.047626375,1.746043959,0,34,11.8,12.655697,160.16666669999995,0,0,0,1,0,0,0,0,1,12.29166667,11.88888889,12.53333333,296,0,0,0,0,0,0,9,107,15,188,29200,227,6,32,0.0,0.0,0,0,0.0,0.0,0,0,BruteForce
275,2,1,14,0,14,0,7.0,9.899494937,0,0,0.0,0.0,50909.09091,10909.09091,137.5,19.09188309,151,124,275,275.0,0.0,275,275,0,0.0,0.0,0,0,1,0,0,0,64,20,7272.727273,3636.363636,0,14,7.0,8.082903769,65.33333333,0,1,0,0,1,0,0,0,0,9.333333333,7.0,0.0,64,0,0,0,0,0,0,2,14,1,0,229,0,0,32,0.0,0.0,0,0,0.0,0.0,0,0,BruteForce
9103068,9,15,113,188,29,0,12.55555556,10.57250102,34,0,12.53333333,14.54975045,33.06577519,2.636473769,395785.5652,1032305.293,3466315,3,6632384,829048.0,1521389.604,3510520,254,9102990,650213.5714,1274863.367,3466315,3,0,0,0,0,296,488,0.988677663,1.647796106,0,34,12.04,12.92439554,167.04,0,0,0,1,0,0,0,0,1,12.54166667,12.55555556,12.53333333,296,0,0,0,0,0,0,9,113,15,188,29200,227,6,32,0.0,0.0,0,0,0.0,0.0,0,0,BruteForce
1,2,0,14,0,14,0,7.0,9.899494937,0,0,0.0,0.0,14000000.0,2000000.0,1.0,0.0,1,1,1,1.0,0.0,1,1,0,0.0,0.0,0,0,1,0,0,0,64,0,2000000.0,0.0,0,14,9.333333333,8.082903769,65.33333333,0,1,0,0,1,0,0,0,0,14.0,7.0,0.0,64,0,0,0,0,0,0,2,14,0,0,229,-1,0,32,0.0,0.0,0,0,0.0,0.0,0,0,BruteForce
9726572,9,15,104,188,22,0,11.55555556,9.153020145,34,0,12.53333333,14.54975045,30.02085421,2.46746747,422894.4348,1097855.688,3468816,3,6668083,833510.375,1536297.833,3511451,235,9726442,694745.8571,1355115.421,3468816,3,0,0,0,0,296,488,0.925300301,1.5421671680000002,0,34,11.68,12.55229063,157.56,0,0,0,1,0,0,0,0,1,12.16666667,11.55555556,12.53333333,296,0,0,0,0,0,0,9,104,15,188,29200,227,6,32,0.0,0.0,0,0,0.0,0.0,0,0,BruteForce
3,2,0,14,0,14,0,7.0,9.899494937,0,0,0.0,0.0,4666666.6669999985,666666.6667,3.0,0.0,3,3,3,3.0,0.0,3,3,0,0.0,0.0,0,0,1,0,0,0,64,0,666666.6667,0.0,0,14,9.333333333,8.082903769,65.33333333,0,1,0,0,1,0,0,0,0,14.0,7.0,0.0,64,0,0,0,0,0,0,2,14,0,0,229,-1,0,32,0.0,0.0,0,0,0.0,0.0,0,0,BruteForce
8767542,9,15,108,188,24,0,12.0,9.733961167,34,0,12.53333333,14.54975045,33.7608876,2.737369265,381197.4783,981363.6899,3051413,3,5670329,708791.125,1291140.498,3078869,43,8767409,626243.5,1210198.622,3051413,3,0,0,0,0,296,488,1.026513474,1.710855791,0,34,11.84,12.69737506,161.2233333,0,0,0,1,0,0,0,0,1,12.33333333,12.0,12.53333333,296,0,0,0,0,0,0,9,108,15,188,29200,227,6,32,0.0,0.0,0,0,0.0,0.0,0,0,BruteForce
245,2,1,14,0,14,0,7.0,9.899494937,0,0,0.0,0.0,57142.85714,12244.89796,122.5,55.86143571,162,83,245,245.0,0.0,245,245,0,0.0,0.0,0,0,1,0,0,0,64,20,8163.265306,4081.632653,0,14,7.0,8.082903769,65.33333333,0,1,0,0,1,0,0,0,0,9.333333333,7.0,0.0,64,0,0,0,0,0,0,2,14,1,0,229,0,0,32,0.0,0.0,0,0,0.0,0.0,0,0,BruteForce
16,2,0,14,0,14,0,7.0,9.899494937,0,0,0.0,0.0,875000.0,125000.0,16.0,0.0,16,16,16,16.0,0.0,16,16,0,0.0,0.0,0,0,1,0,0,0,64,0,125000.0,0.0,0,14,9.333333333,8.082903769,65.33333333,0,1,0,0,1,0,0,0,0,14.0,7.0,0.0,64,0,0,0,0,0,0,2,14,0,0,229,-1,0,32,0.0,0.0,0,0,0.0,0.0,0,0,BruteForce
67,2,0,14,0,14,0,7.0,9.899494937,0,0,0.0,0.0,208955.2239,29850.74627,67.0,0.0,67,67,67,67.0,0.0,67,67,0,0.0,0.0,0,0,1,0,0,0,64,0,29850.74627,0.0,0,14,9.333333333,8.082903769,65.33333333,0,1,0,0,1,0,0,0,0,14.0,7.0,0.0,64,0,0,0,0,0,0,2,14,0,0,229,-1,0,32,0.0,0.0,0,0,0.0,0.0,0,0,BruteForce
9104054,9,15,99,188,21,0,11.0,8.631338251,34,0,12.53333333,14.54975045,31.52441758,2.63618823,395828.4348,1038968.3,3486726,25,6614027,826753.375,1533803.805,3530931,48,9103930,650280.7143,1283975.514,3486726,48,0,0,0,0,296,488,0.988570586,1.647617644,0,34,11.48,12.43355675,154.5933333,0,0,0,1,0,0,0,0,1,11.95833333,11.0,12.53333333,296,0,0,0,0,0,0,9,99,15,188,29200,227,6,32,0.0,0.0,0,0,0.0,0.0,0,0,BruteForce
9263220,9,15,108,188,23,0,12.0,9.656603958,34,0,12.53333333,14.54975045,31.95433122,2.59089172,402748.6957,1054227.316,3487310,3,6657332,832166.5,1542498.383,3529691,245,9263063,661647.3571,1302444.704,3487310,3,0,0,0,0,296,488,0.971584395,1.619307325,0,34,11.84,12.67767066,160.7233333,0,0,0,1,0,0,0,0,1,12.33333333,12.0,12.53333333,296,0,0,0,0,0,0,9,108,15,188,29200,227,6,32,0.0,0.0,0,0,0.0,0.0,0,0,BruteForce
4,2,0,14,0,14,0,7.0,9.899494937,0,0,0.0,0.0,3500000.0,500000.0,4.0,0.0,4,4,4,4.0,0.0,4,4,0,0.0,0.0,0,0,1,0,0,0,64,0,500000.0,0.0,0,14,9.333333333,8.082903769,65.33333333,0,1,0,0,1,0,0,0,0,14.0,7.0,0.0,64,0,0,0,0,0,0,2,14,0,0,229,-1,0,32,0.0,0.0,0,0,0.0,0.0,0,0,BruteForce
8662828,9,15,103,188,21,0,11.44444444,9.02927338,34,0,12.53333333,14.54975045,33.59180166,2.770457869,376644.6957,979026.2724,3095255,3,6032404,754050.5,1395034.668,3139400,3,8662718,618765.5714,1208610.515,3095255,3,0,0,0,0,296,488,1.038921701,1.731536168,0,34,11.64,12.52291233,156.8233333,0,0,0,1,0,0,0,0,1,12.125,11.44444444,12.53333333,296,0,0,0,0,0,0,9,103,15,188,29200,227,6,32,0.0,0.0,0,0,0.0,0.0,0,0,BruteForce
8654743,9,15,99,188,21,0,11.0,8.631338251,34,0,12.53333333,14.54975045,33.16100778,2.773045947,376293.1739,978103.7213,3095503,1,6028702,753587.75,1395258.459,3139364,206,8654627,618187.6429,1207470.487,3095503,1,0,0,0,0,296,488,1.03989223,1.733153717,0,34,11.48,12.43355675,154.5933333,0,0,0,1,0,0,0,0,1,11.95833333,11.0,12.53333333,296,0,0,0,0,0,0,9,99,15,188,29200,227,6,32,0.0,0.0,0,0,0.0,0.0,0,0,BruteForce
8662913,9,15,105,188,26,0,11.66666667,9.591663047,34,0,12.53333333,14.54975045,33.82234128,2.770430685,376648.3913,977606.3468,3091054,4,6036181,754522.625,1393769.28,3139109,4,8662799,618771.3571,1206664.143,3091054,4,0,0,0,0,296,488,1.038911507,1.731519178,0,34,11.72,12.66070035,160.2933333,0,0,0,1,0,0,0,0,1,12.20833333,11.66666667,12.53333333,296,0,0,0,0,0,0,9,105,15,188,29200,227,6,32,0.0,0.0,0,0,0.0,0.0,0,0,BruteForce
9089052,9,15,111,188,24,0,12.33333333,10.04987562,34,0,12.53333333,14.54975045,32.89672014,2.640539409,395176.1739,1025410.996,3096621,1,6206780,775847.5,1433552.2769999998,3137532,4,9088949,649210.6429,1265628.323,3096621,1,0,0,0,0,296,488,0.990202279,1.650337131,0,34,11.96,12.78175783,163.3733333,0,0,0,1,0,0,0,0,1,12.45833333,12.33333333,12.53333333,296,0,0,0,0,0,0,9,111,15,188,29200,227,6,32,0.0,0.0,0,0,0.0,0.0,0,0,BruteForce
9122835,9,15,123,188,31,0,13.66666667,12.08304597,34,0,12.53333333,14.54975045,34.09028005,2.630761161,396645.0,1029300.275,3096537,3,6232937,779117.125,1438167.628,3138781,3,9122750,651625.0,1270439.431,3096537,3,0,0,0,0,296,488,0.986535436,1.644225726,0,34,12.44,13.38556436,179.1733333,0,0,0,1,0,0,0,0,1,12.95833333,13.66666667,12.53333333,296,0,0,0,0,0,0,9,123,15,188,29200,227,6,32,0.0,0.0,0,0,0.0,0.0,0,0,BruteForce
238,2,1,14,0,14,0,7.0,9.899494937,0,0,0.0,0.0,58823.52941,12605.04202,119.0,93.33809512,185,53,238,238.0,0.0,238,238,0,0.0,0.0,0,0,1,0,0,0,64,20,8403.361345000001,4201.6806719999995,0,14,7.0,8.082903769,65.33333333,0,1,0,0,1,0,0,0,0,9.333333333,7.0,0.0,64,0,0,0,0,0,0,2,14,1,0,229,0,0,32,0.0,0.0,0,0,0.0,0.0,0,0,BruteForce
265,2,1,14,0,14,0,7.0,9.899494937,0,0,0.0,0.0,52830.18868,11320.75472,132.5,61.51828996,176,89,265,265.0,0.0,265,265,0,0.0,0.0,0,0,1,0,0,0,64,20,7547.169811,3773.584906,0,14,7.0,8.082903769,65.33333333,0,1,0,0,1,0,0,0,0,9.333333333,7.0,0.0,64,0,0,0,0,0,0,2,14,1,0,229,0,0,32,0.0,0.0,0,0,0.0,0.0,0,0,BruteForce
4,2,0,14,0,14,0,7.0,9.899494937,0,0,0.0,0.0,3500000.0,500000.0,4.0,0.0,4,4,4,4.0,0.0,4,4,0,0.0,0.0,0,0,1,0,0,0,64,0,500000.0,0.0,0,14,9.333333333,8.082903769,65.33333333,0,1,0,0,1,0,0,0,0,14.0,7.0,0.0,64,0,0,0,0,0,0,2,14,0,0,229,-1,0,32,0.0,0.0,0,0,0.0,0.0,0,0,BruteForce
8429653,9,15,102,188,22,0,11.33333333,8.94427191,34,0,12.53333333,14.54975045,34.40236508,2.847092282,366506.6522,954710.1209,3053203,1,5588649,698581.125,1301917.762,3095955,7,8429579,602112.7857,1178867.895,3053203,1,0,0,0,0,296,488,1.067659606,1.779432677,0,34,11.6,12.50333289,156.33333330000005,0,0,0,1,0,0,0,0,1,12.08333333,11.33333333,12.53333333,296,0,0,0,0,0,0,9,102,15,188,29200,227,6,32,0.0,0.0,0,0,0.0,0.0,0,0,BruteForce
8355291,9,15,101,188,20,0,11.22222222,8.771798245,34,0,12.53333333,14.54975045,34.58886112,2.872431373,363273.5217,942609.7345,3056874,3,5257615,657201.875,1211211.63,2743953,257,8355207,596800.5,1163427.482,3056874,3,0,0,0,0,296,488,1.077161765,1.795269608,0,34,11.56,12.46354685,155.34,0,0,0,1,0,0,0,0,1,12.04166667,11.22222222,12.53333333,296,0,0,0,0,0,0,9,101,15,188,29200,227,6,32,0.0,0.0,0,0,0.0,0.0,0,0,BruteForce
8360612,9,15,110,188,29,0,12.22222222,10.42566278,34,0,12.53333333,14.54975045,35.64332372,2.870603252,363504.8696,944085.2844,3060587,3,5256795,657099.375,1212841.156,2743009,252,8360521,597180.0714,1165368.887,3060587,3,0,0,0,0,296,488,1.07647622,1.794127033,0,34,11.92,12.88060558,165.91,0,0,0,1,0,0,0,0,1,12.41666667,12.22222222,12.53333333,296,0,0,0,0,0,0,9,110,15,188,29200,227,6,32,0.0,0.0,0,0,0.0,0.0,0,0,BruteForce
8237381,9,15,100,188,21,0,11.11111111,8.681077762000001,34,0,12.53333333,14.54975045,34.96256881,2.913547401,358147.0,930746.578,2957557,3,5748817,718602.125,1330451.115,3000532,3,8237281,588377.2143,1148982.999,2957557,48,0,0,0,0,296,488,1.092580275,1.820967125,0,34,11.52,12.44360612,154.8433333,0,0,0,1,0,0,0,0,1,12.0,11.11111111,12.53333333,296,0,0,0,0,0,0,9,100,15,188,29200,227,6,32,0.0,0.0,0,0,0.0,0.0,0,0,BruteForce
8238534,9,15,103,188,22,0,11.44444444,9.043106644,34,0,12.53333333,14.54975045,35.32181818,2.9131396439999997,358197.1304,929749.663,2952993,3,5751984,718998.0,1329197.505,2997160,231,8238439,588459.9286,1147597.67,2952993,3,0,0,0,0,296,488,1.092427366,1.820712277,0,34,11.64,12.52623913,156.9066667,0,0,0,1,0,0,0,0,1,12.125,11.44444444,12.53333333,296,0,0,0,0,0,0,9,103,15,188,29200,227,6,32,0.0,0.0,0,0,0.0,0.0,0,0,BruteForce
209,2,1,14,0,14,0,7.0,9.899494937,0,0,0.0,0.0,66985.64593,14354.06699,104.5,64.34671709,150,59,209,209.0,0.0,209,209,0,0.0,0.0,0,0,1,0,0,0,64,20,9569.37799,4784.688995,0,14,7.0,8.082903769,65.33333333,0,1,0,0,1,0,0,0,0,9.333333333,7.0,0.0,64,0,0,0,0,0,0,2,14,1,0,229,0,0,32,0.0,0.0,0,0,0.0,0.0,0,0,BruteForce
8777258,9,15,110,188,26,0,12.22222222,10.0097175,34,0,12.53333333,14.54975045,33.95137753,2.73433913,381619.91299999994,995672.5708,3216553,3,5776695,722086.875,1349447.5359999998,3260048,48,8777119,626937.0714,1229668.509,3216553,3,0,0,0,0,296,488,1.0253771740000002,1.708961956,0,34,11.92,12.77014748,163.0766667,0,0,0,1,0,0,0,0,1,12.41666667,12.22222222,12.53333333,296,0,0,0,0,0,0,9,110,15,188,29200,227,6,32,0.0,0.0,0,0,0.0,0.0,0,0,BruteForce
8342606,9,15,105,188,22,0,11.66666667,9.273618495,34,0,12.53333333,14.54975045,35.12092025,2.876798928,362722.0,947280.4913,3212152,3,5088013,636001.625,1173907.667,2568466,213,8342485,595891.7857,1170025.7659999998,3212152,3,0,0,0,0,296,488,1.078799598,1.79799933,0,34,11.72,12.58146785,158.2933333,0,0,0,1,0,0,0,0,1,12.20833333,11.66666667,12.53333333,296,0,0,0,0,0,0,9,105,15,188,29200,227,6,32,0.0,0.0,0,0,0.0,0.0,0,0,BruteForce
3,2,0,14,0,14,0,7.0,9.899494937,0,0,0.0,0.0,4666666.6669999985,666666.6667,3.0,0.0,3,3,3,3.0,0.0,3,3,0,0.0,0.0,0,0,1,0,0,0,64,0,666666.6667,0.0,0,14,9.333333333,8.082903769,65.33333333,0,1,0,0,1,0,0,0,0,14.0,7.0,0.0,64,0,0,0,0,0,0,2,14,0,0,229,-1,0,32,0.0,0.0,0,0,0.0,0.0,0,0,BruteForce
7962794,9,15,113,188,29,0,12.55555556,10.85254706,34,0,12.53333333,14.54975045,37.80080208,3.014017442,346208.4348,895853.8672,2780216,3,5391701,673962.625,1244572.553,2822474,228,7962670,568762.1429,1105381.344,2780216,3,0,0,0,0,296,488,1.1302565409999998,1.883760901,0,34,12.04,13.00153837,169.04,0,0,0,1,0,0,0,0,1,12.54166667,12.55555556,12.53333333,296,0,0,0,0,0,0,9,113,15,188,29200,227,6,32,0.0,0.0,0,0,0.0,0.0,0,0,BruteForce
2,2,0,14,0,14,0,7.0,9.899494937,0,0,0.0,0.0,7000000.0,1000000.0,2.0,0.0,2,2,2,2.0,0.0,2,2,0,0.0,0.0,0,0,1,0,0,0,64,0,1000000.0,0.0,0,14,9.333333333,8.082903769,65.33333333,0,1,0,0,1,0,0,0,0,14.0,7.0,0.0,64,0,0,0,0,0,0,2,14,0,0,229,-1,0,32,0.0,0.0,0,0,0.0,0.0,0,0,BruteForce
8318853,9,15,104,188,23,0,11.55555556,9.355628134,34,0,12.53333333,14.54975045,35.10099289,2.885013114,361689.2609,942283.3654,3133316,3,5774255,721781.875,1342537.2969999998,3177151,733,8318843,594203.0714,1163543.033,3133316,3,0,0,0,0,296,488,1.081879918,1.803133196,0,34,11.68,12.60198397,158.81,0,0,0,1,0,0,0,0,1,12.16666667,11.55555556,12.53333333,296,0,0,0,0,0,0,9,104,15,188,29200,227,6,32,0.0,0.0,0,0,0.0,0.0,0,0,BruteForce
9440907,9,15,105,188,28,0,11.66666667,9.772410143,34,0,12.53333333,14.54975045,31.03515372,2.542128632,410474.2174,1078020.768,3628766,1,5771907,721488.375,1341697.58,3172836,1,9440769,674340.6429,1332320.995,3628766,3,0,0,0,0,296,488,0.953298237,1.588830395,0,34,11.72,12.70669115,161.46,0,0,0,1,0,0,0,0,1,12.20833333,11.66666667,12.53333333,296,0,0,0,0,0,0,9,105,15,188,29200,227,6,32,0.0,0.0,0,0,0.0,0.0,0,0,BruteForce
8540749,9,15,100,188,20,0,11.11111111,8.652231568,34,0,12.53333333,14.54975045,33.72069592,2.8100579939999997,371336.91299999994,965367.3454,3132003,1,5955831,744478.875,1377331.4740000002,3173885,3,8540648,610046.2857,1191772.2340000002,3132003,1,0,0,0,0,296,488,1.053771748,1.756286246,0,34,11.52,12.43690744,154.6766667,0,0,0,1,0,0,0,0,1,12.0,11.11111111,12.53333333,296,0,0,0,0,0,0,9,100,15,188,29200,227,6,32,0.0,0.0,0,0,0.0,0.0,0,0,BruteForce
9398549,9,15,106,188,24,0,11.77777778,9.510228412,34,0,12.53333333,14.54975045,31.2814244,2.553585665,408632.5652,1071994.433,3583211,3,6811738,851467.25,1578473.7319999996,3628523,215,9398405,671314.6429,1324716.453,3583211,3,0,0,0,0,296,488,0.957594624,1.595991041,0,34,11.76,12.64014768,159.77333330000005,0,0,0,1,0,0,0,0,1,12.25,11.77777778,12.53333333,296,0,0,0,0,0,0,9,106,15,188,29200,227,6,32,0.0,0.0,0,0,0.0,0.0,0,0,BruteForce
9494989,9,15,102,188,25,0,11.33333333,9.178779875,34,0,12.53333333,14.54975045,30.54242612,2.527649058,412825.6087,1080235.575,3582844,1,6321770,790221.25,1480745.821,3625188,1,9494758,678197.0,1334534.61,3582844,1,0,0,0,0,296,488,0.947868397,1.579780661,0,34,11.6,12.55985669,157.75,0,0,0,1,0,0,0,0,1,12.08333333,11.33333333,12.53333333,296,0,0,0,0,0,0,9,102,15,188,29200,227,6,32,0.0,0.0,0,0,0.0,0.0,0,0,BruteForce
4,2,0,14,0,14,0,7.0,9.899494937,0,0,0.0,0.0,3500000.0,500000.0,4.0,0.0,4,4,4,4.0,0.0,4,4,0,0.0,0.0,0,0,1,0,0,0,64,0,500000.0,0.0,0,14,9.333333333,8.082903769,65.33333333,0,1,0,0,1,0,0,0,0,14.0,7.0,0.0,64,0,0,0,0,0,0,2,14,0,0,229,-1,0,32,0.0,0.0,0,0,0.0,0.0,0,0,BruteForce
259,2,1,14,0,14,0,7.0,9.899494937,0,0,0.0,0.0,54054.05405,11583.01158,129.5,71.4177849,180,79,259,259.0,0.0,259,259,0,0.0,0.0,0,0,1,0,0,0,64,20,7722.007722,3861.003861,0,14,7.0,8.082903769,65.33333333,0,1,0,0,1,0,0,0,0,9.333333333,7.0,0.0,64,0,0,0,0,0,0,2,14,1,0,229,0,0,32,0.0,0.0,0,0,0.0,0.0,0,0,BruteForce
8635522,9,15,120,188,33,0,13.33333333,11.80042372,34,0,12.53333333,14.54975045,35.66663370000001,2.7792182110000003,375457.4783,976977.1305,3160424,2,5954947,744368.375,1380996.795,3202894,2,8635428,616816.2857,1206227.208,3160424,3,0,0,0,0,296,488,1.0422068290000002,1.737011382,0,34,12.32,13.29072358,176.64333330000005,0,0,0,1,0,0,0,0,1,12.83333333,13.33333333,12.53333333,296,0,0,0,0,0,0,9,120,15,188,29200,227,6,32,0.0,0.0,0,0,0.0,0.0,0,0,BruteForce
3,2,0,14,0,14,0,7.0,9.899494937,0,0,0.0,0.0,4666666.6669999985,666666.6667,3.0,0.0,3,3,3,3.0,0.0,3,3,0,0.0,0.0,0,0,1,0,0,0,64,0,666666.6667,0.0,0,14,9.333333333,8.082903769,65.33333333,0,1,0,0,1,0,0,0,0,14.0,7.0,0.0,64,0,0,0,0,0,0,2,14,0,0,229,-1,0,32,0.0,0.0,0,0,0.0,0.0,0,0,BruteForce
9142090,9,15,96,188,20,0,10.66666667,8.246211251,34,0,12.53333333,14.54975045,31.06510656,2.625220272,397482.1739,1050612.485,3600744,2,6867721,858465.125,1587488.427,3645615,2,9141970,652997.8571,1299342.518,3600744,3,0,0,0,0,296,488,0.984457602,1.64076267,0,34,11.36,12.35205786,152.5733333,0,0,0,1,0,0,0,0,1,11.83333333,10.66666667,12.53333333,296,0,0,0,0,0,0,9,96,15,188,29200,227,6,32,0.0,0.0,0,0,0.0,0.0,0,0,BruteForce
8602629,9,15,103,188,24,0,11.44444444,9.153020145,34,0,12.53333333,14.54975045,33.82686851,2.789844825,374027.3478,969743.68,3071861,3,5489238,686154.75,1263729.332,2763980,191,8602509,614464.9286,1196816.196,3071861,3,0,0,0,0,296,488,1.04619181,1.743653016,0,34,11.64,12.55282173,157.5733333,0,0,0,1,0,0,0,0,1,12.125,11.44444444,12.53333333,296,0,0,0,0,0,0,9,103,15,188,29200,227,6,32,0.0,0.0,0,0,0.0,0.0,0,0,BruteForce
11,2,0,14,0,14,0,7.0,9.899494937,0,0,0.0,0.0,1272727.273,181818.1818,11.0,0.0,11,11,11,11.0,0.0,11,11,0,0.0,0.0,0,0,1,0,0,0,64,0,181818.1818,0.0,0,14,9.333333333,8.082903769,65.33333333,0,1,0,0,1,0,0,0,0,14.0,7.0,0.0,64,0,0,0,0,0,0,2,14,0,0,229,-1,0,32,0.0,0.0,0,0,0.0,0.0,0,0,BruteForce
110,2,1,14,0,14,0,7.0,9.899494937,0,0,0.0,0.0,127272.7273,27272.72727,55.0,11.3137085,63,47,110,110.0,0.0,110,110,0,0.0,0.0,0,0,1,0,0,0,64,20,18181.81818,9090.909091,0,14,7.0,8.082903769,65.33333333,0,1,0,0,1,0,0,0,0,9.333333333,7.0,0.0,64,0,0,0,0,0,0,2,14,1,0,229,0,0,32,0.0,0.0,0,0,0.0,0.0,0,0,BruteForce
4,2,0,14,0,14,0,7.0,9.899494937,0,0,0.0,0.0,3500000.0,500000.0,4.0,0.0,4,4,4,4.0,0.0,4,4,0,0.0,0.0,0,0,1,0,0,0,64,0,500000.0,0.0,0,14,9.333333333,8.082903769,65.33333333,0,1,0,0,1,0,0,0,0,14.0,7.0,0.0,64,0,0,0,0,0,0,2,14,0,0,229,-1,0,32,0.0,0.0,0,0,0.0,0.0,0,0,BruteForce
192,2,2,14,0,14,0,7.0,9.899494937,0,0,0.0,0.0,72916.66667,20833.33333,64.0,52.88667129,97,3,192,192.0,0.0,192,192,3,3.0,0.0,3,3,1,0,0,0,64,40,10416.66667,10416.66667,0,14,5.6,7.668115805,58.8,0,1,0,0,1,0,0,0,1,7.0,7.0,0.0,64,0,0,0,0,0,0,2,14,2,0,229,0,0,32,0.0,0.0,0,0,0.0,0.0,0,0,BruteForce
3,2,0,14,0,14,0,7.0,9.899494937,0,0,0.0,0.0,4666666.6669999985,666666.6667,3.0,0.0,3,3,3,3.0,0.0,3,3,0,0.0,0.0,0,0,1,0,0,0,64,0,666666.6667,0.0,0,14,9.333333333,8.082903769,65.33333333,0,1,0,0,1,0,0,0,0,14.0,7.0,0.0,64,0,0,0,0,0,0,2,14,0,0,229,-1,0,32,0.0,0.0,0,0,0.0,0.0,0,0,BruteForce
9286685,9,15,102,188,21,0,11.33333333,8.902246907,34,0,12.53333333,14.54975045,31.22750476,2.584345221,403768.91299999994,1050644.292,3284577,1,6073395,759174.375,1409187.449,3327960,1,9286578,663327.0,1297175.525,3284577,3,0,0,0,0,296,488,0.969129458,1.615215763,0,34,11.6,12.49333155,156.08333330000005,0,0,0,1,0,0,0,0,1,12.08333333,11.33333333,12.53333333,296,0,0,0,0,0,0,9,102,15,188,29200,227,6,32,0.0,0.0,0,0,0.0,0.0,0,0,BruteForce
4,2,0,14,0,14,0,7.0,9.899494937,0,0,0.0,0.0,3500000.0,500000.0,4.0,0.0,4,4,4,4.0,0.0,4,4,0,0.0,0.0,0,0,1,0,0,0,64,0,500000.0,0.0,0,14,9.333333333,8.082903769,65.33333333,0,1,0,0,1,0,0,0,0,14.0,7.0,0.0,64,0,0,0,0,0,0,2,14,0,0,229,-1,0,32,0.0,0.0,0,0,0.0,0.0,0,0,BruteForce
231,2,1,14,0,14,0,7.0,9.899494937,0,0,0.0,0.0,60606.06061,12987.01299,115.5,84.14570696,175,56,231,231.0,0.0,231,231,0,0.0,0.0,0,0,1,0,0,0,64,20,8658.008658,4329.004329,0,14,7.0,8.082903769,65.33333333,0,1,0,0,1,0,0,0,0,9.333333333,7.0,0.0,64,0,0,0,0,0,0,2,14,1,0,229,0,0,32,0.0,0.0,0,0,0.0,0.0,0,0,BruteForce
49,2,0,14,0,14,0,7.0,9.899494937,0,0,0.0,0.0,285714.2857,40816.32653,49.0,0.0,49,49,49,49.0,0.0,49,49,0,0.0,0.0,0,0,1,0,0,0,64,0,40816.32653,0.0,0,14,9.333333333,8.082903769,65.33333333,0,1,0,0,1,0,0,0,0,14.0,7.0,0.0,64,0,0,0,0,0,0,2,14,0,0,229,-1,0,32,0.0,0.0,0,0,0.0,0.0,0,0,BruteForce
8395099,9,15,111,188,26,0,12.33333333,10.12422837,34,0,12.53333333,14.54975045,35.61601835,2.858810837,365004.3043,947413.5988,3224967,1,5662406,707800.75,1310018.578,3266815,1,8395047,599646.2143,1169405.811,3224967,3,0,0,0,0,296,488,1.072054064,1.786756773,0,34,11.96,12.80130202,163.8733333,0,0,0,1,0,0,0,0,1,12.45833333,12.33333333,12.53333333,296,0,0,0,0,0,0,9,111,15,188,29200,227,6,32,0.0,0.0,0,0,0.0,0.0,0,0,BruteForce
3,2,0,14,0,14,0,7.0,9.899494937,0,0,0.0,0.0,4666666.6669999985,666666.6667,3.0,0.0,3,3,3,3.0,0.0,3,3,0,0.0,0.0,0,0,1,0,0,0,64,0,666666.6667,0.0,0,14,9.333333333,8.082903769,65.33333333,0,1,0,0,1,0,0,0,0,14.0,7.0,0.0,64,0,0,0,0,0,0,2,14,0,0,229,-1,0,32,0.0,0.0,0,0,0.0,0.0,0,0,BruteForce
9276767,9,15,121,188,30,0,13.44444444,11.843892,34,0,12.53333333,14.54975045,33.30901811,2.587108203,403337.6957,1038192.118,3192612,3,6491063,811382.875,1473119.3930000004,3234952,3,9276668,662619.1429,1280257.707,3192612,4,0,0,0,0,296,488,0.970165576,1.6169426269999998,0,34,12.36,13.30689045,177.0733333,0,0,0,1,0,0,0,0,1,12.875,13.44444444,12.53333333,296,0,0,0,0,0,0,9,121,15,188,29200,227,6,32,0.0,0.0,0,0,0.0,0.0,0,0,BruteForce
24,2,0,14,0,14,0,7.0,9.899494937,0,0,0.0,0.0,583333.3333,83333.33333,24.0,0.0,24,24,24,24.0,0.0,24,24,0,0.0,0.0,0,0,1,0,0,0,64,0,83333.33333,0.0,0,14,9.333333333,8.082903769,65.33333333,0,1,0,0,1,0,0,0,0,14.0,7.0,0.0,64,0,0,0,0,0,0,2,14,0,0,229,-1,0,32,0.0,0.0,0,0,0.0,0.0,0,0,BruteForce
9167128,9,15,121,188,30,0,13.44444444,11.58782886,34,0,12.53333333,14.54975045,33.70739451,2.618050059,398570.7826,1035506.768,3196352,3,5929386,741173.25,1370378.741,3160278,4,9167009,654786.3571,1278267.611,3196352,3,0,0,0,0,296,488,0.981768772,1.636281287,0,34,12.36,13.231528,175.0733333,0,0,0,1,0,0,0,0,1,12.875,13.44444444,12.53333333,296,0,0,0,0,0,0,9,121,15,188,29200,227,6,32,0.0,0.0,0,0,0.0,0.0,0,0,BruteForce
7944545,9,15,119,188,33,0,13.22222222,11.58423258,34,0,12.53333333,14.54975045,38.64286753,3.0209407839999995,345415.0,895104.3968,2702501,3,5195227,649403.375,1202509.419,2722767,4,7944415,567458.2143,1104635.934,2702501,3,0,0,0,0,296,488,1.1328527940000002,1.88808799,0,34,12.28,13.22409417,174.8766667,0,0,0,1,0,0,0,0,1,12.79166667,13.22222222,12.53333333,296,0,0,0,0,0,0,9,119,15,188,29200,227,6,32,0.0,0.0,0,0,0.0,0.0,0,0,BruteForce
47,2,0,14,0,14,0,7.0,9.899494937,0,0,0.0,0.0,297872.3404,42553.19149,47.0,0.0,47,47,47,47.0,0.0,47,47,0,0.0,0.0,0,0,1,0,0,0,64,0,42553.19149,0.0,0,14,9.333333333,8.082903769,65.33333333,0,1,0,0,1,0,0,0,0,14.0,7.0,0.0,64,0,0,0,0,0,0,2,14,0,0,229,-1,0,32,0.0,0.0,0,0,0.0,0.0,0,0,BruteForce
8902141,9,15,126,188,40,0,14.0,13.19090596,34,0,12.53333333,14.54975045,35.27241368,2.695980664,387049.6087,1007618.254,3545568,3,6151811,768976.375,1425757.718,3587138,3,8902015,635858.2143,1244123.567,3545568,3,0,0,0,0,296,488,1.010992749,1.684987915,0,40,12.56,13.74190671,188.84,0,0,0,1,0,0,0,0,1,13.08333333,14.0,12.53333333,296,0,0,0,0,0,0,9,126,15,188,29200,227,6,32,0.0,0.0,0,0,0.0,0.0,0,0,BruteForce
228,2,1,14,0,14,0,7.0,9.899494937,0,0,0.0,0.0,61403.50877000001,13157.89474,114.0,41.01219331,143,85,228,228.0,0.0,228,228,0,0.0,0.0,0,0,1,0,0,0,64,20,8771.929825,4385.9649119999995,0,14,7.0,8.082903769,65.33333333,0,1,0,0,1,0,0,0,0,9.333333333,7.0,0.0,64,0,0,0,0,0,0,2,14,1,0,229,0,0,32,0.0,0.0,0,0,0.0,0.0,0,0,BruteForce
211,2,1,14,0,14,0,7.0,9.899494937,0,0,0.0,0.0,66350.7109,14218.00948,105.5,20.50609665,120,91,211,211.0,0.0,211,211,0,0.0,0.0,0,0,1,0,0,0,64,20,9478.672986,4739.336493,0,14,7.0,8.082903769,65.33333333,0,1,0,0,1,0,0,0,0,9.333333333,7.0,0.0,64,0,0,0,0,0,0,2,14,1,0,229,0,0,32,0.0,0.0,0,0,0.0,0.0,0,0,BruteForce
8700843,9,15,110,188,26,0,12.22222222,10.05954494,34,0,12.53333333,14.54975045,34.2495549,2.758353415,378297.5217,988818.6247,3264644,4,5392954,674119.25,1251213.048,2900184,227,8700712,621479.4286,1221447.619,3264644,4,0,0,0,0,296,488,1.034382531,1.723970884,0,34,11.92,12.78319209,163.41,0,0,0,1,0,0,0,0,1,12.41666667,12.22222222,12.53333333,296,0,0,0,0,0,0,9,110,15,188,29200,227,6,32,0.0,0.0,0,0,0.0,0.0,0,0,BruteForce
248,2,1,14,0,14,0,7.0,9.899494937,0,0,0.0,0.0,56451.6129,12096.77419,124.0,60.81118318,167,81,248,248.0,0.0,248,248,0,0.0,0.0,0,0,1,0,0,0,64,20,8064.516129000002,4032.258065,0,14,7.0,8.082903769,65.33333333,0,1,0,0,1,0,0,0,0,9.333333333,7.0,0.0,64,0,0,0,0,0,0,2,14,1,0,229,0,0,32,0.0,0.0,0,0,0.0,0.0,0,0,BruteForce
258,2,1,14,0,14,0,7.0,9.899494937,0,0,0.0,0.0,54263.56589,11627.90698,129.0,72.12489168,180,78,258,258.0,0.0,258,258,0,0.0,0.0,0,0,1,0,0,0,64,20,7751.937984,3875.968992,0,14,7.0,8.082903769,65.33333333,0,1,0,0,1,0,0,0,0,9.333333333,7.0,0.0,64,0,0,0,0,0,0,2,14,1,0,229,0,0,32,0.0,0.0,0,0,0.0,0.0,0,0,BruteForce
8723859,9,15,105,188,22,0,11.66666667,9.300537619,34,0,12.53333333,14.54975045,33.58605406,2.751076101,379298.2174,988352.3061,3230572,4,5962338,745292.25,1387228.955,3274083,219,8723763,623125.9286,1220453.566,3230572,4,0,0,0,0,296,488,1.031653538,1.7194225630000002,0,34,11.72,12.58808961,158.46,0,0,0,1,0,0,0,0,1,12.20833333,11.66666667,12.53333333,296,0,0,0,0,0,0,9,105,15,188,29200,227,6,32,0.0,0.0,0,0,0.0,0.0,0,0,BruteForce
8730100,9,15,112,188,24,0,12.44444444,10.17486009,34,0,12.53333333,14.54975045,34.36386754,2.7491094030000003,379569.5652,988136.2109,3228645,3,5969065,746133.125,1385677.42,3270074,3,8730009,623572.0714,1220061.11,3228645,3,0,0,0,0,296,488,1.030916026,1.718193377,0,34,12.0,12.81600562,164.25,0,0,0,1,0,0,0,0,1,12.5,12.44444444,12.53333333,296,0,0,0,0,0,0,9,112,15,188,29200,227,6,32,0.0,0.0,0,0,0.0,0.0,0,0,BruteForce
3,2,0,14,0,14,0,7.0,9.899494937,0,0,0.0,0.0,4666666.6669999985,666666.6667,3.0,0.0,3,3,3,3.0,0.0,3,3,0,0.0,0.0,0,0,1,0,0,0,64,0,666666.6667,0.0,0,14,9.333333333,8.082903769,65.33333333,0,1,0,0,1,0,0,0,0,14.0,7.0,0.0,64,0,0,0,0,0,0,2,14,0,0,229,-1,0,32,0.0,0.0,0,0,0.0,0.0,0,0,BruteForce
252,2,1,14,0,14,0,7.0,9.899494937,0,0,0.0,0.0,55555.55556,11904.7619,126.0,97.5807358,195,57,252,252.0,0.0,252,252,0,0.0,0.0,0,0,1,0,0,0,64,20,7936.507937,3968.253968,0,14,7.0,8.082903769,65.33333333,0,1,0,0,1,0,0,0,0,9.333333333,7.0,0.0,64,0,0,0,0,0,0,2,14,1,0,229,0,0,32,0.0,0.0,0,0,0.0,0.0,0,0,BruteForce
222,2,1,14,0,14,0,7.0,9.899494937,0,0,0.0,0.0,63063.06306,13513.51351,111.0,63.63961031,156,66,222,222.0,0.0,222,222,0,0.0,0.0,0,0,1,0,0,0,64,20,9009.009009,4504.504505,0,14,7.0,8.082903769,65.33333333,0,1,0,0,1,0,0,0,0,9.333333333,7.0,0.0,64,0,0,0,0,0,0,2,14,1,0,229,0,0,32,0.0,0.0,0,0,0.0,0.0,0,0,BruteForce
241,2,1,14,0,14,0,7.0,9.899494937,0,0,0.0,0.0,58091.28631,12448.13278,120.5,9.192388155,127,114,241,241.0,0.0,241,241,0,0.0,0.0,0,0,1,0,0,0,64,20,8298.755187,4149.377593,0,14,7.0,8.082903769,65.33333333,0,1,0,0,1,0,0,0,0,9.333333333,7.0,0.0,64,0,0,0,0,0,0,2,14,1,0,229,0,0,32,0.0,0.0,0,0,0.0,0.0,0,0,BruteForce
8602464,9,15,107,188,23,0,11.88888889,9.532109479,34,0,12.53333333,14.54975045,34.29250038,2.7898983360000003,374020.1739,972269.624,3075188,3,5665454,708181.75,1314746.961,3119597,3,8602338,614452.7143,1200280.33,3075188,3,0,0,0,0,296,488,1.046211876,1.74368646,0,34,11.8,12.64581617,159.91666669999995,0,0,0,1,0,0,0,0,1,12.29166667,11.88888889,12.53333333,296,0,0,0,0,0,0,9,107,15,188,29200,227,6,32,0.0,0.0,0,0,0.0,0.0,0,0,BruteForce
265,2,1,14,0,14,0,7.0,9.899494937,0,0,0.0,0.0,52830.18868,11320.75472,132.5,51.61879503,169,96,265,265.0,0.0,265,265,0,0.0,0.0,0,0,1,0,0,0,64,20,7547.169811,3773.584906,0,14,7.0,8.082903769,65.33333333,0,1,0,0,1,0,0,0,0,9.333333333,7.0,0.0,64,0,0,0,0,0,0,2,14,1,0,229,0,0,32,0.0,0.0,0,0,0.0,0.0,0,0,BruteForce
9612548,9,15,112,188,29,0,12.44444444,10.53697195,34,0,12.53333333,14.54975045,31.20920697,2.4967365569999997,417936.8696,1085656.518,3324781,2,6246343,780792.875,1441774.993,3159058,2,9612396,686599.7143,1340151.18,3324781,3,0,0,0,0,296,488,0.936276209,1.560460348,0,34,12.0,12.91317157,166.75,0,0,0,1,0,0,0,0,1,12.5,12.44444444,12.53333333,296,0,0,0,0,0,0,9,112,15,188,29200,227,6,32,0.0,0.0,0,0,0.0,0.0,0,0,BruteForce
4,2,0,14,0,14,0,7.0,9.899494937,0,0,0.0,0.0,3500000.0,500000.0,4.0,0.0,4,4,4,4.0,0.0,4,4,0,0.0,0.0,0,0,1,0,0,0,64,0,500000.0,0.0,0,14,9.333333333,8.082903769,65.33333333,0,1,0,0,1,0,0,0,0,14.0,7.0,0.0,64,0,0,0,0,0,0,2,14,0,0,229,-1,0,32,0.0,0.0,0,0,0.0,0.0,0,0,BruteForce
8765123,9,15,108,188,24,0,12.0,9.695359715,34,0,12.53333333,14.54975045,33.77020494,2.738124725,381092.3043,995128.55,3286892,3,5436707,679588.375,1259329.287,2917289,3,8765025,626073.2143,1229107.298,3286892,4,0,0,0,0,296,488,1.026796772,1.711327953,0,34,11.84,12.68752668,160.9733333,0,0,0,1,0,0,0,0,1,12.33333333,12.0,12.53333333,296,0,0,0,0,0,0,9,108,15,188,29200,227,6,32,0.0,0.0,0,0,0.0,0.0,0,0,BruteForce
18,2,0,14,0,14,0,7.0,9.899494937,0,0,0.0,0.0,777777.7778,111111.1111,18.0,0.0,18,18,18,18.0,0.0,18,18,0,0.0,0.0,0,0,1,0,0,0,64,0,111111.1111,0.0,0,14,9.333333333,8.082903769,65.33333333,0,1,0,0,1,0,0,0,0,14.0,7.0,0.0,64,0,0,0,0,0,0,2,14,0,0,229,-1,0,32,0.0,0.0,0,0,0.0,0.0,0,0,BruteForce
2,2,0,14,0,14,0,7.0,9.899494937,0,0,0.0,0.0,7000000.0,1000000.0,2.0,0.0,2,2,2,2.0,0.0,2,2,0,0.0,0.0,0,0,1,0,0,0,64,0,1000000.0,0.0,0,14,9.333333333,8.082903769,65.33333333,0,1,0,0,1,0,0,0,0,14.0,7.0,0.0,64,0,0,0,0,0,0,2,14,0,0,229,-1,0,32,0.0,0.0,0,0,0.0,0.0,0,0,BruteForce
8813192,9,15,108,188,24,0,12.0,9.733961167,34,0,12.53333333,14.54975045,33.58601515,2.723190417,383182.2609,996707.3993,3185982,4,5888094,736011.75,1366993.373,3230431,250,8813102,629507.2857,1230531.352,3185982,4,0,0,0,0,296,488,1.0211964059999998,1.701994011,0,34,11.84,12.69737506,161.2233333,0,0,0,1,0,0,0,0,1,12.33333333,12.0,12.53333333,296,0,0,0,0,0,0,9,108,15,188,29200,227,6,32,0.0,0.0,0,0,0.0,0.0,0,0,BruteForce
9248746,9,15,111,188,26,0,12.33333333,10.14889157,34,0,12.53333333,14.54975045,32.32870705,2.594946385,402119.3913,1048796.917,3317025,3,6607065,825883.125,1524316.9630000002,3360870,235,9248618,660615.5714,1295226.932,3317025,3,0,0,0,0,296,488,0.973104894,1.621841491,0,34,11.96,12.80781012,164.04,0,0,0,1,0,0,0,0,1,12.45833333,12.33333333,12.53333333,296,0,0,0,0,0,0,9,111,15,188,29200,227,6,32,0.0,0.0,0,0,0.0,0.0,0,0,BruteForce
9720989,9,15,106,188,23,0,11.77777778,9.444281044,34,0,12.53333333,14.54975045,30.2438363,2.468884596,422651.6957,1098693.698,3311253,3,6628734,828591.75,1532651.039,3353734,42,9720874,694348.1429,1356349.369,3311253,3,0,0,0,0,296,488,0.925831724,1.5430528730000002,0,34,11.76,12.62365504,159.35666669999995,0,0,0,1,0,0,0,0,1,12.25,11.77777778,12.53333333,296,0,0,0,0,0,0,9,106,15,188,29200,227,6,32,0.0,0.0,0,0,0.0,0.0,0,0,BruteForce
9853585,9,15,107,188,22,0,11.88888889,9.518986874,34,0,12.53333333,14.54975045,29.93834224,2.435661741,428416.7391,1113196.524,3304644,3,6624673,828084.125,1531032.658,3347347,192,9853581,703827.2143,1374183.095,3304644,3,0,0,0,0,296,488,0.913373153,1.522288588,0,34,11.8,12.64252085,159.83333330000005,0,0,0,1,0,0,0,0,1,12.29166667,11.88888889,12.53333333,296,0,0,0,0,0,0,9,107,15,188,29200,227,6,32,0.0,0.0,0,0,0.0,0.0,0,0,BruteForce
4,2,0,14,0,14,0,7.0,9.899494937,0,0,0.0,0.0,3500000.0,500000.0,4.0,0.0,4,4,4,4.0,0.0,4,4,0,0.0,0.0,0,0,1,0,0,0,64,0,500000.0,0.0,0,14,9.333333333,8.082903769,65.33333333,0,1,0,0,1,0,0,0,0,14.0,7.0,0.0,64,0,0,0,0,0,0,2,14,0,0,229,-1,0,32,0.0,0.0,0,0,0.0,0.0,0,0,BruteForce
9814951,9,15,105,188,24,0,11.66666667,9.513148795,34,0,12.53333333,14.54975045,29.85241597,2.44524909,426737.0,1108713.625,3304827,3,6466649,808331.125,1494474.086,3269679,258,9814872,701062.2857,1368635.991,3304827,3,0,0,0,0,296,488,0.916968409,1.528280681,0,34,11.72,12.64093878,159.7933333,0,0,0,1,0,0,0,0,1,12.20833333,11.66666667,12.53333333,296,0,0,0,0,0,0,9,105,15,188,29200,227,6,32,0.0,0.0,0,0,0.0,0.0,0,0,BruteForce
9829696,9,15,111,188,28,0,12.33333333,10.29563014,34,0,12.53333333,14.54975045,30.41803124,2.4415811030000003,427378.08700000006,1109055.017,3312078,3,6474932,809366.5,1494050.5990000004,3269735,192,9829654,702118.1429,1368876.265,3312078,3,0,0,0,0,296,488,0.915592914,1.525988189,0,34,11.96,12.84678948,165.04,0,0,0,1,0,0,0,0,1,12.45833333,12.33333333,12.53333333,296,0,0,0,0,0,0,9,111,15,188,29200,227,6,32,0.0,0.0,0,0,0.0,0.0,0,0,BruteForce
9238915,9,15,104,188,22,0,11.55555556,9.207484878,34,0,12.53333333,14.54975045,31.60544285,2.597707631,401691.9565,1045799.09,3224534,3,5972251,746531.375,1384870.6730000002,3188605,228,9238764,659911.7143,1291269.169,3224534,3,0,0,0,0,296,488,0.974140362,1.62356727,0,34,11.68,12.5655614,157.89333330000005,0,0,0,1,0,0,0,0,1,12.16666667,11.55555556,12.53333333,296,0,0,0,0,0,0,9,104,15,188,29200,227,6,32,0.0,0.0,0,0,0.0,0.0,0,0,BruteForce
247,2,1,14,0,14,0,7.0,9.899494937,0,0,0.0,0.0,56680.16194,12145.74899,123.5,14.8492424,134,113,247,247.0,0.0,247,247,0,0.0,0.0,0,0,1,0,0,0,64,20,8097.165992,4048.582996,0,14,7.0,8.082903769,65.33333333,0,1,0,0,1,0,0,0,0,9.333333333,7.0,0.0,64,0,0,0,0,0,0,2,14,1,0,229,0,0,32,0.0,0.0,0,0,0.0,0.0,0,0,BruteForce
236,2,1,14,0,14,0,7.0,9.899494937,0,0,0.0,0.0,59322.0339,12711.86441,118.0,26.87005769,137,99,236,236.0,0.0,236,236,0,0.0,0.0,0,0,1,0,0,0,64,20,8474.576271,4237.288136,0,14,7.0,8.082903769,65.33333333,0,1,0,0,1,0,0,0,0,9.333333333,7.0,0.0,64,0,0,0,0,0,0,2,14,1,0,229,0,0,32,0.0,0.0,0,0,0.0,0.0,0,0,BruteForce
223,2,1,14,0,14,0,7.0,9.899494937,0,0,0.0,0.0,62780.26906000001,13452.9148,111.5,118.0868325,195,28,223,223.0,0.0,223,223,0,0.0,0.0,0,0,1,0,0,0,64,20,8968.609865,4484.3049329999985,0,14,7.0,8.082903769,65.33333333,0,1,0,0,1,0,0,0,0,9.333333333,7.0,0.0,64,0,0,0,0,0,0,2,14,1,0,229,0,0,32,0.0,0.0,0,0,0.0,0.0,0,0,BruteForce
8731562,9,15,95,188,21,0,10.55555556,8.202303200000001,34,0,12.53333333,14.54975045,32.41115393,2.7486490960000003,379633.1304,975839.8113,3170267,1,6110605,763825.625,1388207.0,3212671,3,8731456,623675.4286,1203178.616,3170267,1,0,0,0,0,296,488,1.030743411,1.717905685,0,34,11.32,12.34476947,152.39333330000005,0,0,0,1,0,0,0,0,1,11.79166667,10.55555556,12.53333333,296,0,0,0,0,0,0,9,95,15,188,29200,227,6,32,0.0,0.0,0,0,0.0,0.0,0,0,BruteForce
248,2,1,14,0,14,0,7.0,9.899494937,0,0,0.0,0.0,56451.6129,12096.77419,124.0,48.08326112,158,90,248,248.0,0.0,248,248,0,0.0,0.0,0,0,1,0,0,0,64,20,8064.516129000002,4032.258065,0,14,7.0,8.082903769,65.33333333,0,1,0,0,1,0,0,0,0,9.333333333,7.0,0.0,64,0,0,0,0,0,0,2,14,1,0,229,0,0,32,0.0,0.0,0,0,0.0,0.0,0,0,BruteForce
243,2,1,14,0,14,0,7.0,9.899494937,0,0,0.0,0.0,57613.16872,12345.67901,121.5,55.86143571,161,82,243,243.0,0.0,243,243,0,0.0,0.0,0,0,1,0,0,0,64,20,8230.452675,4115.226337,0,14,7.0,8.082903769,65.33333333,0,1,0,0,1,0,0,0,0,9.333333333,7.0,0.0,64,0,0,0,0,0,0,2,14,1,0,229,0,0,32,0.0,0.0,0,0,0.0,0.0,0,0,BruteForce
242,2,1,14,0,14,0,7.0,9.899494937,0,0,0.0,0.0,57851.23967,12396.69421,121.0,0.0,121,121,242,242.0,0.0,242,242,0,0.0,0.0,0,0,1,0,0,0,64,20,8264.462809999999,4132.2314049999995,0,14,7.0,8.082903769,65.33333333,0,1,0,0,1,0,0,0,0,9.333333333,7.0,0.0,64,0,0,0,0,0,0,2,14,1,0,229,0,0,32,0.0,0.0,0,0,0.0,0.0,0,0,BruteForce
8498961,9,15,105,188,24,0,11.66666667,9.513148795,34,0,12.53333333,14.54975045,34.47480227,2.823874589,369520.0435,960256.5158,3012288,1,5703672,712959.0,1322711.686,3053210,4,8498861,607061.5,1185405.472,3012288,1,0,0,0,0,296,488,1.058952971,1.764921618,0,34,11.72,12.64093878,159.7933333,0,0,0,1,0,0,0,0,1,12.20833333,11.66666667,12.53333333,296,0,0,0,0,0,0,9,105,15,188,29200,227,6,32,0.0,0.0,0,0,0.0,0.0,0,0,BruteForce
276,2,1,14,0,14,0,7.0,9.899494937,0,0,0.0,0.0,50724.63768,10869.56522,138.0,70.71067812,188,88,276,276.0,0.0,276,276,0,0.0,0.0,0,0,1,0,0,0,64,20,7246.376812,3623.188406,0,14,7.0,8.082903769,65.33333333,0,1,0,0,1,0,0,0,0,9.333333333,7.0,0.0,64,0,0,0,0,0,0,2,14,1,0,229,0,0,32,0.0,0.0,0,0,0.0,0.0,0,0,BruteForce
9192125,9,15,103,188,23,0,11.44444444,9.098229376,34,0,12.53333333,14.54975045,31.65753294,2.6109305519999997,399657.6087,1035982.575,3187355,1,6080222,760027.75,1402158.075,3230989,49,9192037,656574.0714,1278531.025,3187355,1,0,0,0,0,296,488,0.979098957,1.631831595,0,34,11.64,12.53953747,157.24,0,0,0,1,0,0,0,0,1,12.125,11.44444444,12.53333333,296,0,0,0,0,0,0,9,103,15,188,29200,227,6,32,0.0,0.0,0,0,0.0,0.0,0,0,BruteForce
232,2,1,14,0,14,0,7.0,9.899494937,0,0,0.0,0.0,60344.82759,12931.03448,116.0,48.08326112,150,82,232,232.0,0.0,232,232,0,0.0,0.0,0,0,1,0,0,0,64,20,8620.689655,4310.344828,0,14,7.0,8.082903769,65.33333333,0,1,0,0,1,0,0,0,0,9.333333333,7.0,0.0,64,0,0,0,0,0,0,2,14,1,0,229,0,0,32,0.0,0.0,0,0,0.0,0.0,0,0,BruteForce
9129224,9,15,105,188,24,0,11.66666667,9.433981132,34,0,12.53333333,14.54975045,32.09473226,2.628920048,396922.7826,1031323.203,3184712,1,5900739,737592.375,1364296.796,3073349,1,9129071,652076.5,1273116.288,3184712,3,0,0,0,0,296,488,0.985845018,1.64307503,0,34,11.72,12.62114628,159.2933333,0,0,0,1,0,0,0,0,1,12.20833333,11.66666667,12.53333333,296,0,0,0,0,0,0,9,105,15,188,29200,227,6,32,0.0,0.0,0,0,0.0,0.0,0,0,BruteForce
48,2,0,14,0,14,0,7.0,9.899494937,0,0,0.0,0.0,291666.6667,41666.66667,48.0,0.0,48,48,48,48.0,0.0,48,48,0,0.0,0.0,0,0,1,0,0,0,64,0,41666.66667,0.0,0,14,9.333333333,8.082903769,65.33333333,0,1,0,0,1,0,0,0,0,14.0,7.0,0.0,64,0,0,0,0,0,0,2,14,0,0,229,-1,0,32,0.0,0.0,0,0,0.0,0.0,0,0,BruteForce
8986511,9,15,100,188,20,0,11.11111111,8.666666667000001,34,0,12.53333333,14.54975045,32.04803288,2.6706694069999997,390717.8696,1002151.976,3031774,1,6168523,771065.375,1396851.185,3073067,222,8986453,641889.5,1235313.275,3031774,1,0,0,0,0,296,488,1.001501027,1.669168379,0,34,11.52,12.44025723,154.76,0,0,0,1,0,0,0,0,1,12.0,11.11111111,12.53333333,296,0,0,0,0,0,0,9,100,15,188,29200,227,6,32,0.0,0.0,0,0,0.0,0.0,0,0,BruteForce
9296939,9,15,123,188,32,0,13.66666667,11.95826074,34,0,12.53333333,14.54975045,33.45187056,2.581494834,404214.7391,1051532.196,3224684,1,6472822,809102.75,1496518.5469999998,3266966,3,9296834,664059.5714,1298232.504,3224684,1,0,0,0,0,296,488,0.968060563,1.613434271,0,34,12.44,13.34815842,178.1733333,0,0,0,1,0,0,0,0,1,12.95833333,13.66666667,12.53333333,296,0,0,0,0,0,0,9,123,15,188,29200,227,6,32,0.0,0.0,0,0,0.0,0.0,0,0,BruteForce
10102738,9,15,104,188,23,0,11.55555556,9.275116052,34,0,12.53333333,14.54975045,28.90305579,2.375593626,439249.4783,1142910.971,3524274,1,6536621,817077.625,1510816.18,3392742,4,10100000,721614.2143,1411082.459,3524274,1,0,0,0,0,296,488,0.89084761,1.484746016,0,34,11.68,12.58213019,158.31,0,0,0,1,0,0,0,0,1,12.16666667,11.55555556,12.53333333,296,0,0,0,0,0,0,9,104,15,188,29200,227,6,32,0.0,0.0,0,0,0.0,0.0,0,0,BruteForce
1,2,0,14,0,14,0,7.0,9.899494937,0,0,0.0,0.0,14000000.0,2000000.0,1.0,0.0,1,1,1,1.0,0.0,1,1,0,0.0,0.0,0,0,1,0,0,0,64,0,2000000.0,0.0,0,14,9.333333333,8.082903769,65.33333333,0,1,0,0,1,0,0,0,0,14.0,7.0,0.0,64,0,0,0,0,0,0,2,14,0,0,229,-1,0,32,0.0,0.0,0,0,0.0,0.0,0,0,BruteForce
247,2,1,14,0,14,0,7.0,9.899494937,0,0,0.0,0.0,56680.16194,12145.74899,123.5,115.2584053,205,42,247,247.0,0.0,247,247,0,0.0,0.0,0,0,1,0,0,0,64,20,8097.165992,4048.582996,0,14,7.0,8.082903769,65.33333333,0,1,0,0,1,0,0,0,0,9.333333333,7.0,0.0,64,0,0,0,0,0,0,2,14,1,0,229,0,0,32,0.0,0.0,0,0,0.0,0.0,0,0,BruteForce
9391078,9,15,113,188,27,0,12.55555556,10.41766662,34,0,12.53333333,14.54975045,32.05169843,2.555617151,408307.7391,1059772.416,3228811,3,6298710,787338.75,1455612.493,3273161,231,9390953,670782.3571,1308078.978,3228811,3,0,0,0,0,296,488,0.958356431,1.597260719,0,34,12.04,12.88241696,165.9566667,0,0,0,1,0,0,0,0,1,12.54166667,12.55555556,12.53333333,296,0,0,0,0,0,0,9,113,15,188,29200,227,6,32,0.0,0.0,0,0,0.0,0.0,0,0,BruteForce
237,2,1,14,0,14,0,7.0,9.899494937,0,0,0.0,0.0,59071.72996,12658.22785,118.5,48.7903679,153,84,237,237.0,0.0,237,237,0,0.0,0.0,0,0,1,0,0,0,64,20,8438.818565000001,4219.409283,0,14,7.0,8.082903769,65.33333333,0,1,0,0,1,0,0,0,0,9.333333333,7.0,0.0,64,0,0,0,0,0,0,2,14,1,0,229,0,0,32,0.0,0.0,0,0,0.0,0.0,0,0,BruteForce
9976052,9,15,102,188,22,0,11.33333333,8.94427191,34,0,12.53333333,14.54975045,29.06961592,2.405761317,433741.3913,1131706.506,3674457,3,6707666,838458.25,1562137.209,3720146,3,9975944,712567.4286,1397673.4740000002,3674457,18,0,0,0,0,296,488,0.902160494,1.5036008230000002,0,34,11.6,12.50333289,156.33333330000005,0,0,0,1,0,0,0,0,1,12.08333333,11.33333333,12.53333333,296,0,0,0,0,0,0,9,102,15,188,29200,227,6,32,0.0,0.0,0,0,0.0,0.0,0,0,BruteForce
239,2,1,14,0,14,0,7.0,9.899494937,0,0,0.0,0.0,58577.40586,12552.30126,119.5,44.54772721,151,88,239,239.0,0.0,239,239,0,0.0,0.0,0,0,1,0,0,0,64,20,8368.200837,4184.100418,0,14,7.0,8.082903769,65.33333333,0,1,0,0,1,0,0,0,0,9.333333333,7.0,0.0,64,0,0,0,0,0,0,2,14,1,0,229,0,0,32,0.0,0.0,0,0,0.0,0.0,0,0,BruteForce
9004854,9,15,102,188,20,0,11.33333333,8.888194417000001,34,0,12.53333333,14.54975045,32.20485307,2.66522922,391515.3913,1022586.417,3400358,3,6149112,768639.0,1435192.316,3444413,18,9004746,643196.1429,1263053.508,3400358,3,0,0,0,0,296,488,0.999460957,1.6657682619999998,0,34,11.6,12.489996,156.0,0,0,0,1,0,0,0,0,1,12.08333333,11.33333333,12.53333333,296,0,0,0,0,0,0,9,102,15,188,29200,227,6,32,0.0,0.0,0,0,0.0,0.0,0,0,BruteForce
246,2,1,14,0,14,0,7.0,9.899494937,0,0,0.0,0.0,56910.56911,12195.12195,123.0,90.50966799,187,59,246,246.0,0.0,246,246,0,0.0,0.0,0,0,1,0,0,0,64,20,8130.081301,4065.04065,0,14,7.0,8.082903769,65.33333333,0,1,0,0,1,0,0,0,0,9.333333333,7.0,0.0,64,0,0,0,0,0,0,2,14,1,0,229,0,0,32,0.0,0.0,0,0,0.0,0.0,0,0,BruteForce
313,2,1,14,0,14,0,7.0,9.899494937,0,0,0.0,0.0,44728.4345,9584.664537,156.5,103.9446968,230,83,313,313.0,0.0,313,313,0,0.0,0.0,0,0,1,0,0,0,64,20,6389.776358,3194.888179,0,14,7.0,8.082903769,65.33333333,0,1,0,0,1,0,0,0,0,9.333333333,7.0,0.0,64,0,0,0,0,0,0,2,14,1,0,229,0,0,32,0.0,0.0,0,0,0.0,0.0,0,0,BruteForce
4,2,0,14,0,14,0,7.0,9.899494937,0,0,0.0,0.0,3500000.0,500000.0,4.0,0.0,4,4,4,4.0,0.0,4,4,0,0.0,0.0,0,0,1,0,0,0,64,0,500000.0,0.0,0,14,9.333333333,8.082903769,65.33333333,0,1,0,0,1,0,0,0,0,14.0,7.0,0.0,64,0,0,0,0,0,0,2,14,0,0,229,-1,0,32,0.0,0.0,0,0,0.0,0.0,0,0,BruteForce
37,2,0,14,0,14,0,7.0,9.899494937,0,0,0.0,0.0,378378.3784,54054.05405,37.0,0.0,37,37,37,37.0,0.0,37,37,0,0.0,0.0,0,0,1,0,0,0,64,0,54054.05405,0.0,0,14,9.333333333,8.082903769,65.33333333,0,1,0,0,1,0,0,0,0,14.0,7.0,0.0,64,0,0,0,0,0,0,2,14,0,0,229,-1,0,32,0.0,0.0,0,0,0.0,0.0,0,0,BruteForce
3,2,0,14,0,14,0,7.0,9.899494937,0,0,0.0,0.0,4666666.6669999985,666666.6667,3.0,0.0,3,3,3,3.0,0.0,3,3,0,0.0,0.0,0,0,1,0,0,0,64,0,666666.6667,0.0,0,14,9.333333333,8.082903769,65.33333333,0,1,0,0,1,0,0,0,0,14.0,7.0,0.0,64,0,0,0,0,0,0,2,14,0,0,229,-1,0,32,0.0,0.0,0,0,0.0,0.0,0,0,BruteForce
234,2,1,14,0,14,0,7.0,9.899494937,0,0,0.0,0.0,59829.05983,12820.51282,117.0,43.84062043,148,86,234,234.0,0.0,234,234,0,0.0,0.0,0,0,1,0,0,0,64,20,8547.008547,4273.504274,0,14,7.0,8.082903769,65.33333333,0,1,0,0,1,0,0,0,0,9.333333333,7.0,0.0,64,0,0,0,0,0,0,2,14,1,0,229,0,0,32,0.0,0.0,0,0,0.0,0.0,0,0,BruteForce
3,2,0,14,0,14,0,7.0,9.899494937,0,0,0.0,0.0,4666666.6669999985,666666.6667,3.0,0.0,3,3,3,3.0,0.0,3,3,0,0.0,0.0,0,0,1,0,0,0,64,0,666666.6667,0.0,0,14,9.333333333,8.082903769,65.33333333,0,1,0,0,1,0,0,0,0,14.0,7.0,0.0,64,0,0,0,0,0,0,2,14,0,0,229,-1,0,32,0.0,0.0,0,0,0.0,0.0,0,0,BruteForce
9842700,9,15,99,188,26,0,11.0,9.055385138,34,0,12.53333333,14.54975045,29.15866581,2.438355329,427943.4783,1111549.97,3404716,3,6396363,799545.375,1475538.559,3228706,3,9842611,703043.6429,1372098.239,3404716,3,0,0,0,0,296,488,0.914383248,1.523972081,0,34,11.48,12.53368794,157.0933333,0,0,0,1,0,0,0,0,1,11.95833333,11.0,12.53333333,296,0,0,0,0,0,0,9,99,15,188,29200,227,6,32,0.0,0.0,0,0,0.0,0.0,0,0,BruteForce
9217472,9,15,102,188,22,0,11.33333333,8.94427191,34,0,12.53333333,14.54975045,31.46198871,2.60375079,400759.6522,1038606.943,3161535,1,6182961,772870.125,1426456.471,3209455,245,9217352,658382.2857,1281740.397,3161535,1,0,0,0,0,296,488,0.976406546,1.627344244,0,34,11.6,12.50333289,156.33333330000005,0,0,0,1,0,0,0,0,1,12.08333333,11.33333333,12.53333333,296,0,0,0,0,0,0,9,102,15,188,29200,227,6,32,0.0,0.0,0,0,0.0,0.0,0,0,BruteForce
9124929,9,15,109,188,24,0,12.11111111,9.829095132,34,0,12.53333333,14.54975045,32.54819846,2.630157451,396736.0435,1032190.077,3185249,1,5897213,737151.625,1367091.649,3149870,3,9124790,651770.7143,1274370.957,3185249,1,0,0,0,0,296,488,0.986309044,1.643848407,0,34,11.88,12.72242115,161.86,0,0,0,1,0,0,0,0,1,12.375,12.11111111,12.53333333,296,0,0,0,0,0,0,9,109,15,188,29200,227,6,32,0.0,0.0,0,0,0.0,0.0,0,0,BruteForce
245,2,1,14,0,14,0,7.0,9.899494937,0,0,0.0,0.0,57142.85714,12244.89796,122.5,36.06244584,148,97,245,245.0,0.0,245,245,0,0.0,0.0,0,0,1,0,0,0,64,20,8163.265306,4081.632653,0,14,7.0,8.082903769,65.33333333,0,1,0,0,1,0,0,0,0,9.333333333,7.0,0.0,64,0,0,0,0,0,0,2,14,1,0,229,0,0,32,0.0,0.0,0,0,0.0,0.0,0,0,BruteForce
4,2,0,14,0,14,0,7.0,9.899494937,0,0,0.0,0.0,3500000.0,500000.0,4.0,0.0,4,4,4,4.0,0.0,4,4,0,0.0,0.0,0,0,1,0,0,0,64,0,500000.0,0.0,0,14,9.333333333,8.082903769,65.33333333,0,1,0,0,1,0,0,0,0,14.0,7.0,0.0,64,0,0,0,0,0,0,2,14,0,0,229,-1,0,32,0.0,0.0,0,0,0.0,0.0,0,0,BruteForce
8993499,9,15,106,188,25,0,11.77777778,9.679589064,34,0,12.53333333,14.54975045,32.69027995,2.668594281,391021.6957,1016704.12,3208339,3,6256614,782076.75,1446078.752,3252528,247,8993400,642385.7143,1255164.976,3208339,3,0,0,0,0,296,488,1.000722855,1.667871426,0,34,11.76,12.68292816,160.85666669999995,0,0,0,1,0,0,0,0,1,12.25,11.77777778,12.53333333,296,0,0,0,0,0,0,9,106,15,188,29200,227,6,32,0.0,0.0,0,0,0.0,0.0,0,0,BruteForce
224,2,1,14,0,14,0,7.0,9.899494937,0,0,0.0,0.0,62500.0,13392.85714,112.0,35.35533906,137,87,224,224.0,0.0,224,224,0,0.0,0.0,0,0,1,0,0,0,64,20,8928.571429000001,4464.285714,0,14,7.0,8.082903769,65.33333333,0,1,0,0,1,0,0,0,0,9.333333333,7.0,0.0,64,0,0,0,0,0,0,2,14,1,0,229,0,0,32,0.0,0.0,0,0,0.0,0.0,0,0,BruteForce
214,2,1,14,0,14,0,7.0,9.899494937,0,0,0.0,0.0,65420.56075,14018.69159,107.0,33.9411255,131,83,214,214.0,0.0,214,214,0,0.0,0.0,0,0,1,0,0,0,64,20,9345.794393,4672.897196,0,14,7.0,8.082903769,65.33333333,0,1,0,0,1,0,0,0,0,9.333333333,7.0,0.0,64,0,0,0,0,0,0,2,14,1,0,229,0,0,32,0.0,0.0,0,0,0.0,0.0,0,0,BruteForce
8945572,9,15,100,188,26,0,11.11111111,9.116529554,34,0,12.53333333,14.54975045,32.19469923,2.6828916030000003,388937.91299999994,1011408.959,3124704,1,5778922,722365.25,1337501.408,3013481,1,8945480,638962.8571,1248644.06,3124704,3,0,0,0,0,296,488,1.006084351,1.676807252,0,34,11.52,12.54697839,157.4266667,0,0,0,1,0,0,0,0,1,12.0,11.11111111,12.53333333,296,0,0,0,0,0,0,9,100,15,188,29200,227,6,32,0.0,0.0,0,0,0.0,0.0,0,0,BruteForce
3,2,0,14,0,14,0,7.0,9.899494937,0,0,0.0,0.0,4666666.6669999985,666666.6667,3.0,0.0,3,3,3,3.0,0.0,3,3,0,0.0,0.0,0,0,1,0,0,0,64,0,666666.6667,0.0,0,14,9.333333333,8.082903769,65.33333333,0,1,0,0,1,0,0,0,0,14.0,7.0,0.0,64,0,0,0,0,0,0,2,14,0,0,229,-1,0,32,0.0,0.0,0,0,0.0,0.0,0,0,BruteForce
224,2,1,14,0,14,0,7.0,9.899494937,0,0,0.0,0.0,62500.0,13392.85714,112.0,41.01219331,141,83,224,224.0,0.0,224,224,0,0.0,0.0,0,0,1,0,0,0,64,20,8928.571429000001,4464.285714,0,14,7.0,8.082903769,65.33333333,0,1,0,0,1,0,0,0,0,9.333333333,7.0,0.0,64,0,0,0,0,0,0,2,14,1,0,229,0,0,32,0.0,0.0,0,0,0.0,0.0,0,0,BruteForce
9820620,9,15,106,188,26,0,11.77777778,9.601793814,34,0,12.53333333,14.54975045,29.93701009,2.443837558,426983.4783,1108196.472,3601248,1,6890239,861279.875,1581693.698,3645145,3,9820534,701466.7143,1367841.633,3601248,1,0,0,0,0,296,488,0.916439084,1.527398474,0,34,11.76,12.66320128,160.35666669999995,0,0,0,1,0,0,0,0,1,12.25,11.77777778,12.53333333,296,0,0,0,0,0,0,9,106,15,188,29200,227,6,32,0.0,0.0,0,0,0.0,0.0,0,0,BruteForce
8766605,9,15,103,188,24,0,11.44444444,9.153020145,34,0,12.53333333,14.54975045,33.19414984,2.737661843,381156.7391,995818.8783,3324653,3,5989447,748680.875,1398806.7340000002,3367136,3,8766485,626177.5,1230030.395,3324653,3,0,0,0,0,296,488,1.026623191,1.7110386519999998,0,34,11.64,12.55282173,157.5733333,0,0,0,1,0,0,0,0,1,12.125,11.44444444,12.53333333,296,0,0,0,0,0,0,9,103,15,188,29200,227,6,32,0.0,0.0,0,0,0.0,0.0,0,0,BruteForce
237,2,1,14,0,14,0,7.0,9.899494937,0,0,0.0,0.0,59071.72996,12658.22785,118.5,96.87362902,187,50,237,237.0,0.0,237,237,0,0.0,0.0,0,0,1,0,0,0,64,20,8438.818565000001,4219.409283,0,14,7.0,8.082903769,65.33333333,0,1,0,0,1,0,0,0,0,9.333333333,7.0,0.0,64,0,0,0,0,0,0,2,14,1,0,229,0,0,32,0.0,0.0,0,0,0.0,0.0,0,0,BruteForce
9320804,9,15,99,188,21,0,11.0,8.5732141,34,0,12.53333333,14.54975045,30.79133517,2.574885171,405252.3478,1055753.006,3297098,3,6092661,761582.625,1416981.954,3344168,3,9320679,665762.7857,1303651.459,3297098,3,0,0,0,0,296,488,0.965581939,1.6093032319999998,0,34,11.48,12.42014493,154.26,0,0,0,1,0,0,0,0,1,11.95833333,11.0,12.53333333,296,0,0,0,0,0,0,9,99,15,188,29200,227,6,32,0.0,0.0,0,0,0.0,0.0,0,0,BruteForce
9565739,9,15,110,188,26,0,12.22222222,10.05954494,34,0,12.53333333,14.54975045,31.15284663,2.508954091,415901.6957,1081591.598,3300478,1,6479334,809916.75,1498771.762,3342226,212,9565622,683258.7143,1335297.328,3300478,1,0,0,0,0,296,488,0.940857784,1.5680963069999998,0,34,11.92,12.78319209,163.41,0,0,0,1,0,0,0,0,1,12.41666667,12.22222222,12.53333333,296,0,0,0,0,0,0,9,110,15,188,29200,227,6,32,0.0,0.0,0,0,0.0,0.0,0,0,BruteForce
3,2,0,14,0,14,0,7.0,9.899494937,0,0,0.0,0.0,4666666.6669999985,666666.6667,3.0,0.0,3,3,3,3.0,0.0,3,3,0,0.0,0.0,0,0,1,0,0,0,64,0,666666.6667,0.0,0,14,9.333333333,8.082903769,65.33333333,0,1,0,0,1,0,0,0,0,14.0,7.0,0.0,64,0,0,0,0,0,0,2,14,0,0,229,-1,0,32,0.0,0.0,0,0,0.0,0.0,0,0,BruteForce
9392580,9,15,103,188,24,0,11.44444444,9.180292903,34,0,12.53333333,14.54975045,30.98190274,2.555208473,408373.0435,1063406.078,3342290,3,6519602,814950.25,1508670.5569999998,3384983,3,9392460,670890.0,1313036.662,3342290,3,0,0,0,0,296,488,0.958203177,1.597005296,0,34,11.64,12.55945859,157.74,0,0,0,1,0,0,0,0,1,12.125,11.44444444,12.53333333,296,0,0,0,0,0,0,9,103,15,188,29200,227,6,32,0.0,0.0,0,0,0.0,0.0,0,0,BruteForce
9154813,9,15,104,188,26,0,11.55555556,9.475113602,34,0,12.53333333,14.54975045,31.89579077,2.621571844,398035.3478,1038965.033,3336593,3,6028230,753528.75,1407444.86,3383640,18,9154734,653909.5714,1283194.278,3336593,3,0,0,0,0,296,488,0.983089442,1.638482403,0,34,11.68,12.63170614,159.56,0,0,0,1,0,0,0,0,1,12.16666667,11.55555556,12.53333333,296,0,0,0,0,0,0,9,104,15,188,29200,227,6,32,0.0,0.0,0,0,0.0,0.0,0,0,BruteForce
9666670,9,15,107,188,23,0,11.88888889,9.584420228,34,0,12.53333333,14.54975045,30.51723086,2.482757765,420290.0,1092742.338,3323394,0,6480003,810000.375,1499346.522,3364988,1,9666476,690462.5714,1349031.55,3323394,0,0,0,0,0,296,488,0.931034162,1.551723603,0,34,11.8,12.6589889,160.25,0,0,0,1,0,0,0,0,1,12.29166667,11.88888889,12.53333333,296,0,0,0,0,0,0,9,107,15,188,29200,227,6,32,0.0,0.0,0,0,0.0,0.0,0,0,BruteForce
9451482,9,15,105,188,27,0,11.66666667,9.733961167,34,0,12.53333333,14.54975045,31.00042935,2.539284315,410934.0,1067006.311,3319291,1,6344325,793040.625,1466197.082,3363651,314,9451379,675098.5,1317063.487,3319291,1,0,0,0,0,296,488,0.952231618,1.5870526969999998,0,34,11.72,12.69685,161.21,0,0,0,1,0,0,0,0,1,12.20833333,11.66666667,12.53333333,296,0,0,0,0,0,0,9,105,15,188,29200,227,6,32,0.0,0.0,0,0,0.0,0.0,0,0,BruteForce
8699186,9,15,106,188,27,0,11.77777778,9.705382241,34,0,12.53333333,14.54975045,33.79626554,2.758878819,378225.4783,982804.7349,3111606,1,6061937,757742.125,1400667.146,3156226,151,8698962,621354.4286,1213235.637,3111606,1,0,0,0,0,296,488,1.034579557,1.724299262,0,34,11.76,12.68949697,161.02333330000005,0,0,0,1,0,0,0,0,1,12.25,11.77777778,12.53333333,296,0,0,0,0,0,0,9,106,15,188,29200,227,6,32,0.0,0.0,0,0,0.0,0.0,0,0,BruteForce
8791675,9,15,98,188,22,0,10.88888889,8.550503559,34,0,12.53333333,14.54975045,32.53077485,2.729855232,382246.7391,982533.7199,3112743,1,6149844,768730.5,1395182.49,3156686,246,8791441,627960.0714,1211431.88,3112743,1,0,0,0,0,296,488,1.023695712,1.70615952,0,34,11.44,12.41665548,154.1733333,0,0,0,1,0,0,0,0,1,11.91666667,10.88888889,12.53333333,296,0,0,0,0,0,0,9,98,15,188,29200,227,6,32,0.0,0.0,0,0,0.0,0.0,0,0,BruteForce
229,2,1,14,0,14,0,7.0,9.899494937,0,0,0.0,0.0,61135.37118,13100.43668,114.5,31.81980515,137,92,229,229.0,0.0,229,229,0,0.0,0.0,0,0,1,0,0,0,64,20,8733.624454,4366.812227,0,14,7.0,8.082903769,65.33333333,0,1,0,0,1,0,0,0,0,9.333333333,7.0,0.0,64,0,0,0,0,0,0,2,14,1,0,229,0,0,32,0.0,0.0,0,0,0.0,0.0,0,0,BruteForce
3,2,0,14,0,14,0,7.0,9.899494937,0,0,0.0,0.0,4666666.6669999985,666666.6667,3.0,0.0,3,3,3,3.0,0.0,3,3,0,0.0,0.0,0,0,1,0,0,0,64,0,666666.6667,0.0,0,14,9.333333333,8.082903769,65.33333333,0,1,0,0,1,0,0,0,0,14.0,7.0,0.0,64,0,0,0,0,0,0,2,14,0,0,229,-1,0,32,0.0,0.0,0,0,0.0,0.0,0,0,BruteForce
9185490,9,15,107,188,30,0,11.88888889,10.20348524,34,0,12.53333333,14.54975045,32.1158697,2.6128165180000003,399369.1304,1036829.386,3127650,3,6268358,783544.75,1448011.488,3169576,249,9185335,656095.3571,1279797.531,3127650,3,0,0,0,0,296,488,0.979806194,1.633010324,0,34,11.8,12.81925635,164.33333330000005,0,0,0,1,0,0,0,0,1,12.29166667,11.88888889,12.53333333,296,0,0,0,0,0,0,9,107,15,188,29200,227,6,32,0.0,0.0,0,0,0.0,0.0,0,0,BruteForce
8950918,9,15,100,188,26,0,11.11111111,9.116529554,34,0,12.53333333,14.54975045,32.17547072,2.681289226,389170.3478,1012423.452,3128637,4,5780056,722507.0,1340324.73,3087751,224,8950826,639344.7143,1249952.31,3128637,4,0,0,0,0,296,488,1.00548346,1.675805767,0,34,11.52,12.54697839,157.4266667,0,0,0,1,0,0,0,0,1,12.0,11.11111111,12.53333333,296,0,0,0,0,0,0,9,100,15,188,29200,227,6,32,0.0,0.0,0,0,0.0,0.0,0,0,BruteForce
48,2,0,14,0,14,0,7.0,9.899494937,0,0,0.0,0.0,291666.6667,41666.66667,48.0,0.0,48,48,48,48.0,0.0,48,48,0,0.0,0.0,0,0,1,0,0,0,64,0,41666.66667,0.0,0,14,9.333333333,8.082903769,65.33333333,0,1,0,0,1,0,0,0,0,14.0,7.0,0.0,64,0,0,0,0,0,0,2,14,0,0,229,-1,0,32,0.0,0.0,0,0,0.0,0.0,0,0,BruteForce
309,2,1,14,0,14,0,7.0,9.899494937,0,0,0.0,0.0,45307.44337,9708.737864,154.5,142.12846299999995,255,54,309,309.0,0.0,309,309,0,0.0,0.0,0,0,1,0,0,0,64,20,6472.491909,3236.245955,0,14,7.0,8.082903769,65.33333333,0,1,0,0,1,0,0,0,0,9.333333333,7.0,0.0,64,0,0,0,0,0,0,2,14,1,0,229,0,0,32,0.0,0.0,0,0,0.0,0.0,0,0,BruteForce
4,2,0,14,0,14,0,7.0,9.899494937,0,0,0.0,0.0,3500000.0,500000.0,4.0,0.0,4,4,4,4.0,0.0,4,4,0,0.0,0.0,0,0,1,0,0,0,64,0,500000.0,0.0,0,14,9.333333333,8.082903769,65.33333333,0,1,0,0,1,0,0,0,0,14.0,7.0,0.0,64,0,0,0,0,0,0,2,14,0,0,229,-1,0,32,0.0,0.0,0,0,0.0,0.0,0,0,BruteForce
9236119,9,15,108,188,23,0,12.0,9.656603958,34,0,12.53333333,14.54975045,32.04809293,2.598494021,401570.3913,1043060.211,3144178,3,6305181,788147.625,1457826.572,3188320,251,9236004,659714.5714,1287556.445,3144178,3,0,0,0,0,296,488,0.974435258,1.624058763,0,34,11.84,12.67767066,160.7233333,0,0,0,1,0,0,0,0,1,12.33333333,12.0,12.53333333,296,0,0,0,0,0,0,9,108,15,188,29200,227,6,32,0.0,0.0,0,0,0.0,0.0,0,0,BruteForce
9875798,9,15,102,188,22,0,11.33333333,9.055385138,34,0,12.53333333,14.54975045,29.36471564,2.4301833630000003,429382.5217,1117159.329,3519827,3,6689081,836135.125,1548995.3169999996,3560832,273,9875677,705405.5,1379278.392,3519827,3,0,0,0,0,296,488,0.911318761,1.5188646019999998,0,34,11.6,12.52996409,157.0,0,0,0,1,0,0,0,0,1,12.08333333,11.33333333,12.53333333,296,0,0,0,0,0,0,9,102,15,188,29200,227,6,32,0.0,0.0,0,0,0.0,0.0,0,0,BruteForce
211,2,1,14,0,14,0,7.0,9.899494937,0,0,0.0,0.0,66350.7109,14218.00948,105.5,24.74873734,123,88,211,211.0,0.0,211,211,0,0.0,0.0,0,0,1,0,0,0,64,20,9478.672986,4739.336493,0,14,7.0,8.082903769,65.33333333,0,1,0,0,1,0,0,0,0,9.333333333,7.0,0.0,64,0,0,0,0,0,0,2,14,1,0,229,0,0,32,0.0,0.0,0,0,0.0,0.0,0,0,BruteForce
8205210,9,15,101,188,22,0,11.22222222,8.913161305,34,0,12.53333333,14.54975045,35.22152389,2.924970842,356748.2609,924697.1961,2911410,1,5509109,688638.625,1274345.588,2953203,4,8205114,586079.5714,1141186.763,2911410,1,0,0,0,0,296,488,1.096864066,1.828106776,0,34,11.56,12.49693296,156.1733333,0,0,0,1,0,0,0,0,1,12.04166667,11.22222222,12.53333333,296,0,0,0,0,0,0,9,101,15,188,29200,227,6,32,0.0,0.0,0,0,0.0,0.0,0,0,BruteForce
8601971,9,15,99,188,21,0,11.0,8.587782019,34,0,12.53333333,14.54975045,33.36444636,2.790058232,373998.7391,971424.6071,3040754,3,5771305,721413.125,1338582.844,3088297,3,8601852,614418.0,1199127.629,3040754,3,0,0,0,0,296,488,1.046271837,1.743786395,0,34,11.48,12.42349924,154.3433333,0,0,0,1,0,0,0,0,1,11.95833333,11.0,12.53333333,296,0,0,0,0,0,0,9,99,15,188,29200,227,6,32,0.0,0.0,0,0,0.0,0.0,0,0,BruteForce
223,2,1,14,0,14,0,7.0,9.899494937,0,0,0.0,0.0,62780.26906000001,13452.9148,111.5,92.63098834,177,46,223,223.0,0.0,223,223,0,0.0,0.0,0,0,1,0,0,0,64,20,8968.609865,4484.3049329999985,0,14,7.0,8.082903769,65.33333333,0,1,0,0,1,0,0,0,0,9.333333333,7.0,0.0,64,0,0,0,0,0,0,2,14,1,0,229,0,0,32,0.0,0.0,0,0,0.0,0.0,0,0,BruteForce
228,2,1,14,0,14,0,7.0,9.899494937,0,0,0.0,0.0,61403.50877000001,13157.89474,114.0,53.74011537,152,76,228,228.0,0.0,228,228,0,0.0,0.0,0,0,1,0,0,0,64,20,8771.929825,4385.9649119999995,0,14,7.0,8.082903769,65.33333333,0,1,0,0,1,0,0,0,0,9.333333333,7.0,0.0,64,0,0,0,0,0,0,2,14,1,0,229,0,0,32,0.0,0.0,0,0,0.0,0.0,0,0,BruteForce
9345282,9,15,110,188,29,0,12.22222222,10.28078034,34,0,12.53333333,14.54975045,31.88774828,2.568140801,406316.6087,1044055.175,3222040,4,6081949,760243.625,1377617.957,3124394,229,9345168,667512.0,1287232.681,3222040,4,0,0,0,0,296,488,0.9630528,1.605088001,0,34,11.92,12.84172886,164.91,0,0,0,1,0,0,0,0,1,12.41666667,12.22222222,12.53333333,296,0,0,0,0,0,0,9,110,15,188,29200,227,6,32,0.0,0.0,0,0,0.0,0.0,0,0,BruteForce
274,2,1,14,0,14,0,7.0,9.899494937,0,0,0.0,0.0,51094.89051000001,10948.90511,137.0,26.87005769,156,118,274,274.0,0.0,274,274,0,0.0,0.0,0,0,1,0,0,0,64,20,7299.270073000002,3649.635036,0,14,7.0,8.082903769,65.33333333,0,1,0,0,1,0,0,0,0,9.333333333,7.0,0.0,64,0,0,0,0,0,0,2,14,1,0,229,0,0,32,0.0,0.0,0,0,0.0,0.0,0,0,BruteForce
10041996,9,15,108,188,27,0,12.0,10.03742995,34,0,12.53333333,14.54975045,29.4762117,2.389963111,436608.5217,1135306.851,3537982,3,6458141,807267.625,1493294.4330000004,3285013,211,10000000,717276.7143,1401594.012,3537982,3,0,0,0,0,296,488,0.8962361670000001,1.493726944,0,34,11.84,12.77588875,163.2233333,0,0,0,1,0,0,0,0,1,12.33333333,12.0,12.53333333,296,0,0,0,0,0,0,9,108,15,188,29200,227,6,32,0.0,0.0,0,0,0.0,0.0,0,0,BruteForce
200,2,1,14,0,14,0,7.0,9.899494937,0,0,0.0,0.0,70000.0,15000.0,100.0,32.52691193,123,77,200,200.0,0.0,200,200,0,0.0,0.0,0,0,1,0,0,0,64,20,10000.0,5000.0,0,14,7.0,8.082903769,65.33333333,0,1,0,0,1,0,0,0,0,9.333333333,7.0,0.0,64,0,0,0,0,0,0,2,14,1,0,229,0,0,32,0.0,0.0,0,0,0.0,0.0,0,0,BruteForce
8537768,9,15,107,188,23,0,11.88888889,9.584420228,34,0,12.53333333,14.54975045,34.55235607,2.811039138,371207.3043,972674.1248,3251324,3,6170710,771338.75,1430952.4430000002,3293008,4,8537717,609836.9286,1201822.7,3251324,3,0,0,0,0,296,488,1.054139677,1.756899461,0,34,11.8,12.6589889,160.25,0,0,0,1,0,0,0,0,1,12.29166667,11.88888889,12.53333333,296,0,0,0,0,0,0,9,107,15,188,29200,227,6,32,0.0,0.0,0,0,0.0,0.0,0,0,BruteForce
4,2,0,14,0,14,0,7.0,9.899494937,0,0,0.0,0.0,3500000.0,500000.0,4.0,0.0,4,4,4,4.0,0.0,4,4,0,0.0,0.0,0,0,1,0,0,0,64,0,500000.0,0.0,0,14,9.333333333,8.082903769,65.33333333,0,1,0,0,1,0,0,0,0,14.0,7.0,0.0,64,0,0,0,0,0,0,2,14,0,0,229,-1,0,32,0.0,0.0,0,0,0.0,0.0,0,0,BruteForce
222,2,1,14,0,14,0,7.0,9.899494937,0,0,0.0,0.0,63063.06306,13513.51351,111.0,76.36753237,165,57,222,222.0,0.0,222,222,0,0.0,0.0,0,0,1,0,0,0,64,20,9009.009009,4504.504505,0,14,7.0,8.082903769,65.33333333,0,1,0,0,1,0,0,0,0,9.333333333,7.0,0.0,64,0,0,0,0,0,0,2,14,1,0,229,0,0,32,0.0,0.0,0,0,0.0,0.0,0,0,BruteForce
8391062,9,15,104,188,23,0,11.55555556,9.355628134,34,0,12.53333333,14.54975045,34.79893248,2.860186231,364828.7826,951178.0975,3087580,3,5519184,689898.0,1290521.061,3128960,3,8390931,599352.2143,1174623.166,3087580,3,0,0,0,0,296,488,1.072569837,1.787616395,0,34,11.68,12.60198397,158.81,0,0,0,1,0,0,0,0,1,12.16666667,11.55555556,12.53333333,296,0,0,0,0,0,0,9,104,15,188,29200,227,6,32,0.0,0.0,0,0,0.0,0.0,0,0,BruteForce
233,2,1,14,0,14,0,7.0,9.899494937,0,0,0.0,0.0,60085.83691000001,12875.53648,116.5,36.06244584,142,91,233,233.0,0.0,233,233,0,0.0,0.0,0,0,1,0,0,0,64,20,8583.690987,4291.845494,0,14,7.0,8.082903769,65.33333333,0,1,0,0,1,0,0,0,0,9.333333333,7.0,0.0,64,0,0,0,0,0,0,2,14,1,0,229,0,0,32,0.0,0.0,0,0,0.0,0.0,0,0,BruteForce
241,2,1,14,0,14,0,7.0,9.899494937,0,0,0.0,0.0,58091.28631,12448.13278,120.5,92.63098834,186,55,241,241.0,0.0,241,241,0,0.0,0.0,0,0,1,0,0,0,64,20,8298.755187,4149.377593,0,14,7.0,8.082903769,65.33333333,0,1,0,0,1,0,0,0,0,9.333333333,7.0,0.0,64,0,0,0,0,0,0,2,14,1,0,229,0,0,32,0.0,0.0,0,0,0.0,0.0,0,0,BruteForce
8734194,9,15,107,188,24,0,11.88888889,9.649409884,34,0,12.53333333,14.54975045,33.77529741,2.7478208060000004,379747.5652,991762.4949,3260221,3,6207197,775899.625,1438962.012,3304900,4,8734085,623863.2143,1224968.062,3260221,3,0,0,0,0,296,488,1.030432802,1.717388004,0,34,11.8,12.67543556,160.66666669999995,0,0,0,1,0,0,0,0,1,12.29166667,11.88888889,12.53333333,296,0,0,0,0,0,0,9,107,15,188,29200,227,6,32,0.0,0.0,0,0,0.0,0.0,0,0,BruteForce
8584832,9,15,104,188,23,0,11.55555556,9.221050796,34,0,12.53333333,14.54975045,34.01347866,2.795628383,373253.5652,977135.5604,3260545,4,6206144,775768.0,1437590.705,3303501,19,8584722,613194.4286,1207216.097,3260545,4,0,0,0,0,296,488,1.048360644,1.747267739,0,34,11.68,12.56887691,157.97666669999995,0,0,0,1,0,0,0,0,1,12.16666667,11.55555556,12.53333333,296,0,0,0,0,0,0,9,104,15,188,29200,227,6,32,0.0,0.0,0,0,0.0,0.0,0,0,BruteForce
3,2,0,14,0,14,0,7.0,9.899494937,0,0,0.0,0.0,4666666.6669999985,666666.6667,3.0,0.0,3,3,3,3.0,0.0,3,3,0,0.0,0.0,0,0,1,0,0,0,64,0,666666.6667,0.0,0,14,9.333333333,8.082903769,65.33333333,0,1,0,0,1,0,0,0,0,14.0,7.0,0.0,64,0,0,0,0,0,0,2,14,0,0,229,-1,0,32,0.0,0.0,0,0,0.0,0.0,0,0,BruteForce
198,2,1,14,0,14,0,7.0,9.899494937,0,0,0.0,0.0,70707.07071,15151.51515,99.0,70.71067812,149,49,198,198.0,0.0,198,198,0,0.0,0.0,0,0,1,0,0,0,64,20,10101.0101,5050.505051,0,14,7.0,8.082903769,65.33333333,0,1,0,0,1,0,0,0,0,9.333333333,7.0,0.0,64,0,0,0,0,0,0,2,14,1,0,229,0,0,32,0.0,0.0,0,0,0.0,0.0,0,0,BruteForce
8465700,9,15,105,188,23,0,11.66666667,9.354143467,34,0,12.53333333,14.54975045,34.61025078,2.834969347,368073.91299999994,949827.8399,2985392,3,5695712,711964.0,1307430.46,3027976,3,8465583,604684.5,1171619.602,2985392,4,0,0,0,0,296,488,1.063113505,1.771855842,0,34,11.72,12.60132268,158.7933333,0,0,0,1,0,0,0,0,1,12.20833333,11.66666667,12.53333333,296,0,0,0,0,0,0,9,105,15,188,29200,227,6,32,0.0,0.0,0,0,0.0,0.0,0,0,BruteForce
7955690,9,15,105,188,24,0,11.66666667,9.354143467,34,0,12.53333333,14.54975045,36.82898655,3.016708796,345899.5652,895889.0005,2751820,3,5338755,667344.375,1235677.1,2795783,3,7955643,568260.2143,1105537.137,2751820,3,0,0,0,0,296,488,1.131265798,1.885442997,0,34,11.72,12.60132268,158.7933333,0,0,0,1,0,0,0,0,1,12.20833333,11.66666667,12.53333333,296,0,0,0,0,0,0,9,105,15,188,29200,227,6,32,0.0,0.0,0,0,0.0,0.0,0,0,BruteForce
3,2,0,14,0,14,0,7.0,9.899494937,0,0,0.0,0.0,4666666.666999999,666666.6667,3.0,0.0,3,3,3,3.0,0.0,3,3,0,0.0,0.0,0,0,1,0,0,0,64,0,666666.6667,0.0,0,14,9.333333333,8.082903769,65.33333333,0,1,0,0,1,0,0,0,0,14.0,7.0,0.0,64,0,0,0,0,0,0,2,14,0,0,229,-1,0,32,0.0,0.0,0,0,0.0,0.0,0,0,BruteForce
8208472,9,15,101,188,23,0,11.22222222,8.885068624,34,0,12.53333333,14.54975045,35.20752705,2.923808475,356890.08700000006,924473.6988,2812832,3,5671879,708984.875,1307410.898,2855610,238,8208326,586309.0,1140831.11,2812832,3,0,0,0,0,296,488,1.096428178,1.827380297,0,34,11.56,12.49026287,156.00666669999995,0,0,0,1,0,0,0,0,1,12.04166667,11.22222222,12.53333333,296,0,0,0,0,0,0,9,101,15,188,29200,227,6,32,0.0,0.0,0,0,0.0,0.0,0,0,BruteForce
7992335,9,15,105,188,26,0,11.66666667,9.591663047,34,0,12.53333333,14.54975045,36.66012498,3.002877132,347492.8261,901136.9312,2810937,3,5456284,682035.5,1262735.345,2852909,48,7992167,570869.0714,1112171.531,2810937,3,0,0,0,0,296,488,1.126078924,1.876798207,0,34,11.72,12.66070035,160.2933333,0,0,0,1,0,0,0,0,1,12.20833333,11.66666667,12.53333333,296,0,0,0,0,0,0,9,105,15,188,29200,227,6,32,0.0,0.0,0,0,0.0,0.0,0,0,BruteForce
4,2,0,14,0,14,0,7.0,9.899494937,0,0,0.0,0.0,3500000.0,500000.0,4.0,0.0,4,4,4,4.0,0.0,4,4,0,0.0,0.0,0,0,1,0,0,0,64,0,500000.0,0.0,0,14,9.333333333,8.082903769,65.33333333,0,1,0,0,1,0,0,0,0,14.0,7.0,0.0,64,0,0,0,0,0,0,2,14,0,0,229,-1,0,32,0.0,0.0,0,0,0.0,0.0,0,0,BruteForce
218,2,1,14,0,14,0,7.0,9.899494937,0,0,0.0,0.0,64220.18349,13761.46789,109.0,25.45584412,127,91,218,218.0,0.0,218,218,0,0.0,0.0,0,0,1,0,0,0,64,20,9174.311927,4587.155963,0,14,7.0,8.082903769,65.33333333,0,1,0,0,1,0,0,0,0,9.333333333,7.0,0.0,64,0,0,0,0,0,0,2,14,1,0,229,0,0,32,0.0,0.0,0,0,0.0,0.0,0,0,BruteForce
1,2,0,14,0,14,0,7.0,9.899494937,0,0,0.0,0.0,14000000.0,2000000.0,1.0,0.0,1,1,1,1.0,0.0,1,1,0,0.0,0.0,0,0,1,0,0,0,64,0,2000000.0,0.0,0,14,9.333333333,8.082903769,65.33333333,0,1,0,0,1,0,0,0,0,14.0,7.0,0.0,64,0,0,0,0,0,0,2,14,0,0,229,-1,0,32,0.0,0.0,0,0,0.0,0.0,0,0,BruteForce
8838744,9,15,110,188,24,0,12.22222222,9.934507761,34,0,12.53333333,14.54975045,33.71519754,2.715317923,384293.2174,1007750.313,3456114,1,6259494,782436.75,1460475.303,3499387,3,8838667,631333.3571,1245269.104,3456114,1,0,0,0,0,296,488,1.018244221,1.697073702,0,34,11.92,12.75055554,162.5766667,0,0,0,1,0,0,0,0,1,12.41666667,12.22222222,12.53333333,296,0,0,0,0,0,0,9,110,15,188,29200,227,6,32,0.0,0.0,0,0,0.0,0.0,0,0,BruteForce
1,2,0,14,0,14,0,7.0,9.899494937,0,0,0.0,0.0,14000000.0,2000000.0,1.0,0.0,1,1,1,1.0,0.0,1,1,0,0.0,0.0,0,0,1,0,0,0,64,0,2000000.0,0.0,0,14,9.333333333,8.082903769,65.33333333,0,1,0,0,1,0,0,0,0,14.0,7.0,0.0,64,0,0,0,0,0,0,2,14,0,0,229,-1,0,32,0.0,0.0,0,0,0.0,0.0,0,0,BruteForce
8524418,9,15,101,188,22,0,11.22222222,8.913161305,34,0,12.53333333,14.54975045,33.90260778,2.815441476,370626.8696,962790.2119,2987334,2,5496043,687005.375,1271985.308,2872968,2,8524271,608876.5,1188488.269,2987334,3,0,0,0,0,296,488,1.055790554,1.759650923,0,34,11.56,12.49693296,156.1733333,0,0,0,1,0,0,0,0,1,12.04166667,11.22222222,12.53333333,296,0,0,0,0,0,0,9,101,15,188,29200,227,6,32,0.0,0.0,0,0,0.0,0.0,0,0,BruteForce
8370261,9,15,103,188,22,0,11.44444444,9.070709883,34,0,12.53333333,14.54975045,34.76594099,2.867294102,363924.3913,944243.3025,2964969,3,5618313,702289.125,1300831.9740000002,3007333,3,8370150,597867.8571,1165438.002,2964969,3,0,0,0,0,296,488,1.075235288,1.792058814,0,34,11.64,12.53289006,157.0733333,0,0,0,1,0,0,0,0,1,12.125,11.44444444,12.53333333,296,0,0,0,0,0,0,9,103,15,188,29200,227,6,32,0.0,0.0,0,0,0.0,0.0,0,0,BruteForce
4,2,0,14,0,14,0,7.0,9.899494937,0,0,0.0,0.0,3500000.0,500000.0,4.0,0.0,4,4,4,4.0,0.0,4,4,0,0.0,0.0,0,0,1,0,0,0,64,0,500000.0,0.0,0,14,9.333333333,8.082903769,65.33333333,0,1,0,0,1,0,0,0,0,14.0,7.0,0.0,64,0,0,0,0,0,0,2,14,0,0,229,-1,0,32,0.0,0.0,0,0,0.0,0.0,0,0,BruteForce
8673749,9,15,105,188,22,0,11.66666667,9.273618495,34,0,12.53333333,14.54975045,33.78008748,2.766969623,377119.5217,980084.2524,3141461,3,5802137,725267.125,1345948.7759999998,3184800,3,8673651,619546.5,1209891.8390000002,3141461,48,0,0,0,0,296,488,1.037613609,1.7293560140000002,0,34,11.72,12.58146785,158.2933333,0,0,0,1,0,0,0,0,1,12.20833333,11.66666667,12.53333333,296,0,0,0,0,0,0,9,105,15,188,29200,227,6,32,0.0,0.0,0,0,0.0,0.0,0,0,BruteForce
191,2,2,14,0,14,0,7.0,9.899494937,0,0,0.0,0.0,73298.42932000001,20942.40838,63.66666667,28.58904219,95,39,191,191.0,0.0,191,191,39,39.0,0.0,39,39,1,0,0,0,64,40,10471.20419,10471.20419,0,14,5.6,7.668115805,58.8,0,1,0,0,1,0,0,0,1,7.0,7.0,0.0,64,0,0,0,0,0,0,2,14,2,0,229,0,0,32,0.0,0.0,0,0,0.0,0.0,0,0,BruteForce
9004437,9,15,117,188,32,0,13.0,11.29158979,34,0,12.53333333,14.54975045,33.872189899999995,2.6653526480000003,391497.2609,1016932.467,3140589,3,5821305,727663.125,1345971.881,3030840,141,9004364,643168.8571,1255308.954,3140589,3,0,0,0,0,296,488,0.999507243,1.665845405,0,34,12.2,13.13392554,172.5,0,0,0,1,0,0,0,0,1,12.70833333,13.0,12.53333333,296,0,0,0,0,0,0,9,117,15,188,29200,227,6,32,0.0,0.0,0,0,0.0,0.0,0,0,BruteForce
8999054,9,15,109,188,28,0,12.11111111,10.08023368,34,0,12.53333333,14.54975045,33.00346903,2.6669469919999997,391263.2174,1016990.28,3139144,3,5816424,727053.0,1346145.115,3033271,3,8998971,642783.6429,1255471.329,3139144,3,0,0,0,0,296,488,1.000105122,1.66684187,0,34,11.88,12.78775456,163.5266667,0,0,0,1,0,0,0,0,1,12.375,12.11111111,12.53333333,296,0,0,0,0,0,0,9,109,15,188,29200,227,6,32,0.0,0.0,0,0,0.0,0.0,0,0,BruteForce
8424276,9,15,102,188,22,0,11.33333333,9.055385138,34,0,12.53333333,14.54975045,34.42432323,2.848909509,366272.8696,950757.0369,2981649,3,5652664,706583.0,1310812.729,3028562,3,8424177,601726.9286,1173535.421,2981649,4,0,0,0,0,296,488,1.068341066,1.7805684430000002,0,34,11.6,12.52996409,157.0,0,0,0,1,0,0,0,0,1,12.08333333,11.33333333,12.53333333,296,0,0,0,0,0,0,9,102,15,188,29200,227,6,32,0.0,0.0,0,0,0.0,0.0,0,0,BruteForce
251,2,1,14,0,14,0,7.0,9.899494937,0,0,0.0,0.0,55776.89242999999,11952.19124,125.5,96.87362902,194,57,251,251.0,0.0,251,251,0,0.0,0.0,0,0,1,0,0,0,64,20,7968.127490000003,3984.063745,0,14,7.0,8.082903769,65.33333333,0,1,0,0,1,0,0,0,0,9.333333333,7.0,0.0,64,0,0,0,0,0,0,2,14,1,0,229,0,0,32,0.0,0.0,0,0,0.0,0.0,0,0,BruteForce
8789227,9,15,104,188,27,0,11.55555556,9.567015092,34,0,12.53333333,14.54975045,33.2224893,2.730615559,382140.3043,974336.4223,3166001,2,6173730,771716.25,1381275.43,3207644,2,8789102,627793.0,1200215.926,3166001,3,0,0,0,0,296,488,1.023980835,1.706634725,0,34,11.68,12.65477512,160.14333330000005,0,0,0,1,0,0,0,0,1,12.16666667,11.55555556,12.53333333,296,0,0,0,0,0,0,9,104,15,188,29200,227,6,32,0.0,0.0,0,0,0.0,0.0,0,0,BruteForce
9059489,9,15,108,188,23,0,12.0,9.682458366,34,0,12.53333333,14.54975045,32.67292449,2.64915604,393890.8261,1022238.579,3156936,3,5857300,732162.5,1352223.791,3049042,174,9059366,647097.5714,1261737.254,3156936,3,0,0,0,0,296,488,0.993433515,1.655722525,0,34,11.84,12.68424219,160.89,0,0,0,1,0,0,0,0,1,12.33333333,12.0,12.53333333,296,0,0,0,0,0,0,9,108,15,188,29200,227,6,32,0.0,0.0,0,0,0.0,0.0,0,0,BruteForce
2,2,0,14,0,14,0,7.0,9.899494937,0,0,0.0,0.0,7000000.0,1000000.0,2.0,0.0,2,2,2,2.0,0.0,2,2,0,0.0,0.0,0,0,1,0,0,0,64,0,1000000.0,0.0,0,14,9.333333333,8.082903769,65.33333333,0,1,0,0,1,0,0,0,0,14.0,7.0,0.0,64,0,0,0,0,0,0,2,14,0,0,229,-1,0,32,0.0,0.0,0,0,0.0,0.0,0,0,BruteForce
8930775,9,15,113,188,29,0,12.55555556,10.60791109,34,0,12.53333333,14.54975045,33.70368193,2.687336765,388294.5652,1010162.102,3184705,1,5884031,735503.875,1365723.199,3228189,1,8930649,637903.5,1247164.944,3184705,3,0,0,0,0,296,488,1.007751287,1.679585478,0,34,12.04,12.93406355,167.29,0,0,0,1,0,0,0,0,1,12.54166667,12.55555556,12.53333333,296,0,0,0,0,0,0,9,113,15,188,29200,227,6,32,0.0,0.0,0,0,0.0,0.0,0,0,BruteForce
49,2,0,14,0,14,0,7.0,9.899494937,0,0,0.0,0.0,285714.2857,40816.32653,49.0,0.0,49,49,49,49.0,0.0,49,49,0,0.0,0.0,0,0,1,0,0,0,64,0,40816.32653,0.0,0,14,9.333333333,8.082903769,65.33333333,0,1,0,0,1,0,0,0,0,14.0,7.0,0.0,64,0,0,0,0,0,0,2,14,0,0,229,-1,0,32,0.0,0.0,0,0,0.0,0.0,0,0,BruteForce
3,2,0,14,0,14,0,7.0,9.899494937,0,0,0.0,0.0,4666666.666999999,666666.6667,3.0,0.0,3,3,3,3.0,0.0,3,3,0,0.0,0.0,0,0,1,0,0,0,64,0,666666.6667,0.0,0,14,9.333333333,8.082903769,65.33333333,0,1,0,0,1,0,0,0,0,14.0,7.0,0.0,64,0,0,0,0,0,0,2,14,0,0,229,-1,0,32,0.0,0.0,0,0,0.0,0.0,0,0,BruteForce
8691153,9,15,111,188,29,0,12.33333333,10.38026975,34,0,12.53333333,14.54975045,34.40280018,2.761428777,377876.2174,983964.4317,3183450,1,6052066,756508.25,1403138.448,3227055,4,8691042,620788.7143,1214943.265,3183450,3,0,0,0,0,296,488,1.035535791,1.725892986,0,34,11.96,12.86947292,165.6233333,0,0,0,1,0,0,0,0,1,12.45833333,12.33333333,12.53333333,296,0,0,0,0,0,0,9,111,15,188,29200,227,6,32,0.0,0.0,0,0,0.0,0.0,0,0,BruteForce
8693662,9,15,108,188,29,0,12.0,10.11187421,34,0,12.53333333,14.54975045,34.04779252,2.7606318260000005,377985.3043,983121.7998,3182223,1,6057354,757169.25,1401356.303,3223258,3,8693570,620969.2857,1213750.328,3182223,1,0,0,0,0,296,488,1.035236935,1.725394891,0,34,11.84,12.7954419,163.7233333,0,0,0,1,0,0,0,0,1,12.33333333,12.0,12.53333333,296,0,0,0,0,0,0,9,108,15,188,29200,227,6,32,0.0,0.0,0,0,0.0,0.0,0,0,BruteForce
8683815,9,15,102,188,22,0,11.33333333,8.94427191,34,0,12.53333333,14.54975045,33.39546041,2.76376224,377557.1739,982900.6151,3180745,1,6044931,755616.375,1400663.113,3222716,1,8683692,620263.7143,1213598.87,3180745,1,0,0,0,0,296,488,1.03641084,1.7273514,0,34,11.6,12.50333289,156.33333330000005,0,0,0,1,0,0,0,0,1,12.08333333,11.33333333,12.53333333,296,0,0,0,0,0,0,9,102,15,188,29200,227,6,32,0.0,0.0,0,0,0.0,0.0,0,0,BruteForce
4,2,0,14,0,14,0,7.0,9.899494937,0,0,0.0,0.0,3500000.0,500000.0,4.0,0.0,4,4,4,4.0,0.0,4,4,0,0.0,0.0,0,0,1,0,0,0,64,0,500000.0,0.0,0,14,9.333333333,8.082903769,65.33333333,0,1,0,0,1,0,0,0,0,14.0,7.0,0.0,64,0,0,0,0,0,0,2,14,0,0,229,-1,0,32,0.0,0.0,0,0,0.0,0.0,0,0,BruteForce
4,2,0,14,0,14,0,7.0,9.899494937,0,0,0.0,0.0,3500000.0,500000.0,4.0,0.0,4,4,4,4.0,0.0,4,4,0,0.0,0.0,0,0,1,0,0,0,64,0,500000.0,0.0,0,14,9.333333333,8.082903769,65.33333333,0,1,0,0,1,0,0,0,0,14.0,7.0,0.0,64,0,0,0,0,0,0,2,14,0,0,229,-1,0,32,0.0,0.0,0,0,0.0,0.0,0,0,BruteForce
225,2,0,14,0,14,0,7.0,9.899494937,0,0,0.0,0.0,62222.22222,8888.888889,225.0,0.0,225,225,225,225.0,0.0,225,225,0,0.0,0.0,0,0,1,0,0,0,64,0,8888.888889,0.0,0,14,9.333333333,8.082903769,65.33333333,0,1,0,0,1,0,0,0,0,14.0,7.0,0.0,64,0,0,0,0,0,0,2,14,0,0,229,-1,0,32,0.0,0.0,0,0,0.0,0.0,0,0,BruteForce
226,2,1,14,0,14,0,7.0,9.899494937,0,0,0.0,0.0,61946.90265,13274.33628,113.0,52.32590181,150,76,226,226.0,0.0,226,226,0,0.0,0.0,0,0,1,0,0,0,64,20,8849.557522,4424.778761,0,14,7.0,8.082903769,65.33333333,0,1,0,0,1,0,0,0,0,9.333333333,7.0,0.0,64,0,0,0,0,0,0,2,14,1,0,229,0,0,32,0.0,0.0,0,0,0.0,0.0,0,0,BruteForce
3,2,0,14,0,14,0,7.0,9.899494937,0,0,0.0,0.0,4666666.666999999,666666.6667,3.0,0.0,3,3,3,3.0,0.0,3,3,0,0.0,0.0,0,0,1,0,0,0,64,0,666666.6667,0.0,0,14,9.333333333,8.082903769,65.33333333,0,1,0,0,1,0,0,0,0,14.0,7.0,0.0,64,0,0,0,0,0,0,2,14,0,0,229,-1,0,32,0.0,0.0,0,0,0.0,0.0,0,0,BruteForce
1,2,0,14,0,14,0,7.0,9.899494937,0,0,0.0,0.0,14000000.0,2000000.0,1.0,0.0,1,1,1,1.0,0.0,1,1,0,0.0,0.0,0,0,1,0,0,0,64,0,2000000.0,0.0,0,14,9.333333333,8.082903769,65.33333333,0,1,0,0,1,0,0,0,0,14.0,7.0,0.0,64,0,0,0,0,0,0,2,14,0,0,229,-1,0,32,0.0,0.0,0,0,0.0,0.0,0,0,BruteForce
8528275,9,15,110,188,23,0,12.22222222,9.909310997,34,0,12.53333333,14.54975045,34.94258804,2.814168164,370794.5652,952204.9031,2924753,1,5617777,702222.125,1277512.606,2968147,215,8528191,609156.5,1173909.075,2924753,1,0,0,0,0,296,488,1.055313062,1.758855103,0,34,11.92,12.7440182,162.41,0,0,0,1,0,0,0,0,1,12.41666667,12.22222222,12.53333333,296,0,0,0,0,0,0,9,110,15,188,29200,227,6,32,0.0,0.0,0,0,0.0,0.0,0,0,BruteForce
211,2,1,14,0,14,0,7.0,9.899494937,0,0,0.0,0.0,66350.7109,14218.00948,105.5,81.31727984,163,48,211,211.0,0.0,211,211,0,0.0,0.0,0,0,1,0,0,0,64,20,9478.672986,4739.336493,0,14,7.0,8.082903769,65.33333333,0,1,0,0,1,0,0,0,0,9.333333333,7.0,0.0,64,0,0,0,0,0,0,2,14,1,0,229,0,0,32,0.0,0.0,0,0,0.0,0.0,0,0,BruteForce
8371608,9,15,110,188,23,0,12.22222222,9.909310997,34,0,12.53333333,14.54975045,35.59650667,2.866832752,363982.9565,929694.733,3102560,3,5856894,732111.75,1318308.431,3145140,192,8371500,597964.2857,1145458.977,3102560,3,0,0,0,0,296,488,1.075062282,1.79177047,0,34,11.92,12.7440182,162.41,0,0,0,1,0,0,0,0,1,12.41666667,12.22222222,12.53333333,296,0,0,0,0,0,0,9,110,15,188,29200,227,6,32,0.0,0.0,0,0,0.0,0.0,0,0,BruteForce
266,2,1,14,0,14,0,7.0,9.899494937,0,0,0.0,0.0,52631.57895,11278.19549,133.0,25.45584412,151,115,266,266.0,0.0,266,266,0,0.0,0.0,0,0,1,0,0,0,64,20,7518.796992,3759.398496,0,14,7.0,8.082903769,65.33333333,0,1,0,0,1,0,0,0,0,9.333333333,7.0,0.0,64,0,0,0,0,0,0,2,14,1,0,229,0,0,32,0.0,0.0,0,0,0.0,0.0,0,0,BruteForce
3,2,0,14,0,14,0,7.0,9.899494937,0,0,0.0,0.0,4666666.666999999,666666.6667,3.0,0.0,3,3,3,3.0,0.0,3,3,0,0.0,0.0,0,0,1,0,0,0,64,0,666666.6667,0.0,0,14,9.333333333,8.082903769,65.33333333,0,1,0,0,1,0,0,0,0,14.0,7.0,0.0,64,0,0,0,0,0,0,2,14,0,0,229,-1,0,32,0.0,0.0,0,0,0.0,0.0,0,0,BruteForce
3,2,0,14,0,14,0,7.0,9.899494937,0,0,0.0,0.0,4666666.666999999,666666.6667,3.0,0.0,3,3,3,3.0,0.0,3,3,0,0.0,0.0,0,0,1,0,0,0,64,0,666666.6667,0.0,0,14,9.333333333,8.082903769,65.33333333,0,1,0,0,1,0,0,0,0,14.0,7.0,0.0,64,0,0,0,0,0,0,2,14,0,0,229,-1,0,32,0.0,0.0,0,0,0.0,0.0,0,0,BruteForce
8924506,9,15,104,188,23,0,11.55555556,9.193898943,34,0,12.53333333,14.54975045,32.71889783,2.689224479,388022.0,1000186.916,3094403,1,5782037,722754.625,1321725.344,2989177,49,8924401,637457.2143,1233581.621,3094403,1,0,0,0,0,296,488,1.00845918,1.6807653000000002,0,34,11.68,12.56224502,157.81,0,0,0,1,0,0,0,0,1,12.16666667,11.55555556,12.53333333,296,0,0,0,0,0,0,9,104,15,188,29200,227,6,32,0.0,0.0,0,0,0.0,0.0,0,0,BruteForce
257,2,1,14,0,14,0,7.0,9.899494937,0,0,0.0,0.0,54474.708170000005,11673.15175,128.5,24.74873734,146,111,257,257.0,0.0,257,257,0,0.0,0.0,0,0,1,0,0,0,64,20,7782.101167,3891.0505840000014,0,14,7.0,8.082903769,65.33333333,0,1,0,0,1,0,0,0,0,9.333333333,7.0,0.0,64,0,0,0,0,0,0,2,14,1,0,229,0,0,32,0.0,0.0,0,0,0.0,0.0,0,0,BruteForce
8044130,9,15,104,188,22,0,11.55555556,9.166666667,34,0,12.53333333,14.54975045,36.29976144,2.983542036,349744.7826,907557.8132,2892576,1,5110068,638758.5,1181027.586,2586292,3,8044026,574573.2857,1120171.68,2892576,1,0,0,0,0,296,488,1.118828264,1.864713773,0,34,11.68,12.55560964,157.64333330000005,0,0,0,1,0,0,0,0,1,12.16666667,11.55555556,12.53333333,296,0,0,0,0,0,0,9,104,15,188,29200,227,6,32,0.0,0.0,0,0,0.0,0.0,0,0,BruteForce
8455515,9,15,101,188,23,0,11.22222222,8.941165721,34,0,12.53333333,14.54975045,34.17887615,2.8383841789999997,367631.08700000006,938747.6643,2945669,0,5723081,715385.125,1289029.725,2988919,3,8455444,603960.2857,1156570.993,2945669,0,0,0,0,0,296,488,1.064394067,1.773990112,0,34,11.56,12.50359948,156.34,0,0,0,1,0,0,0,0,1,12.04166667,11.22222222,12.53333333,296,0,0,0,0,0,0,9,101,15,188,29200,227,6,32,0.0,0.0,0,0,0.0,0.0,0,0,BruteForce
216,2,1,14,0,14,0,7.0,9.899494937,0,0,0.0,0.0,64814.81481,13888.88889,108.0,31.11269837,130,86,216,216.0,0.0,216,216,0,0.0,0.0,0,0,1,0,0,0,64,20,9259.259259,4629.6296299999985,0,14,7.0,8.082903769,65.33333333,0,1,0,0,1,0,0,0,0,9.333333333,7.0,0.0,64,0,0,0,0,0,0,2,14,1,0,229,0,0,32,0.0,0.0,0,0,0.0,0.0,0,0,BruteForce
229,2,1,14,0,14,0,7.0,9.899494937,0,0,0.0,0.0,61135.371179999995,13100.43668,114.5,50.20458146,150,79,229,229.0,0.0,229,229,0,0.0,0.0,0,0,1,0,0,0,64,20,8733.624454,4366.812227,0,14,7.0,8.082903769,65.33333333,0,1,0,0,1,0,0,0,0,9.333333333,7.0,0.0,64,0,0,0,0,0,0,2,14,1,0,229,0,0,32,0.0,0.0,0,0,0.0,0.0,0,0,BruteForce
9031447,9,15,106,188,23,0,11.77777778,9.497075573,34,0,12.53333333,14.54975045,32.55292314,2.657381481,392671.6087,1008489.965,3123291,1,5867574,733446.75,1329793.36,3009021,53,9031366,645097.5714,1243312.106,3123291,1,0,0,0,0,296,488,0.996518055,1.660863425,0,34,11.76,12.63685087,159.69,0,0,0,1,0,0,0,0,1,12.25,11.77777778,12.53333333,296,0,0,0,0,0,0,9,106,15,188,29200,227,6,32,0.0,0.0,0,0,0.0,0.0,0,0,BruteForce
2,2,0,14,0,14,0,7.0,9.899494937,0,0,0.0,0.0,7000000.0,1000000.0,2.0,0.0,2,2,2,2.0,0.0,2,2,0,0.0,0.0,0,0,1,0,0,0,64,0,1000000.0,0.0,0,14,9.333333333,8.082903769,65.33333333,0,1,0,0,1,0,0,0,0,14.0,7.0,0.0,64,0,0,0,0,0,0,2,14,0,0,229,-1,0,32,0.0,0.0,0,0,0.0,0.0,0,0,BruteForce
273,2,1,14,0,14,0,7.0,9.899494937,0,0,0.0,0.0,51282.05128,10989.01099,136.5,77.07463915,191,82,273,273.0,0.0,273,273,0,0.0,0.0,0,0,1,0,0,0,64,20,7326.007326000001,3663.003663,0,14,7.0,8.082903769,65.33333333,0,1,0,0,1,0,0,0,0,9.333333333,7.0,0.0,64,0,0,0,0,0,0,2,14,1,0,229,0,0,32,0.0,0.0,0,0,0.0,0.0,0,0,BruteForce
8974489,9,15,101,188,22,0,11.22222222,8.913161305,34,0,12.53333333,14.54975045,32.20239058,2.6742469680000003,390195.1739,1033190.511,3755503,1,5177430,647178.75,1193990.927,2716990,3,8974398,641028.4286,1278033.903,3755503,1,0,0,0,0,296,488,1.002842613,1.671404355,0,34,11.56,12.49693296,156.1733333,0,0,0,1,0,0,0,0,1,12.04166667,11.22222222,12.53333333,296,0,0,0,0,0,0,9,101,15,188,29200,227,6,32,0.0,0.0,0,0,0.0,0.0,0,0,BruteForce
9526538,9,15,107,188,23,0,11.88888889,9.545214042,34,0,12.53333333,14.54975045,30.96612851,2.519278252,414197.3043,1084503.605,3748707,1,5737237,717154.625,1317355.051,2983386,48,9526537,680466.9286,1339888.895,3748707,47,0,0,0,0,296,488,0.944729344,1.5745489069999998,0,34,11.8,12.64911064,160.0,0,0,0,1,0,0,0,0,1,12.29166667,11.88888889,12.53333333,296,0,0,0,0,0,0,9,107,15,188,29200,227,6,32,0.0,0.0,0,0,0.0,0.0,0,0,BruteForce
8318069,9,15,104,188,24,0,11.55555556,9.368979548,34,0,12.53333333,14.54975045,35.10430125,2.885285034,361655.1739,939171.7207,2948732,1,5581201,697650.125,1294197.265,2992298,1,8317954,594139.5714,1159291.087,2948732,4,0,0,0,0,296,488,1.081981888,1.803303146,0,34,11.68,12.60528989,158.89333330000005,0,0,0,1,0,0,0,0,1,12.16666667,11.55555556,12.53333333,296,0,0,0,0,0,0,9,104,15,188,29200,227,6,32,0.0,0.0,0,0,0.0,0.0,0,0,BruteForce
24,2,0,14,0,14,0,7.0,9.899494937,0,0,0.0,0.0,583333.3333,83333.33333,24.0,0.0,24,24,24,24.0,0.0,24,24,0,0.0,0.0,0,0,1,0,0,0,64,0,83333.33333,0.0,0,14,9.333333333,8.082903769,65.33333333,0,1,0,0,1,0,0,0,0,14.0,7.0,0.0,64,0,0,0,0,0,0,2,14,0,0,229,-1,0,32,0.0,0.0,0,0,0.0,0.0,0,0,BruteForce
65,2,0,14,0,14,0,7.0,9.899494937,0,0,0.0,0.0,215384.6154,30769.23077,65.0,0.0,65,65,65,65.0,0.0,65,65,0,0.0,0.0,0,0,1,0,0,0,64,0,30769.23077,0.0,0,14,9.333333333,8.082903769,65.33333333,0,1,0,0,1,0,0,0,0,14.0,7.0,0.0,64,0,0,0,0,0,0,2,14,0,0,229,-1,0,32,0.0,0.0,0,0,0.0,0.0,0,0,BruteForce
8533511,9,15,105,188,23,0,11.66666667,9.300537619,34,0,12.53333333,14.54975045,34.33522263,2.8124414439999996,371022.2174,962223.3575,3455603,3,5031713,628964.125,1123388.307,2477528,3,8533410,609529.2857,1187576.603,3455603,3,0,0,0,0,296,488,1.054665542,1.7577759030000002,0,34,11.72,12.58808961,158.46,0,0,0,1,0,0,0,0,1,12.20833333,11.66666667,12.53333333,296,0,0,0,0,0,0,9,105,15,188,29200,227,6,32,0.0,0.0,0,0,0.0,0.0,0,0,BruteForce
8547423,9,15,104,188,24,0,11.55555556,9.248122933,34,0,12.53333333,14.54975045,34.16234343,2.807863844,371627.08700000006,963914.4698,3465521,2,5038958,629869.75,1124139.009,2483256,92,8547364,610526.0,1189677.887,3465521,47,0,0,0,0,296,488,1.052948941,1.754914902,0,34,11.68,12.57550529,158.14333330000005,0,0,0,1,0,0,0,0,1,12.16666667,11.55555556,12.53333333,296,0,0,0,0,0,0,9,104,15,188,29200,227,6,32,0.0,0.0,0,0,0.0,0.0,0,0,BruteForce
4,2,0,14,0,14,0,7.0,9.899494937,0,0,0.0,0.0,3500000.0,500000.0,4.0,0.0,4,4,4,4.0,0.0,4,4,0,0.0,0.0,0,0,1,0,0,0,64,0,500000.0,0.0,0,14,9.333333333,8.082903769,65.33333333,0,1,0,0,1,0,0,0,0,14.0,7.0,0.0,64,0,0,0,0,0,0,2,14,0,0,229,-1,0,32,0.0,0.0,0,0,0.0,0.0,0,0,BruteForce
48,2,0,14,0,14,0,7.0,9.899494937,0,0,0.0,0.0,291666.6667,41666.66667,48.0,0.0,48,48,48,48.0,0.0,48,48,0,0.0,0.0,0,0,1,0,0,0,64,0,41666.66667,0.0,0,14,9.333333333,8.082903769,65.33333333,0,1,0,0,1,0,0,0,0,14.0,7.0,0.0,64,0,0,0,0,0,0,2,14,0,0,229,-1,0,32,0.0,0.0,0,0,0.0,0.0,0,0,BruteForce
4,2,0,14,0,14,0,7.0,9.899494937,0,0,0.0,0.0,3500000.0,500000.0,4.0,0.0,4,4,4,4.0,0.0,4,4,0,0.0,0.0,0,0,1,0,0,0,64,0,500000.0,0.0,0,14,9.333333333,8.082903769,65.33333333,0,1,0,0,1,0,0,0,0,14.0,7.0,0.0,64,0,0,0,0,0,0,2,14,0,0,229,-1,0,32,0.0,0.0,0,0,0.0,0.0,0,0,BruteForce
231,2,1,14,0,14,0,7.0,9.899494937,0,0,0.0,0.0,60606.06061,12987.01299,115.5,41.71930009,145,86,231,231.0,0.0,231,231,0,0.0,0.0,0,0,1,0,0,0,64,20,8658.008658,4329.004329,0,14,7.0,8.082903769,65.33333333,0,1,0,0,1,0,0,0,0,9.333333333,7.0,0.0,64,0,0,0,0,0,0,2,14,1,0,229,0,0,32,0.0,0.0,0,0,0.0,0.0,0,0,BruteForce
9223043,9,15,112,188,24,0,12.44444444,10.17486009,34,0,12.53333333,14.54975045,32.52722556,2.602178045,401001.8696,1054892.715,3474270,4,5958427,744803.375,1407019.639,3515272,4,9222877,658776.9286,1303969.848,3474270,4,0,0,0,0,296,488,0.975816767,1.626361278,0,34,12.0,12.81600562,164.25,0,0,0,1,0,0,0,0,1,12.5,12.44444444,12.53333333,296,0,0,0,0,0,0,9,112,15,188,29200,227,6,32,0.0,0.0,0,0,0.0,0.0,0,0,BruteForce
212,2,1,14,0,14,0,7.0,9.899494937,0,0,0.0,0.0,66037.73585,14150.9434,106.0,38.18376618,133,79,212,212.0,0.0,212,212,0,0.0,0.0,0,0,1,0,0,0,64,20,9433.962264,4716.981132,0,14,7.0,8.082903769,65.33333333,0,1,0,0,1,0,0,0,0,9.333333333,7.0,0.0,64,0,0,0,0,0,0,2,14,1,0,229,0,0,32,0.0,0.0,0,0,0.0,0.0,0,0,BruteForce
4,2,0,14,0,14,0,7.0,9.899494937,0,0,0.0,0.0,3500000.0,500000.0,4.0,0.0,4,4,4,4.0,0.0,4,4,0,0.0,0.0,0,0,1,0,0,0,64,0,500000.0,0.0,0,14,9.333333333,8.082903769,65.33333333,0,1,0,0,1,0,0,0,0,14.0,7.0,0.0,64,0,0,0,0,0,0,2,14,0,0,229,-1,0,32,0.0,0.0,0,0,0.0,0.0,0,0,BruteForce
17,2,0,14,0,14,0,7.0,9.899494937,0,0,0.0,0.0,823529.4118,117647.0588,17.0,0.0,17,17,17,17.0,0.0,17,17,0,0.0,0.0,0,0,1,0,0,0,64,0,117647.0588,0.0,0,14,9.333333333,8.082903769,65.33333333,0,1,0,0,1,0,0,0,0,14.0,7.0,0.0,64,0,0,0,0,0,0,2,14,0,0,229,-1,0,32,0.0,0.0,0,0,0.0,0.0,0,0,BruteForce
229,2,1,14,0,14,0,7.0,9.899494937,0,0,0.0,0.0,61135.371179999995,13100.43668,114.5,41.71930009,144,85,229,229.0,0.0,229,229,0,0.0,0.0,0,0,1,0,0,0,64,20,8733.624454,4366.812227,0,14,7.0,8.082903769,65.33333333,0,1,0,0,1,0,0,0,0,9.333333333,7.0,0.0,64,0,0,0,0,0,0,2,14,1,0,229,0,0,32,0.0,0.0,0,0,0.0,0.0,0,0,BruteForce
4,2,0,14,0,14,0,7.0,9.899494937,0,0,0.0,0.0,3500000.0,500000.0,4.0,0.0,4,4,4,4.0,0.0,4,4,0,0.0,0.0,0,0,1,0,0,0,64,0,500000.0,0.0,0,14,9.333333333,8.082903769,65.33333333,0,1,0,0,1,0,0,0,0,14.0,7.0,0.0,64,0,0,0,0,0,0,2,14,0,0,229,-1,0,32,0.0,0.0,0,0,0.0,0.0,0,0,BruteForce
4,2,0,14,0,14,0,7.0,9.899494937,0,0,0.0,0.0,3500000.0,500000.0,4.0,0.0,4,4,4,4.0,0.0,4,4,0,0.0,0.0,0,0,1,0,0,0,64,0,500000.0,0.0,0,14,9.333333333,8.082903769,65.33333333,0,1,0,0,1,0,0,0,0,14.0,7.0,0.0,64,0,0,0,0,0,0,2,14,0,0,229,-1,0,32,0.0,0.0,0,0,0.0,0.0,0,0,BruteForce
9871322,9,15,102,188,21,0,11.33333333,8.902246907,34,0,12.53333333,14.54975045,29.37803062,2.431285293,429187.91299999994,1117579.692,3493292,1,6336381,792047.625,1465370.886,3384854,1,9871236,705088.2857,1379922.363,3493292,3,0,0,0,0,296,488,0.911731985,1.519553308,0,34,11.6,12.49333155,156.08333330000005,0,0,0,1,0,0,0,0,1,12.08333333,11.33333333,12.53333333,296,0,0,0,0,0,0,9,102,15,188,29200,227,6,32,0.0,0.0,0,0,0.0,0.0,0,0,BruteForce
275,2,1,14,0,14,0,7.0,9.899494937,0,0,0.0,0.0,50909.09091,10909.09091,137.5,147.78531730000003,242,33,275,275.0,0.0,275,275,0,0.0,0.0,0,0,1,0,0,0,64,20,7272.727273,3636.363636,0,14,7.0,8.082903769,65.33333333,0,1,0,0,1,0,0,0,0,9.333333333,7.0,0.0,64,0,0,0,0,0,0,2,14,1,0,229,0,0,32,0.0,0.0,0,0,0.0,0.0,0,0,BruteForce
8566710,9,15,98,188,19,0,10.88888889,8.417904199,34,0,12.53333333,14.54975045,33.38504513,2.8015422489999997,372465.6522,968675.8884,3064864,1,5639884,704985.5,1310712.461,3107764,1,8566690,611906.4286,1195900.271,3064864,1,0,0,0,0,296,488,1.050578343,1.750963906,0,34,11.44,12.38641729,153.4233333,0,0,0,1,0,0,0,0,1,11.91666667,10.88888889,12.53333333,296,0,0,0,0,0,0,9,98,15,188,29200,227,6,32,0.0,0.0,0,0,0.0,0.0,0,0,BruteForce
16,2,0,14,0,14,0,7.0,9.899494937,0,0,0.0,0.0,875000.0,125000.0,16.0,0.0,16,16,16,16.0,0.0,16,16,0,0.0,0.0,0,0,1,0,0,0,64,0,125000.0,0.0,0,14,9.333333333,8.082903769,65.33333333,0,1,0,0,1,0,0,0,0,14.0,7.0,0.0,64,0,0,0,0,0,0,2,14,0,0,229,-1,0,32,0.0,0.0,0,0,0.0,0.0,0,0,BruteForce
4,2,0,14,0,14,0,7.0,9.899494937,0,0,0.0,0.0,3500000.0,500000.0,4.0,0.0,4,4,4,4.0,0.0,4,4,0,0.0,0.0,0,0,1,0,0,0,64,0,500000.0,0.0,0,14,9.333333333,8.082903769,65.33333333,0,1,0,0,1,0,0,0,0,14.0,7.0,0.0,64,0,0,0,0,0,0,2,14,0,0,229,-1,0,32,0.0,0.0,0,0,0.0,0.0,0,0,BruteForce
8790929,9,15,111,188,23,0,12.33333333,10.03742995,34,0,12.53333333,14.54975045,34.01233248,2.730086888,382214.3043,994954.2194,3215836,37,6115188,764398.5,1417230.552,3259305,247,8790844,627917.4286,1228469.912,3215836,48,0,0,0,0,296,488,1.023782583,1.706304305,0,34,11.96,12.77849756,163.29,0,0,0,1,0,0,0,0,1,12.45833333,12.33333333,12.53333333,296,0,0,0,0,0,0,9,111,15,188,29200,227,6,32,0.0,0.0,0,0,0.0,0.0,0,0,BruteForce
236,2,1,14,0,14,0,7.0,9.899494937,0,0,0.0,0.0,59322.0339,12711.86441,118.0,46.66904756,151,85,236,236.0,0.0,236,236,0,0.0,0.0,0,0,1,0,0,0,64,20,8474.576271,4237.288136,0,14,7.0,8.082903769,65.33333333,0,1,0,0,1,0,0,0,0,9.333333333,7.0,0.0,64,0,0,0,0,0,0,2,14,1,0,229,0,0,32,0.0,0.0,0,0,0.0,0.0,0,0,BruteForce
9227681,9,15,100,188,21,0,11.11111111,8.681077762000001,34,0,12.53333333,14.54975045,31.21044171,2.6008701430000003,401203.5217,1043238.014,3225981,3,5959893,744986.625,1378774.388,3104863,3,9227574,659112.4286,1287930.527,3225981,3,0,0,0,0,296,488,0.975326304,1.625543839,0,34,11.52,12.44360612,154.8433333,0,0,0,1,0,0,0,0,1,12.0,11.11111111,12.53333333,296,0,0,0,0,0,0,9,100,15,188,29200,227,6,32,0.0,0.0,0,0,0.0,0.0,0,0,BruteForce
45,2,0,14,0,14,0,7.0,9.899494937,0,0,0.0,0.0,311111.1111,44444.44444,45.0,0.0,45,45,45,45.0,0.0,45,45,0,0.0,0.0,0,0,1,0,0,0,64,0,44444.44444,0.0,0,14,9.333333333,8.082903769,65.33333333,0,1,0,0,1,0,0,0,0,14.0,7.0,0.0,64,0,0,0,0,0,0,2,14,0,0,229,-1,0,32,0.0,0.0,0,0,0.0,0.0,0,0,BruteForce
8771756,9,15,104,188,23,0,11.55555556,9.355628134,34,0,12.53333333,14.54975045,33.28865965,2.736054218,381380.6957,1003844.645,3532573,11,5196872,649609.0,1200710.038,2638009,246,8771686,626549.0,1240941.746,3532573,19,0,0,0,0,296,488,1.026020332,1.710033886,0,34,11.68,12.60198397,158.81,0,0,0,1,0,0,0,0,1,12.16666667,11.55555556,12.53333333,296,0,0,0,0,0,0,9,104,15,188,29200,227,6,32,0.0,0.0,0,0,0.0,0.0,0,0,BruteForce
45,2,0,14,0,14,0,7.0,9.899494937,0,0,0.0,0.0,311111.1111,44444.44444,45.0,0.0,45,45,45,45.0,0.0,45,45,0,0.0,0.0,0,0,1,0,0,0,64,0,44444.44444,0.0,0,14,9.333333333,8.082903769,65.33333333,0,1,0,0,1,0,0,0,0,14.0,7.0,0.0,64,0,0,0,0,0,0,2,14,0,0,229,-1,0,32,0.0,0.0,0,0,0.0,0.0,0,0,BruteForce
236,2,1,14,0,14,0,7.0,9.899494937,0,0,0.0,0.0,59322.0339,12711.86441,118.0,38.18376618,145,91,236,236.0,0.0,236,236,0,0.0,0.0,0,0,1,0,0,0,64,20,8474.576271,4237.288136,0,14,7.0,8.082903769,65.33333333,0,1,0,0,1,0,0,0,0,9.333333333,7.0,0.0,64,0,0,0,0,0,0,2,14,1,0,229,0,0,32,0.0,0.0,0,0,0.0,0.0,0,0,BruteForce
1,2,0,14,0,14,0,7.0,9.899494937,0,0,0.0,0.0,14000000.0,2000000.0,1.0,0.0,1,1,1,1.0,0.0,1,1,0,0.0,0.0,0,0,1,0,0,0,64,0,2000000.0,0.0,0,14,9.333333333,8.082903769,65.33333333,0,1,0,0,1,0,0,0,0,14.0,7.0,0.0,64,0,0,0,0,0,0,2,14,0,0,229,-1,0,32,0.0,0.0,0,0,0.0,0.0,0,0,BruteForce
17,2,0,14,0,14,0,7.0,9.899494937,0,0,0.0,0.0,823529.4118,117647.0588,17.0,0.0,17,17,17,17.0,0.0,17,17,0,0.0,0.0,0,0,1,0,0,0,64,0,117647.0588,0.0,0,14,9.333333333,8.082903769,65.33333333,0,1,0,0,1,0,0,0,0,14.0,7.0,0.0,64,0,0,0,0,0,0,2,14,0,0,229,-1,0,32,0.0,0.0,0,0,0.0,0.0,0,0,BruteForce
2,2,0,14,0,14,0,7.0,9.899494937,0,0,0.0,0.0,7000000.0,1000000.0,2.0,0.0,2,2,2,2.0,0.0,2,2,0,0.0,0.0,0,0,1,0,0,0,64,0,1000000.0,0.0,0,14,9.333333333,8.082903769,65.33333333,0,1,0,0,1,0,0,0,0,14.0,7.0,0.0,64,0,0,0,0,0,0,2,14,0,0,229,-1,0,32,0.0,0.0,0,0,0.0,0.0,0,0,BruteForce
18,2,0,14,0,14,0,7.0,9.899494937,0,0,0.0,0.0,777777.7778,111111.1111,18.0,0.0,18,18,18,18.0,0.0,18,18,0,0.0,0.0,0,0,1,0,0,0,64,0,111111.1111,0.0,0,14,9.333333333,8.082903769,65.33333333,0,1,0,0,1,0,0,0,0,14.0,7.0,0.0,64,0,0,0,0,0,0,2,14,0,0,229,-1,0,32,0.0,0.0,0,0,0.0,0.0,0,0,BruteForce
9162800,9,15,103,188,21,0,11.44444444,9.015418891,34,0,12.53333333,14.54975045,31.75885101,2.6192866809999997,398382.6087,1043317.147,3451457,1,6582964,822870.5,1525664.491,3493555,1,9162720,654480.0,1289034.236,3451457,3,0,0,0,0,296,488,0.982232505,1.637054176,0,34,11.64,12.51958466,156.74,0,0,0,1,0,0,0,0,1,12.125,11.44444444,12.53333333,296,0,0,0,0,0,0,9,103,15,188,29200,227,6,32,0.0,0.0,0,0,0.0,0.0,0,0,BruteForce
1,2,0,14,0,14,0,7.0,9.899494937,0,0,0.0,0.0,14000000.0,2000000.0,1.0,0.0,1,1,1,1.0,0.0,1,1,0,0.0,0.0,0,0,1,0,0,0,64,0,2000000.0,0.0,0,14,9.333333333,8.082903769,65.33333333,0,1,0,0,1,0,0,0,0,14.0,7.0,0.0,64,0,0,0,0,0,0,2,14,0,0,229,-1,0,32,0.0,0.0,0,0,0.0,0.0,0,0,BruteForce
8361687,9,15,110,188,27,0,12.22222222,10.08436634,34,0,12.53333333,14.54975045,35.63874132,2.8702342,363551.6087,944003.7138,3035556,3,5280347,660043.375,1218694.028,2675861,252,8361570,597255.0,1165241.493,3035556,3,0,0,0,0,296,488,1.076337825,1.793896375,0,34,11.92,12.78970941,163.5766667,0,0,0,1,0,0,0,0,1,12.41666667,12.22222222,12.53333333,296,0,0,0,0,0,0,9,110,15,188,29200,227,6,32,0.0,0.0,0,0,0.0,0.0,0,0,BruteForce
3,2,0,14,0,14,0,7.0,9.899494937,0,0,0.0,0.0,4666666.666999999,666666.6667,3.0,0.0,3,3,3,3.0,0.0,3,3,0,0.0,0.0,0,0,1,0,0,0,64,0,666666.6667,0.0,0,14,9.333333333,8.082903769,65.33333333,0,1,0,0,1,0,0,0,0,14.0,7.0,0.0,64,0,0,0,0,0,0,2,14,0,0,229,-1,0,32,0.0,0.0,0,0,0.0,0.0,0,0,BruteForce
9174470,9,15,108,188,24,0,12.0,9.733961167,34,0,12.53333333,14.54975045,32.2634441,2.615954927,398890.0,1041769.909,3408920,3,6504088,813011.0,1506969.08,3452310,234,9174356,655311.1429,1286736.24,3408920,3,0,0,0,0,296,488,0.980983098,1.6349718290000002,0,34,11.84,12.69737506,161.2233333,0,0,0,1,0,0,0,0,1,12.33333333,12.0,12.53333333,296,0,0,0,0,0,0,9,108,15,188,29200,227,6,32,0.0,0.0,0,0,0.0,0.0,0,0,BruteForce
1,1,1,14,0,14,14,14.0,0.0,0,0,0.0,0.0,14000000.0,2000000.0,1.0,0.0,1,1,0,0.0,0.0,0,0,0,0.0,0.0,0,0,1,0,0,0,32,32,1000000.0,1000000.0,0,14,9.333333333,8.082903769,65.33333333,0,1,0,0,1,0,0,0,1,14.0,14.0,0.0,32,0,0,0,0,0,0,1,14,1,0,227,227,0,32,0.0,0.0,0,0,0.0,0.0,0,0,BruteForce
48,1,1,14,0,14,14,14.0,0.0,0,0,0.0,0.0,291666.6667,41666.66667,48.0,0.0,48,48,0,0.0,0.0,0,0,0,0.0,0.0,0,0,1,0,0,0,32,32,20833.33333,20833.33333,0,14,9.333333333,8.082903769,65.33333333,0,1,0,0,1,0,0,0,1,14.0,14.0,0.0,32,0,0,0,0,0,0,1,14,1,0,227,227,0,32,0.0,0.0,0,0,0.0,0.0,0,0,BruteForce
39461,2,0,0,0,0,0,0.0,0.0,0,0,0.0,0.0,0.0,50.68295279,39461.0,0.0,39461,39461,39461,39461.0,0.0,39461,39461,0,0.0,0.0,0,0,0,0,0,0,64,0,50.68295279,0.0,0,0,0.0,0.0,0.0,0,0,0,0,1,0,0,0,0,0.0,0.0,0.0,64,0,0,0,0,0,0,2,0,0,0,229,-1,0,32,0.0,0.0,0,0,0.0,0.0,0,0,BruteForce
40004,2,0,0,0,0,0,0.0,0.0,0,0,0.0,0.0,0.0,49.9950005,40004.0,0.0,40004,40004,40004,40004.0,0.0,40004,40004,0,0.0,0.0,0,0,0,0,0,0,64,0,49.9950005,0.0,0,0,0.0,0.0,0.0,0,0,0,0,1,0,0,0,0,0.0,0.0,0.0,64,0,0,0,0,0,0,2,0,0,0,229,-1,0,32,0.0,0.0,0,0,0.0,0.0,0,0,BruteForce
9361425,9,15,107,188,23,0,11.88888889,9.545214042,34,0,12.53333333,14.54975045,31.51229647,2.563712255,407018.4783,1061741.584,3471097,3,6635274,829409.25,1534435.519,3515020,50,9361297,668664.0714,1311235.981,3471097,3,0,0,0,0,296,488,0.961392096,1.60232016,0,34,11.8,12.64911064,160.0,0,0,0,1,0,0,0,0,1,12.29166667,11.88888889,12.53333333,296,0,0,0,0,0,0,9,107,15,188,29200,227,6,32,0.0,0.0,0,0,0.0,0.0,0,0,BruteForce
2,2,0,14,0,14,0,7.0,9.899494937,0,0,0.0,0.0,7000000.0,1000000.0,2.0,0.0,2,2,2,2.0,0.0,2,2,0,0.0,0.0,0,0,1,0,0,0,64,0,1000000.0,0.0,0,14,9.333333333,8.082903769,65.33333333,0,1,0,0,1,0,0,0,0,14.0,7.0,0.0,64,0,0,0,0,0,0,2,14,0,0,229,-1,0,32,0.0,0.0,0,0,0.0,0.0,0,0,BruteForce
3,2,0,14,0,14,0,7.0,9.899494937,0,0,0.0,0.0,4666666.666999999,666666.6667,3.0,0.0,3,3,3,3.0,0.0,3,3,0,0.0,0.0,0,0,1,0,0,0,64,0,666666.6667,0.0,0,14,9.333333333,8.082903769,65.33333333,0,1,0,0,1,0,0,0,0,14.0,7.0,0.0,64,0,0,0,0,0,0,2,14,0,0,229,-1,0,32,0.0,0.0,0,0,0.0,0.0,0,0,BruteForce
8950934,9,15,92,188,18,0,10.22222222,7.774602526000003,34,0,12.53333333,14.54975045,31.28165172,2.681284434,389171.0435,1013327.735,3212961,3,5905865,738233.125,1372727.615,3256802,247,8950827,639344.7857,1251194.015,3212961,3,0,0,0,0,296,488,1.005481663,1.675802771,0,34,11.2,12.26104944,150.33333330000005,0,0,0,1,0,0,0,0,1,11.66666667,10.22222222,12.53333333,296,0,0,0,0,0,0,9,92,15,188,29200,227,6,32,0.0,0.0,0,0,0.0,0.0,0,0,BruteForce
192,2,2,14,0,14,0,7.0,9.899494937,0,0,0.0,0.0,72916.66667,20833.33333,64.0,53.32916650000001,106,4,192,192.0,0.0,192,192,4,4.0,0.0,4,4,1,0,0,0,64,40,10416.66667,10416.66667,0,14,5.6,7.668115805,58.8,0,1,0,0,1,0,0,0,1,7.0,7.0,0.0,64,0,0,0,0,0,0,2,14,2,0,229,0,0,32,0.0,0.0,0,0,0.0,0.0,0,0,BruteForce
4,2,0,14,0,14,0,7.0,9.899494937,0,0,0.0,0.0,3500000.0,500000.0,4.0,0.0,4,4,4,4.0,0.0,4,4,0,0.0,0.0,0,0,1,0,0,0,64,0,500000.0,0.0,0,14,9.333333333,8.082903769,65.33333333,0,1,0,0,1,0,0,0,0,14.0,7.0,0.0,64,0,0,0,0,0,0,2,14,0,0,229,-1,0,32,0.0,0.0,0,0,0.0,0.0,0,0,BruteForce
9199570,9,15,107,188,23,0,11.88888889,9.545214042,34,0,12.53333333,14.54975045,32.06671616,2.608817586,399981.3043,1045746.853,3432704,3,5726682,715835.25,1327855.096,3062004,3,9199451,657103.6429,1291800.941,3432704,3,0,0,0,0,296,488,0.978306595,1.630510991,0,34,11.8,12.64911064,160.0,0,0,0,1,0,0,0,0,1,12.29166667,11.88888889,12.53333333,296,0,0,0,0,0,0,9,107,15,188,29200,227,6,32,0.0,0.0,0,0,0.0,0.0,0,0,BruteForce
3,2,0,14,0,14,0,7.0,9.899494937,0,0,0.0,0.0,4666666.666999999,666666.6667,3.0,0.0,3,3,3,3.0,0.0,3,3,0,0.0,0.0,0,0,1,0,0,0,64,0,666666.6667,0.0,0,14,9.333333333,8.082903769,65.33333333,0,1,0,0,1,0,0,0,0,14.0,7.0,0.0,64,0,0,0,0,0,0,2,14,0,0,229,-1,0,32,0.0,0.0,0,0,0.0,0.0,0,0,BruteForce
19,2,0,14,0,14,0,7.0,9.899494937,0,0,0.0,0.0,736842.1053,105263.1579,19.0,0.0,19,19,19,19.0,0.0,19,19,0,0.0,0.0,0,0,1,0,0,0,64,0,105263.1579,0.0,0,14,9.333333333,8.082903769,65.33333333,0,1,0,0,1,0,0,0,0,14.0,7.0,0.0,64,0,0,0,0,0,0,2,14,0,0,229,-1,0,32,0.0,0.0,0,0,0.0,0.0,0,0,BruteForce
3,2,0,14,0,14,0,7.0,9.899494937,0,0,0.0,0.0,4666666.666999999,666666.6667,3.0,0.0,3,3,3,3.0,0.0,3,3,0,0.0,0.0,0,0,1,0,0,0,64,0,666666.6667,0.0,0,14,9.333333333,8.082903769,65.33333333,0,1,0,0,1,0,0,0,0,14.0,7.0,0.0,64,0,0,0,0,0,0,2,14,0,0,229,-1,0,32,0.0,0.0,0,0,0.0,0.0,0,0,BruteForce
9970863,9,15,100,188,23,0,11.11111111,8.823894328,34,0,12.53333333,14.54975045,28.88415978,2.407013315,433515.7826,1109513.619,3451623,3,6731404,841425.5,1515596.878,3493916,4,9970752,712196.5714,1367317.716,3451623,3,0,0,0,0,296,488,0.902629993,1.5043833219999998,0,34,11.52,12.47704559,155.6766667,0,0,0,1,0,0,0,0,1,12.0,11.11111111,12.53333333,296,0,0,0,0,0,0,9,100,15,188,29200,227,6,32,0.0,0.0,0,0,0.0,0.0,0,0,BruteForce
250,2,1,14,0,14,0,7.0,9.899494937,0,0,0.0,0.0,56000.0,12000.0,125.0,42.42640687,155,95,250,250.0,0.0,250,250,0,0.0,0.0,0,0,1,0,0,0,64,20,8000.0,4000.0,0,14,7.0,8.082903769,65.33333333,0,1,0,0,1,0,0,0,0,9.333333333,7.0,0.0,64,0,0,0,0,0,0,2,14,1,0,229,0,0,32,0.0,0.0,0,0,0.0,0.0,0,0,BruteForce
3,2,0,14,0,14,0,7.0,9.899494937,0,0,0.0,0.0,4666666.666999999,666666.6667,3.0,0.0,3,3,3,3.0,0.0,3,3,0,0.0,0.0,0,0,1,0,0,0,64,0,666666.6667,0.0,0,14,9.333333333,8.082903769,65.33333333,0,1,0,0,1,0,0,0,0,14.0,7.0,0.0,64,0,0,0,0,0,0,2,14,0,0,229,-1,0,32,0.0,0.0,0,0,0.0,0.0,0,0,BruteForce
9023977,9,15,108,188,23,0,12.0,9.682458366,34,0,12.53333333,14.54975045,32.80150204,2.659581247,392346.8261,1018604.695,3040752,3,5942223,742777.875,1373439.31,3011616,4,9023881,644562.9286,1257301.481,3040752,3,0,0,0,0,296,488,0.997342968,1.662238279,0,34,11.84,12.68424219,160.89,0,0,0,1,0,0,0,0,1,12.33333333,12.0,12.53333333,296,0,0,0,0,0,0,9,108,15,188,29200,227,6,32,0.0,0.0,0,0,0.0,0.0,0,0,BruteForce
2,2,0,14,0,14,0,7.0,9.899494937,0,0,0.0,0.0,7000000.0,1000000.0,2.0,0.0,2,2,2,2.0,0.0,2,2,0,0.0,0.0,0,0,1,0,0,0,64,0,1000000.0,0.0,0,14,9.333333333,8.082903769,65.33333333,0,1,0,0,1,0,0,0,0,14.0,7.0,0.0,64,0,0,0,0,0,0,2,14,0,0,229,-1,0,32,0.0,0.0,0,0,0.0,0.0,0,0,BruteForce
9709633,9,15,97,188,19,0,10.77777778,8.303279137999999,34,0,12.53333333,14.54975045,29.35229375,2.471772105,422157.9565,1096479.447,3669830,30,6706485,838310.625,1545353.981,3712490,223,9709509,693536.3571,1353493.205,3669830,45,0,0,0,0,296,488,0.926914539,1.544857566,0,34,11.4,12.36257794,152.83333330000005,0,0,0,1,0,0,0,0,1,11.875,10.77777778,12.53333333,296,0,0,0,0,0,0,9,97,15,188,29200,227,6,32,0.0,0.0,0,0,0.0,0.0,0,0,BruteForce
9726375,9,15,114,188,32,0,12.66666667,11.01135777,34,0,12.53333333,14.54975045,31.04959453,2.467517446,422885.8696,1098503.9109999998,3680472,2,6715253,839406.625,1547905.715,3723506,161,9726272,694733.7143,1356009.929,3680472,2,0,0,0,0,296,488,0.925319042,1.542198404,0,34,12.08,13.04773288,170.24333330000005,0,0,0,1,0,0,0,0,1,12.58333333,12.66666667,12.53333333,296,0,0,0,0,0,0,9,114,15,188,29200,227,6,32,0.0,0.0,0,0,0.0,0.0,0,0,BruteForce
9627701,9,15,116,188,28,0,12.88888889,10.81023178,34,0,12.53333333,14.54975045,31.57555475,2.492806954,418595.6957,1089067.882,3348694,3,6235128,779391.0,1442768.744,3243581,4,9627573,687683.7857,1344593.1930000002,3348694,3,0,0,0,0,296,488,0.934802608,1.558004346,0,34,12.16,12.99576854,168.89,0,0,0,1,0,0,0,0,1,12.66666667,12.88888889,12.53333333,296,0,0,0,0,0,0,9,116,15,188,29200,227,6,32,0.0,0.0,0,0,0.0,0.0,0,0,BruteForce
8819916,9,15,107,188,24,0,11.88888889,9.571369344,34,0,12.53333333,14.54975045,33.44703056,2.721114351,383474.6087,987535.5891,3195655,4,5837744,729718.0,1333828.563,3239129,197,8819852,629989.4286,1217851.501,3195655,4,0,0,0,0,296,488,1.020417882,1.7006964690000002,0,34,11.8,12.655697,160.16666669999995,0,0,0,1,0,0,0,0,1,12.29166667,11.88888889,12.53333333,296,0,0,0,0,0,0,9,107,15,188,29200,227,6,32,0.0,0.0,0,0,0.0,0.0,0,0,BruteForce
28,2,0,14,0,14,0,7.0,9.899494937,0,0,0.0,0.0,500000.0,71428.57143,28.0,0.0,28,28,28,28.0,0.0,28,28,0,0.0,0.0,0,0,1,0,0,0,64,0,71428.57143,0.0,0,14,9.333333333,8.082903769,65.33333333,0,1,0,0,1,0,0,0,0,14.0,7.0,0.0,64,0,0,0,0,0,0,2,14,0,0,229,-1,0,32,0.0,0.0,0,0,0.0,0.0,0,0,BruteForce
3,2,0,14,0,14,0,7.0,9.899494937,0,0,0.0,0.0,4666666.666999999,666666.6667,3.0,0.0,3,3,3,3.0,0.0,3,3,0,0.0,0.0,0,0,1,0,0,0,64,0,666666.6667,0.0,0,14,9.333333333,8.082903769,65.33333333,0,1,0,0,1,0,0,0,0,14.0,7.0,0.0,64,0,0,0,0,0,0,2,14,0,0,229,-1,0,32,0.0,0.0,0,0,0.0,0.0,0,0,BruteForce
8924313,9,15,105,188,27,0,11.66666667,9.617692031,34,0,12.53333333,14.54975045,32.83165886,2.689282637,388013.6087,1016058.029,3372713,1,6428440,803555.0,1489207.9030000004,3414449,1,8924220,637444.2857,1255342.023,3372713,1,0,0,0,0,296,488,1.0084809890000002,1.680801648,0,34,11.72,12.66728069,160.46,0,0,0,1,0,0,0,0,1,12.20833333,11.66666667,12.53333333,296,0,0,0,0,0,0,9,105,15,188,29200,227,6,32,0.0,0.0,0,0,0.0,0.0,0,0,BruteForce
9750821,9,15,103,188,21,0,11.44444444,9.015418891,34,0,12.53333333,14.54975045,29.84364086,2.461331205,423948.7391,1103802.806,3385158,1,6440677,805084.625,1492957.405,3427684,3,9750776,696484.0,1362891.049,3385158,1,0,0,0,0,296,488,0.922999202,1.538332003,0,34,11.64,12.51958466,156.74,0,0,0,1,0,0,0,0,1,12.125,11.44444444,12.53333333,296,0,0,0,0,0,0,9,103,15,188,29200,227,6,32,0.0,0.0,0,0,0.0,0.0,0,0,BruteForce
8529919,9,15,99,188,20,0,11.0,8.5732141,34,0,12.53333333,14.54975045,33.64627495,2.81362578,370866.0435,961375.318,3015827,1,5723282,715410.25,1325638.963,3063231,3,8529825,609273.2143,1186462.277,3015827,1,0,0,0,0,296,488,1.055109668,1.7585161130000002,0,34,11.48,12.42014493,154.26,0,0,0,1,0,0,0,0,1,11.95833333,11.0,12.53333333,296,0,0,0,0,0,0,9,99,15,188,29200,227,6,32,0.0,0.0,0,0,0.0,0.0,0,0,BruteForce
9442319,9,15,111,188,30,0,12.33333333,10.55935604,34,0,12.53333333,14.54975045,31.66594986,2.541748484,410535.6087,1076548.2240000002,3412641,3,5983357,747919.625,1403028.334,3448272,17,9442237,674445.5,1330280.449,3412641,3,0,0,0,0,296,488,0.953155681,1.588592802,0,34,11.96,12.91794617,166.8733333,0,0,0,1,0,0,0,0,1,12.45833333,12.33333333,12.53333333,296,0,0,0,0,0,0,9,111,15,188,29200,227,6,32,0.0,0.0,0,0,0.0,0.0,0,0,BruteForce
4,2,0,14,0,14,0,7.0,9.899494937,0,0,0.0,0.0,3500000.0,500000.0,4.0,0.0,4,4,4,4.0,0.0,4,4,0,0.0,0.0,0,0,1,0,0,0,64,0,500000.0,0.0,0,14,9.333333333,8.082903769,65.33333333,0,1,0,0,1,0,0,0,0,14.0,7.0,0.0,64,0,0,0,0,0,0,2,14,0,0,229,-1,0,32,0.0,0.0,0,0,0.0,0.0,0,0,BruteForce
307,2,1,14,0,14,0,7.0,9.899494937,0,0,0.0,0.0,45602.60586,9771.986970999998,153.5,72.83199846,205,102,307,307.0,0.0,307,307,0,0.0,0.0,0,0,1,0,0,0,64,20,6514.65798,3257.32899,0,14,7.0,8.082903769,65.33333333,0,1,0,0,1,0,0,0,0,9.333333333,7.0,0.0,64,0,0,0,0,0,0,2,14,1,0,229,0,0,32,0.0,0.0,0,0,0.0,0.0,0,0,BruteForce
9490362,9,15,105,188,27,0,11.66666667,9.669539803,34,0,12.53333333,14.54975045,30.87342717,2.528881406,412624.4348,1074276.968,3370005,3,6579830,822478.75,1522600.365,3415521,3,9490275,677876.7857,1326430.917,3370005,3,0,0,0,0,296,488,0.948330527,1.580550879,0,34,11.72,12.68043112,160.7933333,0,0,0,1,0,0,0,0,1,12.20833333,11.66666667,12.53333333,296,0,0,0,0,0,0,9,105,15,188,29200,227,6,32,0.0,0.0,0,0,0.0,0.0,0,0,BruteForce
9968841,9,15,109,188,24,0,12.11111111,9.803627447,34,0,12.53333333,14.54975045,29.79283148,2.407501534,433427.8696,1124985.732,3371750,4,6597659,824707.375,1521572.31,3416017,212,9968735,712052.5,1388574.237,3371750,4,0,0,0,0,296,488,0.902813075,1.504688459,0,34,11.88,12.71586935,161.6933333,0,0,0,1,0,0,0,0,1,12.375,12.11111111,12.53333333,296,0,0,0,0,0,0,9,109,15,188,29200,227,6,32,0.0,0.0,0,0,0.0,0.0,0,0,BruteForce
40,2,0,14,0,14,0,7.0,9.899494937,0,0,0.0,0.0,350000.0,50000.0,40.0,0.0,40,40,40,40.0,0.0,40,40,0,0.0,0.0,0,0,1,0,0,0,64,0,50000.0,0.0,0,14,9.333333333,8.082903769,65.33333333,0,1,0,0,1,0,0,0,0,14.0,7.0,0.0,64,0,0,0,0,0,0,2,14,0,0,229,-1,0,32,0.0,0.0,0,0,0.0,0.0,0,0,BruteForce
1,2,0,14,0,14,0,7.0,9.899494937,0,0,0.0,0.0,14000000.0,2000000.0,1.0,0.0,1,1,1,1.0,0.0,1,1,0,0.0,0.0,0,0,1,0,0,0,64,0,2000000.0,0.0,0,14,9.333333333,8.082903769,65.33333333,0,1,0,0,1,0,0,0,0,14.0,7.0,0.0,64,0,0,0,0,0,0,2,14,0,0,229,-1,0,32,0.0,0.0,0,0,0.0,0.0,0,0,BruteForce
9012528,9,15,103,188,23,0,11.44444444,9.207484878,34,0,12.53333333,14.54975045,32.2883879,2.662959827,391849.0435,1023326.219,3372911,0,5597928,699741.0,1295540.795,2924478,48,9012394,643742.4286,1263950.119,3372911,3,0,0,0,0,296,488,0.998609935,1.664349892,0,34,11.64,12.56609194,157.9066667,0,0,0,1,0,0,0,0,1,12.125,11.44444444,12.53333333,296,0,0,0,0,0,0,9,103,15,188,29200,227,6,32,0.0,0.0,0,0,0.0,0.0,0,0,BruteForce
4,2,0,14,0,14,0,7.0,9.899494937,0,0,0.0,0.0,3500000.0,500000.0,4.0,0.0,4,4,4,4.0,0.0,4,4,0,0.0,0.0,0,0,1,0,0,0,64,0,500000.0,0.0,0,14,9.333333333,8.082903769,65.33333333,0,1,0,0,1,0,0,0,0,14.0,7.0,0.0,64,0,0,0,0,0,0,2,14,0,0,229,-1,0,32,0.0,0.0,0,0,0.0,0.0,0,0,BruteForce
4,2,0,14,0,14,0,7.0,9.899494937,0,0,0.0,0.0,3500000.0,500000.0,4.0,0.0,4,4,4,4.0,0.0,4,4,0,0.0,0.0,0,0,1,0,0,0,64,0,500000.0,0.0,0,14,9.333333333,8.082903769,65.33333333,0,1,0,0,1,0,0,0,0,14.0,7.0,0.0,64,0,0,0,0,0,0,2,14,0,0,229,-1,0,32,0.0,0.0,0,0,0.0,0.0,0,0,BruteForce
8776765,9,15,107,188,25,0,11.88888889,9.623466689,34,0,12.53333333,14.54975045,33.61147302,2.73449272,381598.4783,992629.8673,3137565,3,6108639,763579.875,1413501.6530000004,3179574,46,8776606,626900.4286,1225506.183,3137565,3,0,0,0,0,296,488,1.02543477,1.70905795,0,34,11.8,12.66885946,160.5,0,0,0,1,0,0,0,0,1,12.29166667,11.88888889,12.53333333,296,0,0,0,0,0,0,9,107,15,188,29200,227,6,32,0.0,0.0,0,0,0.0,0.0,0,0,BruteForce
9070830,9,15,102,188,21,0,11.33333333,8.902246907,34,0,12.53333333,14.54975045,31.97061349,2.645843875,394383.91299999994,1030346.41,3392435,3,5637393,704674.125,1304436.324,2943495,243,9070710,647907.8571,1272674.688,3392435,3,0,0,0,0,296,488,0.992191453,1.653652422,0,34,11.6,12.49333155,156.08333330000005,0,0,0,1,0,0,0,0,1,12.08333333,11.33333333,12.53333333,296,0,0,0,0,0,0,9,102,15,188,29200,227,6,32,0.0,0.0,0,0,0.0,0.0,0,0,BruteForce
9332258,9,15,102,188,22,0,11.33333333,8.93028555,34,0,12.53333333,14.54975045,31.07500886,2.571724871,405750.3478,1054409.104,3252063,3,6036501,754562.625,1395642.365,3143119,3,9332129,666580.6429,1301635.125,3252063,3,0,0,0,0,296,488,0.964396827,1.607328044,0,34,11.6,12.5,156.25,0,0,0,1,0,0,0,0,1,12.08333333,11.33333333,12.53333333,296,0,0,0,0,0,0,9,102,15,188,29200,227,6,32,0.0,0.0,0,0,0.0,0.0,0,0,BruteForce
4,2,0,14,0,14,0,7.0,9.899494937,0,0,0.0,0.0,3500000.0,500000.0,4.0,0.0,4,4,4,4.0,0.0,4,4,0,0.0,0.0,0,0,1,0,0,0,64,0,500000.0,0.0,0,14,9.333333333,8.082903769,65.33333333,0,1,0,0,1,0,0,0,0,14.0,7.0,0.0,64,0,0,0,0,0,0,2,14,0,0,229,-1,0,32,0.0,0.0,0,0,0.0,0.0,0,0,BruteForce
60,2,0,14,0,14,0,7.0,9.899494937,0,0,0.0,0.0,233333.3333,33333.33333,60.0,0.0,60,60,60,60.0,0.0,60,60,0,0.0,0.0,0,0,1,0,0,0,64,0,33333.33333,0.0,0,14,9.333333333,8.082903769,65.33333333,0,1,0,0,1,0,0,0,0,14.0,7.0,0.0,64,0,0,0,0,0,0,2,14,0,0,229,-1,0,32,0.0,0.0,0,0,0.0,0.0,0,0,BruteForce
9466117,9,15,112,188,26,0,12.44444444,10.23610169,34,0,12.53333333,14.54975045,31.69198099,2.535358479,411570.3043,1070355.335,3272967,1,6524218,815527.25,1508182.866,3315883,1,9465976,676141.1429,1321433.1509999998,3272967,3,0,0,0,0,296,488,0.95075943,1.584599049,0,34,12.0,12.83225104,164.66666669999995,0,0,0,1,0,0,0,0,1,12.5,12.44444444,12.53333333,296,0,0,0,0,0,0,9,112,15,188,29200,227,6,32,0.0,0.0,0,0,0.0,0.0,0,0,BruteForce
9426296,9,15,102,188,22,0,11.33333333,8.93028555,34,0,12.53333333,14.54975045,30.76500038,2.546068997,409838.9565,1066521.95,3272631,3,6228462,778557.75,1443603.272,3314516,4,9426177,673298.3571,1316789.933,3272631,3,0,0,0,0,296,488,0.954775874,1.591293123,0,34,11.6,12.5,156.25,0,0,0,1,0,0,0,0,1,12.08333333,11.33333333,12.53333333,296,0,0,0,0,0,0,9,102,15,188,29200,227,6,32,0.0,0.0,0,0,0.0,0.0,0,0,BruteForce
8965011,9,15,105,188,21,0,11.66666667,9.260129589,34,0,12.53333333,14.54975045,32.68261467,2.677074239,389783.08700000006,1013355.715,3268752,3,6236231,779528.875,1442413.826,3312681,47,8964908,640350.5714,1251015.841,3268752,3,0,0,0,0,296,488,1.00390284,1.673171399,0,34,11.72,12.57815567,158.21,0,0,0,1,0,0,0,0,1,12.20833333,11.66666667,12.53333333,296,0,0,0,0,0,0,9,105,15,188,29200,227,6,32,0.0,0.0,0,0,0.0,0.0,0,0,BruteForce
8902018,9,15,113,188,26,0,12.55555556,10.38160767,34,0,12.53333333,14.54975045,33.81255801,2.6960179139999996,387044.2609,1007130.94,3184221,3,6195992,774499.0,1433418.878,3225601,3,8901900,635850.0,1243452.815,3184221,3,0,0,0,0,296,488,1.011006718,1.685011196,0,34,12.04,12.87271015,165.7066667,0,0,0,1,0,0,0,0,1,12.54166667,12.55555556,12.53333333,296,0,0,0,0,0,0,9,113,15,188,29200,227,6,32,0.0,0.0,0,0,0.0,0.0,0,0,BruteForce
8911097,9,15,107,188,23,0,11.88888889,9.545214042,34,0,12.53333333,14.54975045,33.10479058,2.6932710980000003,387439.0,1008226.485,3184304,1,6197290,774661.25,1433900.9740000004,3226639,4,8911020,636501.4286,1244813.773,3184304,4,0,0,0,0,296,488,1.009976662,1.683294436,0,34,11.8,12.64911064,160.0,0,0,0,1,0,0,0,0,1,12.29166667,11.88888889,12.53333333,296,0,0,0,0,0,0,9,107,15,188,29200,227,6,32,0.0,0.0,0,0,0.0,0.0,0,0,BruteForce
9254147,9,15,112,188,27,0,12.44444444,10.29697906,34,0,12.53333333,14.54975045,32.417898699999995,2.593431896,402354.2174,1048135.073,3291458,3,6091595,761449.375,1416330.6430000004,3335763,3,9254027,661001.9286,1294236.916,3291458,3,0,0,0,0,296,488,0.972536961,1.620894935,0,34,12.0,12.84847591,165.08333330000005,0,0,0,1,0,0,0,0,1,12.5,12.44444444,12.53333333,296,0,0,0,0,0,0,9,112,15,188,29200,227,6,32,0.0,0.0,0,0,0.0,0.0,0,0,BruteForce
8547006,9,15,107,188,25,0,11.88888889,9.623466689,34,0,12.53333333,14.54975045,34.51501029,2.808000837,371608.9565,970136.2754,3136786,1,5620669,702583.625,1314074.882,3180768,47,8546887,610491.9286,1198209.09,3136786,1,0,0,0,0,296,488,1.0530003140000002,1.755000523,0,34,11.8,12.66885946,160.5,0,0,0,1,0,0,0,0,1,12.29166667,11.88888889,12.53333333,296,0,0,0,0,0,0,9,107,15,188,29200,227,6,32,0.0,0.0,0,0,0.0,0.0,0,0,BruteForce
383,2,1,14,0,14,0,7.0,9.899494937,0,0,0.0,0.0,36553.5248,7832.898172,191.5,0.7071067809999999,192,191,383,383.0,0.0,383,383,0,0.0,0.0,0,0,1,0,0,0,64,20,5221.932115,2610.966057,0,14,7.0,8.082903769,65.33333333,0,1,0,0,1,0,0,0,0,9.333333333,7.0,0.0,64,0,0,0,0,0,0,2,14,1,0,229,0,0,32,0.0,0.0,0,0,0.0,0.0,0,0,BruteForce
4,2,0,14,0,14,0,7.0,9.899494937,0,0,0.0,0.0,3500000.0,500000.0,4.0,0.0,4,4,4,4.0,0.0,4,4,0,0.0,0.0,0,0,1,0,0,0,64,0,500000.0,0.0,0,14,9.333333333,8.082903769,65.33333333,0,1,0,0,1,0,0,0,0,14.0,7.0,0.0,64,0,0,0,0,0,0,2,14,0,0,229,-1,0,32,0.0,0.0,0,0,0.0,0.0,0,0,BruteForce
383,2,2,14,0,14,0,7.0,9.899494937,0,0,0.0,0.0,36553.5248,10443.86423,127.6666667,61.43560314,197,80,383,383.0,0.0,383,383,197,197.0,0.0,197,197,1,0,0,0,64,40,5221.932115,5221.932115,0,14,5.6,7.668115805,58.8,0,1,0,0,1,0,0,0,1,7.0,7.0,0.0,64,0,0,0,0,0,0,2,14,2,0,229,0,0,32,0.0,0.0,0,0,0.0,0.0,0,0,BruteForce
265,2,1,14,0,14,0,7.0,9.899494937,0,0,0.0,0.0,52830.18868,11320.75472,132.5,24.74873734,150,115,265,265.0,0.0,265,265,0,0.0,0.0,0,0,1,0,0,0,64,20,7547.169811,3773.584906,0,14,7.0,8.082903769,65.33333333,0,1,0,0,1,0,0,0,0,9.333333333,7.0,0.0,64,0,0,0,0,0,0,2,14,1,0,229,0,0,32,0.0,0.0,0,0,0.0,0.0,0,0,BruteForce
240,2,1,14,0,14,0,7.0,9.899494937,0,0,0.0,0.0,58333.333329999994,12500.0,120.0,90.50966799,184,56,240,240.0,0.0,240,240,0,0.0,0.0,0,0,1,0,0,0,64,20,8333.333333,4166.666667,0,14,7.0,8.082903769,65.33333333,0,1,0,0,1,0,0,0,0,9.333333333,7.0,0.0,64,0,0,0,0,0,0,2,14,1,0,229,0,0,32,0.0,0.0,0,0,0.0,0.0,0,0,BruteForce
4,2,0,14,0,14,0,7.0,9.899494937,0,0,0.0,0.0,3500000.0,500000.0,4.0,0.0,4,4,4,4.0,0.0,4,4,0,0.0,0.0,0,0,1,0,0,0,64,0,500000.0,0.0,0,14,9.333333333,8.082903769,65.33333333,0,1,0,0,1,0,0,0,0,14.0,7.0,0.0,64,0,0,0,0,0,0,2,14,0,0,229,-1,0,32,0.0,0.0,0,0,0.0,0.0,0,0,BruteForce
9439063,9,15,102,188,21,0,11.33333333,8.902246907,34,0,12.53333333,14.54975045,30.72338854,2.542625258,410394.0435,1065370.0259999998,3270595,3,6242452,780306.5,1441964.937,3313955,18,9439037,674216.9286,1315009.338,3270595,3,0,0,0,0,296,488,0.953484472,1.5891407869999998,0,34,11.6,12.49333155,156.08333330000005,0,0,0,1,0,0,0,0,1,12.08333333,11.33333333,12.53333333,296,0,0,0,0,0,0,9,102,15,188,29200,227,6,32,0.0,0.0,0,0,0.0,0.0,0,0,BruteForce
3,2,0,14,0,14,0,7.0,9.899494937,0,0,0.0,0.0,4666666.666999999,666666.6667,3.0,0.0,3,3,3,3.0,0.0,3,3,0,0.0,0.0,0,0,1,0,0,0,64,0,666666.6667,0.0,0,14,9.333333333,8.082903769,65.33333333,0,1,0,0,1,0,0,0,0,14.0,7.0,0.0,64,0,0,0,0,0,0,2,14,0,0,229,-1,0,32,0.0,0.0,0,0,0.0,0.0,0,0,BruteForce
8861946,9,15,111,188,28,0,12.33333333,10.29563014,34,0,12.53333333,14.54975045,33.73976777,2.708208784,385302.0,1004843.273,3271440,1,5548234,693529.25,1284382.056,2908051,1,8861843,632988.7857,1240932.112,3271440,3,0,0,0,0,296,488,1.015578294,1.69263049,0,34,11.96,12.84678948,165.04,0,0,0,1,0,0,0,0,1,12.45833333,12.33333333,12.53333333,296,0,0,0,0,0,0,9,111,15,188,29200,227,6,32,0.0,0.0,0,0,0.0,0.0,0,0,BruteForce
8972650,9,15,102,188,22,0,11.33333333,8.94427191,34,0,12.53333333,14.54975045,32.32044045,2.674795072,390115.2174,1003579.141,3272093,3,5658833,707354.125,1276910.32,2915398,3,8972600,640900.0,1237488.932,3272093,3,0,0,0,0,296,488,1.003048152,1.67174692,0,34,11.6,12.50333289,156.33333330000005,0,0,0,1,0,0,0,0,1,12.08333333,11.33333333,12.53333333,296,0,0,0,0,0,0,9,102,15,188,29200,227,6,32,0.0,0.0,0,0,0.0,0.0,0,0,BruteForce
251,2,1,14,0,14,0,7.0,9.899494937,0,0,0.0,0.0,55776.89242999999,11952.19124,125.5,34.64823228,150,101,251,251.0,0.0,251,251,0,0.0,0.0,0,0,1,0,0,0,64,20,7968.127490000003,3984.063745,0,14,7.0,8.082903769,65.33333333,0,1,0,0,1,0,0,0,0,9.333333333,7.0,0.0,64,0,0,0,0,0,0,2,14,1,0,229,0,0,32,0.0,0.0,0,0,0.0,0.0,0,0,BruteForce
46,2,0,14,0,14,0,7.0,9.899494937,0,0,0.0,0.0,304347.8261,43478.26087,46.0,0.0,46,46,46,46.0,0.0,46,46,0,0.0,0.0,0,0,1,0,0,0,64,0,43478.26087,0.0,0,14,9.333333333,8.082903769,65.33333333,0,1,0,0,1,0,0,0,0,14.0,7.0,0.0,64,0,0,0,0,0,0,2,14,0,0,229,-1,0,32,0.0,0.0,0,0,0.0,0.0,0,0,BruteForce
9260290,9,15,111,188,26,0,12.33333333,10.27131929,34,0,12.53333333,14.54975045,32.28840565,2.591711491,402621.3043,1020318.742,3120909,3,6097932,762241.5,1348872.629,3079204,4,9260171,661440.7857,1255966.596,3120909,3,0,0,0,0,296,488,0.971891809,1.619819682,0,34,11.96,12.84030114,164.8733333,0,0,0,1,0,0,0,0,1,12.45833333,12.33333333,12.53333333,296,0,0,0,0,0,0,9,111,15,188,29200,227,6,32,0.0,0.0,0,0,0.0,0.0,0,0,BruteForce
216,2,1,14,0,14,0,7.0,9.899494937,0,0,0.0,0.0,64814.81481,13888.88889,108.0,74.95331881,161,55,216,216.0,0.0,216,216,0,0.0,0.0,0,0,1,0,0,0,64,20,9259.259259,4629.6296299999985,0,14,7.0,8.082903769,65.33333333,0,1,0,0,1,0,0,0,0,9.333333333,7.0,0.0,64,0,0,0,0,0,0,2,14,1,0,229,0,0,32,0.0,0.0,0,0,0.0,0.0,0,0,BruteForce
206,2,1,14,0,14,0,7.0,9.899494937,0,0,0.0,0.0,67961.16505,14563.1068,103.0,24.04163056,120,86,206,206.0,0.0,206,206,0,0.0,0.0,0,0,1,0,0,0,64,20,9708.737864,4854.368932,0,14,7.0,8.082903769,65.33333333,0,1,0,0,1,0,0,0,0,9.333333333,7.0,0.0,64,0,0,0,0,0,0,2,14,1,0,229,0,0,32,0.0,0.0,0,0,0.0,0.0,0,0,BruteForce
233,2,1,14,0,14,0,7.0,9.899494937,0,0,0.0,0.0,60085.836910000005,12875.53648,116.5,60.1040764,159,74,233,233.0,0.0,233,233,0,0.0,0.0,0,0,1,0,0,0,64,20,8583.690987,4291.845494,0,14,7.0,8.082903769,65.33333333,0,1,0,0,1,0,0,0,0,9.333333333,7.0,0.0,64,0,0,0,0,0,0,2,14,1,0,229,0,0,32,0.0,0.0,0,0,0.0,0.0,0,0,BruteForce
8195076,9,15,107,188,23,0,11.88888889,9.545214042,34,0,12.53333333,14.54975045,35.99722565,2.92858785,356307.6522,923263.924,2895375,3,5257511,657188.875,1212264.012,2656986,44,8194962,585354.4286,1139378.182,2895375,3,0,0,0,0,296,488,1.098220444,1.830367406,0,34,11.8,12.64911064,160.0,0,0,0,1,0,0,0,0,1,12.29166667,11.88888889,12.53333333,296,0,0,0,0,0,0,9,107,15,188,29200,227,6,32,0.0,0.0,0,0,0.0,0.0,0,0,BruteForce
231,2,1,14,0,14,0,7.0,9.899494937,0,0,0.0,0.0,60606.06061,12987.01299,115.5,70.00357134,165,66,231,231.0,0.0,231,231,0,0.0,0.0,0,0,1,0,0,0,64,20,8658.008658,4329.004329,0,14,7.0,8.082903769,65.33333333,0,1,0,0,1,0,0,0,0,9.333333333,7.0,0.0,64,0,0,0,0,0,0,2,14,1,0,229,0,0,32,0.0,0.0,0,0,0.0,0.0,0,0,BruteForce
3,2,0,14,0,14,0,7.0,9.899494937,0,0,0.0,0.0,4666666.666999999,666666.6667,3.0,0.0,3,3,3,3.0,0.0,3,3,0,0.0,0.0,0,0,1,0,0,0,64,0,666666.6667,0.0,0,14,9.333333333,8.082903769,65.33333333,0,1,0,0,1,0,0,0,0,14.0,7.0,0.0,64,0,0,0,0,0,0,2,14,0,0,229,-1,0,32,0.0,0.0,0,0,0.0,0.0,0,0,BruteForce
4,2,0,14,0,14,0,7.0,9.899494937,0,0,0.0,0.0,3500000.0,500000.0,4.0,0.0,4,4,4,4.0,0.0,4,4,0,0.0,0.0,0,0,1,0,0,0,64,0,500000.0,0.0,0,14,9.333333333,8.082903769,65.33333333,0,1,0,0,1,0,0,0,0,14.0,7.0,0.0,64,0,0,0,0,0,0,2,14,0,0,229,-1,0,32,0.0,0.0,0,0,0.0,0.0,0,0,BruteForce
9235167,9,15,114,188,27,0,12.66666667,10.54751155,34,0,12.53333333,14.54975045,32.70108705,2.598761885,401529.0,1048681.564,3490057,3,6157820,769727.5,1437505.27,3533336,187,9235056,659646.8571,1295275.844,3490057,3,0,0,0,0,296,488,0.974535707,1.624226178,0,34,12.08,12.91936531,166.91,0,0,0,1,0,0,0,0,1,12.58333333,12.66666667,12.53333333,296,0,0,0,0,0,0,9,114,15,188,29200,227,6,32,0.0,0.0,0,0,0.0,0.0,0,0,BruteForce
245,2,1,14,0,14,0,7.0,9.899494937,0,0,0.0,0.0,57142.85714,12244.89796,122.5,98.28784258,192,53,245,245.0,0.0,245,245,0,0.0,0.0,0,0,1,0,0,0,64,20,8163.265306,4081.632653,0,14,7.0,8.082903769,65.33333333,0,1,0,0,1,0,0,0,0,9.333333333,7.0,0.0,64,0,0,0,0,0,0,2,14,1,0,229,0,0,32,0.0,0.0,0,0,0.0,0.0,0,0,BruteForce
48,2,0,14,0,14,0,7.0,9.899494937,0,0,0.0,0.0,291666.6667,41666.66667,48.0,0.0,48,48,48,48.0,0.0,48,48,0,0.0,0.0,0,0,1,0,0,0,64,0,41666.66667,0.0,0,14,9.333333333,8.082903769,65.33333333,0,1,0,0,1,0,0,0,0,14.0,7.0,0.0,64,0,0,0,0,0,0,2,14,0,0,229,-1,0,32,0.0,0.0,0,0,0.0,0.0,0,0,BruteForce
8734008,9,15,108,188,24,0,12.0,9.695359715,34,0,12.53333333,14.54975045,33.89051166,2.747879324,379739.4783,991320.8619,3258223,1,6148526,768565.75,1426279.3369999996,3299907,1,8733843,623845.9286,1224368.735,3258223,3,0,0,0,0,296,488,1.030454747,1.717424578,0,34,11.84,12.68752668,160.9733333,0,0,0,1,0,0,0,0,1,12.33333333,12.0,12.53333333,296,0,0,0,0,0,0,9,108,15,188,29200,227,6,32,0.0,0.0,0,0,0.0,0.0,0,0,BruteForce
3,2,0,14,0,14,0,7.0,9.899494937,0,0,0.0,0.0,4666666.666999999,666666.6667,3.0,0.0,3,3,3,3.0,0.0,3,3,0,0.0,0.0,0,0,1,0,0,0,64,0,666666.6667,0.0,0,14,9.333333333,8.082903769,65.33333333,0,1,0,0,1,0,0,0,0,14.0,7.0,0.0,64,0,0,0,0,0,0,2,14,0,0,229,-1,0,32,0.0,0.0,0,0,0.0,0.0,0,0,BruteForce
206,2,1,14,0,14,0,7.0,9.899494937,0,0,0.0,0.0,67961.16505,14563.1068,103.0,19.79898987,117,89,206,206.0,0.0,206,206,0,0.0,0.0,0,0,1,0,0,0,64,20,9708.737864,4854.368932,0,14,7.0,8.082903769,65.33333333,0,1,0,0,1,0,0,0,0,9.333333333,7.0,0.0,64,0,0,0,0,0,0,2,14,1,0,229,0,0,32,0.0,0.0,0,0,0.0,0.0,0,0,BruteForce
8719689,9,15,113,188,24,0,12.55555556,10.3091114,34,0,12.53333333,14.54975045,34.51957977,2.752391742,379116.91299999994,985094.8053,3115104,3,6073484,759185.5,1403412.867,3159420,3,8719577,622826.9286,1216054.478,3115104,3,0,0,0,0,296,488,1.032146903,1.720244839,0,34,12.04,12.85327455,165.2066667,0,0,0,1,0,0,0,0,1,12.54166667,12.55555556,12.53333333,296,0,0,0,0,0,0,9,113,15,188,29200,227,6,32,0.0,0.0,0,0,0.0,0.0,0,0,BruteForce
4,2,0,14,0,14,0,7.0,9.899494937,0,0,0.0,0.0,3500000.0,500000.0,4.0,0.0,4,4,4,4.0,0.0,4,4,0,0.0,0.0,0,0,1,0,0,0,64,0,500000.0,0.0,0,14,9.333333333,8.082903769,65.33333333,0,1,0,0,1,0,0,0,0,14.0,7.0,0.0,64,0,0,0,0,0,0,2,14,0,0,229,-1,0,32,0.0,0.0,0,0,0.0,0.0,0,0,BruteForce
8705298,9,15,98,188,20,0,10.88888889,8.432740427,34,0,12.53333333,14.54975045,32.85355654,2.756941807,378491.2174,985608.3731,3178079,1,5483582,685447.75,1268603.758,2865707,3,8705205,621800.3571,1216979.295,3178079,1,0,0,0,0,296,488,1.033853178,1.723088629,0,34,11.44,12.38978074,153.50666669999995,0,0,0,1,0,0,0,0,1,11.91666667,10.88888889,12.53333333,296,0,0,0,0,0,0,9,98,15,188,29200,227,6,32,0.0,0.0,0,0,0.0,0.0,0,0,BruteForce
4,2,0,14,0,14,0,7.0,9.899494937,0,0,0.0,0.0,3500000.0,500000.0,4.0,0.0,4,4,4,4.0,0.0,4,4,0,0.0,0.0,0,0,1,0,0,0,64,0,500000.0,0.0,0,14,9.333333333,8.082903769,65.33333333,0,1,0,0,1,0,0,0,0,14.0,7.0,0.0,64,0,0,0,0,0,0,2,14,0,0,229,-1,0,32,0.0,0.0,0,0,0.0,0.0,0,0,BruteForce
9159121,9,15,111,188,26,0,12.33333333,10.12422837,34,0,12.53333333,14.54975045,32.64505404,2.620338786,398222.6522,1035673.495,3196075,3,5921148,740143.5,1370033.329,3087394,4,9158991,654213.6429,1278618.917,3196075,3,0,0,0,0,296,488,0.982627045,1.637711741,0,34,11.96,12.80130202,163.8733333,0,0,0,1,0,0,0,0,1,12.45833333,12.33333333,12.53333333,296,0,0,0,0,0,0,9,111,15,188,29200,227,6,32,0.0,0.0,0,0,0.0,0.0,0,0,BruteForce
3,2,0,14,0,14,0,7.0,9.899494937,0,0,0.0,0.0,4666666.666999999,666666.6667,3.0,0.0,3,3,3,3.0,0.0,3,3,0,0.0,0.0,0,0,1,0,0,0,64,0,666666.6667,0.0,0,14,9.333333333,8.082903769,65.33333333,0,1,0,0,1,0,0,0,0,14.0,7.0,0.0,64,0,0,0,0,0,0,2,14,0,0,229,-1,0,32,0.0,0.0,0,0,0.0,0.0,0,0,BruteForce
9767511,9,15,107,188,22,0,11.88888889,9.518986874,34,0,12.53333333,14.54975045,30.20216716,2.457125464,424674.3913,1099701.581,3308640,1,6682130,835266.25,1534287.746,3352780,64,9767375,697669.6429,1357015.113,3308640,1,0,0,0,0,296,488,0.921422049,1.535703415,0,34,11.8,12.64252085,159.83333330000005,0,0,0,1,0,0,0,0,1,12.29166667,11.88888889,12.53333333,296,0,0,0,0,0,0,9,107,15,188,29200,227,6,32,0.0,0.0,0,0,0.0,0.0,0,0,BruteForce
9754229,9,15,99,188,23,0,11.0,8.717797887,34,0,12.53333333,14.54975045,29.42313534,2.460471248,424096.91299999994,1098806.457,3293080,1,6661753,832719.125,1531007.382,3337202,3,9754060,696718.5714,1355994.105,3293080,1,0,0,0,0,296,488,0.922676718,1.53779453,0,34,11.48,12.45364739,155.0933333,0,0,0,1,0,0,0,0,1,11.95833333,11.0,12.53333333,296,0,0,0,0,0,0,9,99,15,188,29200,227,6,32,0.0,0.0,0,0,0.0,0.0,0,0,BruteForce
9471725,9,15,105,188,23,0,11.66666667,9.354143467,34,0,12.53333333,14.54975045,30.93417514,2.5338573490000003,411814.1304,1072742.6609999998,3316587,1,6113377,764172.125,1417618.945,3263926,4,9471666,676547.5714,1324613.498,3316587,1,0,0,0,0,296,488,0.950196506,1.583660843,0,34,11.72,12.60132268,158.7933333,0,0,0,1,0,0,0,0,1,12.20833333,11.66666667,12.53333333,296,0,0,0,0,0,0,9,105,15,188,29200,227,6,32,0.0,0.0,0,0,0.0,0.0,0,0,BruteForce
243,2,1,14,0,14,0,7.0,9.899494937,0,0,0.0,0.0,57613.16872,12345.67901,121.5,26.1629509,140,103,243,243.0,0.0,243,243,0,0.0,0.0,0,0,1,0,0,0,64,20,8230.452675,4115.226337,0,14,7.0,8.082903769,65.33333333,0,1,0,0,1,0,0,0,0,9.333333333,7.0,0.0,64,0,0,0,0,0,0,2,14,1,0,229,0,0,32,0.0,0.0,0,0,0.0,0.0,0,0,BruteForce
273,2,1,14,0,14,0,7.0,9.899494937,0,0,0.0,0.0,51282.05128,10989.01099,136.5,89.80256121,200,73,273,273.0,0.0,273,273,0,0.0,0.0,0,0,1,0,0,0,64,20,7326.007326000001,3663.003663,0,14,7.0,8.082903769,65.33333333,0,1,0,0,1,0,0,0,0,9.333333333,7.0,0.0,64,0,0,0,0,0,0,2,14,1,0,229,0,0,32,0.0,0.0,0,0,0.0,0.0,0,0,BruteForce
2,2,0,14,0,14,0,7.0,9.899494937,0,0,0.0,0.0,7000000.0,1000000.0,2.0,0.0,2,2,2,2.0,0.0,2,2,0,0.0,0.0,0,0,1,0,0,0,64,0,1000000.0,0.0,0,14,9.333333333,8.082903769,65.33333333,0,1,0,0,1,0,0,0,0,14.0,7.0,0.0,64,0,0,0,0,0,0,2,14,0,0,229,-1,0,32,0.0,0.0,0,0,0.0,0.0,0,0,BruteForce
8525279,9,15,106,188,23,0,11.77777778,9.417772796,34,0,12.53333333,14.54975045,34.4856749,2.8151571339999997,370664.3043,939939.9047,3052636,1,5684077,710509.625,1264909.708,3097460,219,8525176,608941.1429,1157111.548,3052636,1,0,0,0,0,296,488,1.055683925,1.759473209,0,34,11.76,12.61705195,159.19,0,0,0,1,0,0,0,0,1,12.25,11.77777778,12.53333333,296,0,0,0,0,0,0,9,106,15,188,29200,227,6,32,0.0,0.0,0,0,0.0,0.0,0,0,BruteForce
235,2,1,14,0,14,0,7.0,9.899494937,0,0,0.0,0.0,59574.468089999995,12765.95745,117.5,48.7903679,152,83,235,235.0,0.0,235,235,0,0.0,0.0,0,0,1,0,0,0,64,20,8510.638298,4255.319149,0,14,7.0,8.082903769,65.33333333,0,1,0,0,1,0,0,0,0,9.333333333,7.0,0.0,64,0,0,0,0,0,0,2,14,1,0,229,0,0,32,0.0,0.0,0,0,0.0,0.0,0,0,BruteForce
244,2,1,14,0,14,0,7.0,9.899494937,0,0,0.0,0.0,57377.049179999995,12295.08197,122.0,93.33809512,188,56,244,244.0,0.0,244,244,0,0.0,0.0,0,0,1,0,0,0,64,20,8196.721311,4098.360656,0,14,7.0,8.082903769,65.33333333,0,1,0,0,1,0,0,0,0,9.333333333,7.0,0.0,64,0,0,0,0,0,0,2,14,1,0,229,0,0,32,0.0,0.0,0,0,0.0,0.0,0,0,BruteForce
8938220,9,15,110,188,26,0,12.22222222,10.1214843,34,0,12.53333333,14.54975045,33.33997149,2.685098375,388618.2609,1020561.694,3256003,3,5640309,705038.625,1324811.318,3276155,3,8938105,638436.0714,1261298.236,3256003,3,0,0,0,0,296,488,1.006911891,1.678186485,0,34,11.92,12.79947916,163.8266667,0,0,0,1,0,0,0,0,1,12.41666667,12.22222222,12.53333333,296,0,0,0,0,0,0,9,110,15,188,29200,227,6,32,0.0,0.0,0,0,0.0,0.0,0,0,BruteForce
8938388,9,15,103,188,23,0,11.44444444,9.098229376,34,0,12.53333333,14.54975045,32.55620588,2.685047908,388625.5652,1020625.182,3259898,1,5638115,704764.375,1324317.153,3274661,3,8938256,638446.8571,1261382.685,3259898,1,0,0,0,0,296,488,1.006892965,1.678154942,0,34,11.64,12.53953747,157.24,0,0,0,1,0,0,0,0,1,12.125,11.44444444,12.53333333,296,0,0,0,0,0,0,9,103,15,188,29200,227,6,32,0.0,0.0,0,0,0.0,0.0,0,0,BruteForce
251,2,1,14,0,14,0,7.0,9.899494937,0,0,0.0,0.0,55776.89242999999,11952.19124,125.5,38.89087297,153,98,251,251.0,0.0,251,251,0,0.0,0.0,0,0,1,0,0,0,64,20,7968.127490000003,3984.063745,0,14,7.0,8.082903769,65.33333333,0,1,0,0,1,0,0,0,0,9.333333333,7.0,0.0,64,0,0,0,0,0,0,2,14,1,0,229,0,0,32,0.0,0.0,0,0,0.0,0.0,0,0,BruteForce
235,2,1,14,0,14,0,7.0,9.899494937,0,0,0.0,0.0,59574.468089999995,12765.95745,117.5,41.71930009,147,88,235,235.0,0.0,235,235,0,0.0,0.0,0,0,1,0,0,0,64,20,8510.638298,4255.319149,0,14,7.0,8.082903769,65.33333333,0,1,0,0,1,0,0,0,0,9.333333333,7.0,0.0,64,0,0,0,0,0,0,2,14,1,0,229,0,0,32,0.0,0.0,0,0,0.0,0.0,0,0,BruteForce
3,2,0,14,0,14,0,7.0,9.899494937,0,0,0.0,0.0,4666666.666999999,666666.6667,3.0,0.0,3,3,3,3.0,0.0,3,3,0,0.0,0.0,0,0,1,0,0,0,64,0,666666.6667,0.0,0,14,9.333333333,8.082903769,65.33333333,0,1,0,0,1,0,0,0,0,14.0,7.0,0.0,64,0,0,0,0,0,0,2,14,0,0,229,-1,0,32,0.0,0.0,0,0,0.0,0.0,0,0,BruteForce
1,2,0,14,0,14,0,7.0,9.899494937,0,0,0.0,0.0,14000000.0,2000000.0,1.0,0.0,1,1,1,1.0,0.0,1,1,0,0.0,0.0,0,0,1,0,0,0,64,0,2000000.0,0.0,0,14,9.333333333,8.082903769,65.33333333,0,1,0,0,1,0,0,0,0,14.0,7.0,0.0,64,0,0,0,0,0,0,2,14,0,0,229,-1,0,32,0.0,0.0,0,0,0.0,0.0,0,0,BruteForce
8695549,9,15,105,188,24,0,11.66666667,9.354143467,34,0,12.53333333,14.54975045,33.6953998,2.760032748,378067.3478,991095.0526,3413040,1,6169511,771188.875,1439495.414,3457135,3,8695469,621104.9286,1224644.876,3413040,1,0,0,0,0,296,488,1.03501228,1.7250204669999998,0,34,11.72,12.60132268,158.7933333,0,0,0,1,0,0,0,0,1,12.20833333,11.66666667,12.53333333,296,0,0,0,0,0,0,9,105,15,188,29200,227,6,32,0.0,0.0,0,0,0.0,0.0,0,0,BruteForce
3,2,0,14,0,14,0,7.0,9.899494937,0,0,0.0,0.0,4666666.666999999,666666.6667,3.0,0.0,3,3,3,3.0,0.0,3,3,0,0.0,0.0,0,0,1,0,0,0,64,0,666666.6667,0.0,0,14,9.333333333,8.082903769,65.33333333,0,1,0,0,1,0,0,0,0,14.0,7.0,0.0,64,0,0,0,0,0,0,2,14,0,0,229,-1,0,32,0.0,0.0,0,0,0.0,0.0,0,0,BruteForce
250,2,1,14,0,14,0,7.0,9.899494937,0,0,0.0,0.0,56000.0,12000.0,125.0,82.02438662,183,67,250,250.0,0.0,250,250,0,0.0,0.0,0,0,1,0,0,0,64,20,8000.0,4000.0,0,14,7.0,8.082903769,65.33333333,0,1,0,0,1,0,0,0,0,9.333333333,7.0,0.0,64,0,0,0,0,0,0,2,14,1,0,229,0,0,32,0.0,0.0,0,0,0.0,0.0,0,0,BruteForce
17,2,0,14,0,14,0,7.0,9.899494937,0,0,0.0,0.0,823529.4118,117647.0588,17.0,0.0,17,17,17,17.0,0.0,17,17,0,0.0,0.0,0,0,1,0,0,0,64,0,117647.0588,0.0,0,14,9.333333333,8.082903769,65.33333333,0,1,0,0,1,0,0,0,0,14.0,7.0,0.0,64,0,0,0,0,0,0,2,14,0,0,229,-1,0,32,0.0,0.0,0,0,0.0,0.0,0,0,BruteForce
8218557,9,15,102,188,22,0,11.33333333,8.93028555,34,0,12.53333333,14.54975045,35.28599972,2.920220666,357328.5652,926072.5846,2910895,3,5514389,689298.625,1278559.571,2958156,247,8218468,587033.4286,1142864.556,2910895,3,0,0,0,0,296,488,1.09508275,1.825137917,0,34,11.6,12.5,156.25,0,0,0,1,0,0,0,0,1,12.08333333,11.33333333,12.53333333,296,0,0,0,0,0,0,9,102,15,188,29200,227,6,32,0.0,0.0,0,0,0.0,0.0,0,0,BruteForce
8236163,9,15,106,188,24,0,11.77777778,9.575721615,34,0,12.53333333,14.54975045,35.69623379,2.913978269,358094.0435,927273.8683,2916714,1,5532392,691549.0,1279123.274,2964617,1,8236057,588289.7857,1144241.752,2916714,3,0,0,0,0,296,488,1.092741851,1.821236418,0,34,11.76,12.65661882,160.19,0,0,0,1,0,0,0,0,1,12.25,11.77777778,12.53333333,296,0,0,0,0,0,0,9,106,15,188,29200,227,6,32,0.0,0.0,0,0,0.0,0.0,0,0,BruteForce
287,2,1,14,0,14,0,7.0,9.899494937,0,0,0.0,0.0,48780.4878,10452.96167,143.5,72.83199846,195,92,287,287.0,0.0,287,287,0,0.0,0.0,0,0,1,0,0,0,64,20,6968.641115,3484.320557,0,14,7.0,8.082903769,65.33333333,0,1,0,0,1,0,0,0,0,9.333333333,7.0,0.0,64,0,0,0,0,0,0,2,14,1,0,229,0,0,32,0.0,0.0,0,0,0.0,0.0,0,0,BruteForce
8852234,9,15,103,188,22,0,11.44444444,9.070709883,34,0,12.53333333,14.54975045,32.87305781,2.711180025,384879.7391,1002605.632,3432789,3,5377466,672183.25,1229482.179,2788243,49,8852143,632295.9286,1238017.197,3432789,3,0,0,0,0,296,488,1.016692509,1.694487516,0,34,11.64,12.53289006,157.0733333,0,0,0,1,0,0,0,0,1,12.125,11.44444444,12.53333333,296,0,0,0,0,0,0,9,103,15,188,29200,227,6,32,0.0,0.0,0,0,0.0,0.0,0,0,BruteForce
8862523,9,15,105,188,23,0,11.66666667,9.300537619,34,0,12.53333333,14.54975045,33.060563,2.708032464,385327.08700000006,1002050.573,3429003,3,5390462,673807.75,1229730.742,2798603,32,8862409,633029.2143,1237099.67,3429003,3,0,0,0,0,296,488,1.0155121740000002,1.69252029,0,34,11.72,12.58808961,158.46,0,0,0,1,0,0,0,0,1,12.20833333,11.66666667,12.53333333,296,0,0,0,0,0,0,9,105,15,188,29200,227,6,32,0.0,0.0,0,0,0.0,0.0,0,0,BruteForce
8765126,9,15,107,188,24,0,11.88888889,9.571369344,34,0,12.53333333,14.54975045,33.65610489,2.7381237869999997,381092.4348,991738.2343,3137097,3,6103564,762945.5,1412432.005,3179254,3,8764986,626070.4286,1224462.122,3137097,3,0,0,0,0,296,488,1.02679642,1.711327367,0,34,11.8,12.655697,160.16666669999995,0,0,0,1,0,0,0,0,1,12.29166667,11.88888889,12.53333333,296,0,0,0,0,0,0,9,107,15,188,29200,227,6,32,0.0,0.0,0,0,0.0,0.0,0,0,BruteForce
8363935,9,15,103,188,22,0,11.44444444,9.070709883,34,0,12.53333333,14.54975045,34.79223595,2.8694627589999997,363649.3478,944874.4042,3000077,3,5837392,729674.0,1350700.631,3043547,17,8363878,597419.8571,1166399.406,3000077,3,0,0,0,0,296,488,1.076048535,1.7934142240000002,0,34,11.64,12.53289006,157.0733333,0,0,0,1,0,0,0,0,1,12.125,11.44444444,12.53333333,296,0,0,0,0,0,0,9,103,15,188,29200,227,6,32,0.0,0.0,0,0,0.0,0.0,0,0,BruteForce
155,2,2,14,0,14,0,7.0,9.899494937,0,0,0.0,0.0,90322.58065,25806.45161,51.66666667,43.13158162,88,4,155,155.0,0.0,155,155,4,4.0,0.0,4,4,1,0,0,0,64,40,12903.22581,12903.22581,0,14,5.6,7.668115805,58.8,0,1,0,0,1,0,0,0,1,7.0,7.0,0.0,64,0,0,0,0,0,0,2,14,2,0,229,0,0,32,0.0,0.0,0,0,0.0,0.0,0,0,BruteForce
7823609,9,15,113,188,25,0,12.55555556,10.33333333,34,0,12.53333333,14.54975045,38.47329282,3.0676379660000004,340156.91299999994,870653.5892,2582634,3,5251886,656485.75,1192125.938,2626711,3,7823490,558820.7143,1072968.684,2582634,3,0,0,0,0,296,488,1.150364237,1.917273729,0,34,12.04,12.85975635,165.3733333,0,0,0,1,0,0,0,0,1,12.54166667,12.55555556,12.53333333,296,0,0,0,0,0,0,9,113,15,188,29200,227,6,32,0.0,0.0,0,0,0.0,0.0,0,0,BruteForce
9639074,9,15,107,188,27,0,11.88888889,9.803627447,34,0,12.53333333,14.54975045,30.60459957,2.4898657280000003,419090.1739,1100927.762,3795990,3,6599538,824942.25,1551291.6630000004,3839475,69,9638964,688497.4286,1360665.7219999998,3795990,3,0,0,0,0,296,488,0.933699648,1.55616608,0,34,11.8,12.71482075,161.66666669999995,0,0,0,1,0,0,0,0,1,12.29166667,11.88888889,12.53333333,296,0,0,0,0,0,0,9,107,15,188,29200,227,6,32,0.0,0.0,0,0,0.0,0.0,0,0,BruteForce
9637670,9,15,116,188,34,0,12.88888889,11.4612875,34,0,12.53333333,14.54975045,31.54289367,2.490228447,419029.1304,1100628.403,3776545,3,6587885,823485.625,1548451.388,3819265,4,9637591,688399.3571,1360275.035,3776545,3,0,0,0,0,296,488,0.933835668,1.55639278,0,34,12.16,13.18041476,173.7233333,0,0,0,1,0,0,0,0,1,12.66666667,12.88888889,12.53333333,296,0,0,0,0,0,0,9,116,15,188,29200,227,6,32,0.0,0.0,0,0,0.0,0.0,0,0,BruteForce
168,2,1,14,0,14,0,7.0,9.899494937,0,0,0.0,0.0,83333.33333,17857.14286,84.0,91.92388155,149,19,168,168.0,0.0,168,168,0,0.0,0.0,0,0,1,0,0,0,64,20,11904.7619,5952.380952,0,14,7.0,8.082903769,65.33333333,0,1,0,0,1,0,0,0,0,9.333333333,7.0,0.0,64,0,0,0,0,0,0,2,14,1,0,229,0,0,32,0.0,0.0,0,0,0.0,0.0,0,0,BruteForce
8375167,9,15,104,188,23,0,11.55555556,9.193898943,34,0,12.53333333,14.54975045,34.86497642,2.865614501,364137.6957,936545.0998,2759761,3,5573315,696664.375,1270765.334,2787997,4,8375096,598221.1429,1154803.522,2759761,3,0,0,0,0,296,488,1.074605438,1.7910090630000002,0,34,11.68,12.56224502,157.81,0,0,0,1,0,0,0,0,1,12.16666667,11.55555556,12.53333333,296,0,0,0,0,0,0,9,104,15,188,29200,227,6,32,0.0,0.0,0,0,0.0,0.0,0,0,BruteForce
226,2,1,14,0,14,0,7.0,9.899494937,0,0,0.0,0.0,61946.90265,13274.33628,113.0,79.19595949,169,57,226,226.0,0.0,226,226,0,0.0,0.0,0,0,1,0,0,0,64,20,8849.557522,4424.778761,0,14,7.0,8.082903769,65.33333333,0,1,0,0,1,0,0,0,0,9.333333333,7.0,0.0,64,0,0,0,0,0,0,2,14,1,0,229,0,0,32,0.0,0.0,0,0,0.0,0.0,0,0,BruteForce
4,2,0,14,0,14,0,7.0,9.899494937,0,0,0.0,0.0,3500000.0,500000.0,4.0,0.0,4,4,4,4.0,0.0,4,4,0,0.0,0.0,0,0,1,0,0,0,64,0,500000.0,0.0,0,14,9.333333333,8.082903769,65.33333333,0,1,0,0,1,0,0,0,0,14.0,7.0,0.0,64,0,0,0,0,0,0,2,14,0,0,229,-1,0,32,0.0,0.0,0,0,0.0,0.0,0,0,BruteForce
45,2,0,14,0,14,0,7.0,9.899494937,0,0,0.0,0.0,311111.1111,44444.44444,45.0,0.0,45,45,45,45.0,0.0,45,45,0,0.0,0.0,0,0,1,0,0,0,64,0,44444.44444,0.0,0,14,9.333333333,8.082903769,65.33333333,0,1,0,0,1,0,0,0,0,14.0,7.0,0.0,64,0,0,0,0,0,0,2,14,0,0,229,-1,0,32,0.0,0.0,0,0,0.0,0.0,0,0,BruteForce
8427301,9,15,128,188,33,0,14.22222222,12.75517324,34,0,12.53333333,14.54975045,37.49717733,2.8478868860000004,366404.3913,950851.3829,2984519,3,5656190,707023.75,1310842.223,3027353,3,8427196,601942.5714,1173618.006,2984519,5,0,0,0,0,296,488,1.067957582,1.7799293040000002,0,34,12.64,13.61335129,185.3233333,0,0,0,1,0,0,0,0,1,13.16666667,14.22222222,12.53333333,296,0,0,0,0,0,0,9,128,15,188,29200,227,6,32,0.0,0.0,0,0,0.0,0.0,0,0,BruteForce
8199827,9,15,106,188,22,0,11.77777778,9.391189725,34,0,12.53333333,14.54975045,35.85441498,2.9268910189999997,356514.2174,926776.1608,3156764,3,4999134,624891.75,1143850.927,2507264,218,8199822,585701.5714,1144117.428,3156764,3,0,0,0,0,296,488,1.097584132,1.829306887,0,34,11.76,12.61044541,159.02333330000005,0,0,0,1,0,0,0,0,1,12.25,11.77777778,12.53333333,296,0,0,0,0,0,0,9,106,15,188,29200,227,6,32,0.0,0.0,0,0,0.0,0.0,0,0,BruteForce
3,2,0,14,0,14,0,7.0,9.899494937,0,0,0.0,0.0,4666666.666999999,666666.6667,3.0,0.0,3,3,3,3.0,0.0,3,3,0,0.0,0.0,0,0,1,0,0,0,64,0,666666.6667,0.0,0,14,9.333333333,8.082903769,65.33333333,0,1,0,0,1,0,0,0,0,14.0,7.0,0.0,64,0,0,0,0,0,0,2,14,0,0,229,-1,0,32,0.0,0.0,0,0,0.0,0.0,0,0,BruteForce
9093201,9,15,104,188,22,0,11.55555556,9.207484878,34,0,12.53333333,14.54975045,32.11190427,2.639334597,395356.5652,1010076.586,3193823,3,6371863,796482.875,1429121.4419999996,3234789,3,9093103,649507.3571,1244525.5,3193823,3,0,0,0,0,296,488,0.989750474,1.649584123,0,34,11.68,12.5655614,157.89333330000005,0,0,0,1,0,0,0,0,1,12.16666667,11.55555556,12.53333333,296,0,0,0,0,0,0,9,104,15,188,29200,227,6,32,0.0,0.0,0,0,0.0,0.0,0,0,BruteForce
204,2,1,14,0,14,0,7.0,9.899494937,0,0,0.0,0.0,68627.45098,14705.88235,102.0,67.88225099,150,54,204,204.0,0.0,204,204,0,0.0,0.0,0,0,1,0,0,0,64,20,9803.921569,4901.960784000001,0,14,7.0,8.082903769,65.33333333,0,1,0,0,1,0,0,0,0,9.333333333,7.0,0.0,64,0,0,0,0,0,0,2,14,1,0,229,0,0,32,0.0,0.0,0,0,0.0,0.0,0,0,BruteForce
9065166,9,15,103,188,22,0,11.44444444,9.043106644,34,0,12.53333333,14.54975045,32.10090141,2.647497023,394137.6522,1026493.721,3304565,1,6300355,787544.375,1460264.592,3347411,225,9065112,647508.0,1267479.265,3304565,1,0,0,0,0,296,488,0.992811384,1.65468564,0,34,11.64,12.52623913,156.9066667,0,0,0,1,0,0,0,0,1,12.125,11.44444444,12.53333333,296,0,0,0,0,0,0,9,103,15,188,29200,227,6,32,0.0,0.0,0,0,0.0,0.0,0,0,BruteForce
9536652,9,15,103,188,21,0,11.44444444,9.015418891,34,0,12.53333333,14.54975045,30.51385329,2.516606457,414637.0435,1077069.982,3307452,3,6304885,788110.625,1458989.0369999998,3350596,311,9536517,681179.7857,1329549.081,3307452,3,0,0,0,0,296,488,0.943727421,1.572879036,0,34,11.64,12.51958466,156.74,0,0,0,1,0,0,0,0,1,12.125,11.44444444,12.53333333,296,0,0,0,0,0,0,9,103,15,188,29200,227,6,32,0.0,0.0,0,0,0.0,0.0,0,0,BruteForce
3,2,0,14,0,14,0,7.0,9.899494937,0,0,0.0,0.0,4666666.666999999,666666.6667,3.0,0.0,3,3,3,3.0,0.0,3,3,0,0.0,0.0,0,0,1,0,0,0,64,0,666666.6667,0.0,0,14,9.333333333,8.082903769,65.33333333,0,1,0,0,1,0,0,0,0,14.0,7.0,0.0,64,0,0,0,0,0,0,2,14,0,0,229,-1,0,32,0.0,0.0,0,0,0.0,0.0,0,0,BruteForce
8689960,9,15,101,188,23,0,11.22222222,8.899126049,34,0,12.53333333,14.54975045,33.25676988,2.7618078789999996,377824.3478,987521.3803,3326271,3,6163930,770491.25,1433347.492,3375142,249,8689898,620707.0,1219834.802,3326271,3,0,0,0,0,296,488,1.035677955,1.726129925,0,34,11.56,12.49359836,156.09,0,0,0,1,0,0,0,0,1,12.04166667,11.22222222,12.53333333,296,0,0,0,0,0,0,9,101,15,188,29200,227,6,32,0.0,0.0,0,0,0.0,0.0,0,0,BruteForce
9307069,9,15,99,188,20,0,11.0,8.544003745,34,0,12.53333333,14.54975045,30.83677579,2.5786850830000003,404655.1739,1023720.836,3332513,3,6975708,871963.5,1515211.791,3376376,3,9306996,664785.4286,1259903.593,3332513,3,0,0,0,0,296,488,0.967006906,1.611678177,0,34,11.48,12.41343358,154.0933333,0,0,0,1,0,0,0,0,1,11.95833333,11.0,12.53333333,296,0,0,0,0,0,0,9,99,15,188,29200,227,6,32,0.0,0.0,0,0,0.0,0.0,0,0,BruteForce
239,2,1,14,0,14,0,7.0,9.899494937,0,0,0.0,0.0,58577.40586,12552.30126,119.5,31.81980515,142,97,239,239.0,0.0,239,239,0,0.0,0.0,0,0,1,0,0,0,64,20,8368.200837,4184.100418,0,14,7.0,8.082903769,65.33333333,0,1,0,0,1,0,0,0,0,9.333333333,7.0,0.0,64,0,0,0,0,0,0,2,14,1,0,229,0,0,32,0.0,0.0,0,0,0.0,0.0,0,0,BruteForce
9188157,9,15,99,188,20,0,11.0,8.544003745,34,0,12.53333333,14.54975045,31.23586156,2.612058109,399485.08700000006,1038826.85,3208608,3,5937815,742226.875,1373843.594,3094130,205,9188048,656289.1429,1282492.963,3208608,3,0,0,0,0,296,488,0.979521791,1.632536318,0,34,11.48,12.41343358,154.0933333,0,0,0,1,0,0,0,0,1,11.95833333,11.0,12.53333333,296,0,0,0,0,0,0,9,99,15,188,29200,227,6,32,0.0,0.0,0,0,0.0,0.0,0,0,BruteForce
10208439,9,15,94,188,18,0,10.44444444,7.970431467,34,0,12.53333333,14.54975045,27.62420386,2.350996073,443845.1739,1103061.6409999998,3392834,3,7225344,903168.0,1544419.031,3435518,48,10200000,729165.2857,1354669.426,3392834,3,0,0,0,0,296,488,0.881623527,1.469372546,0,34,11.28,12.29674754,151.21,0,0,0,1,0,0,0,0,1,11.75,10.44444444,12.53333333,296,0,0,0,0,0,0,9,94,15,188,29200,227,6,32,0.0,0.0,0,0,0.0,0.0,0,0,BruteForce
9215735,9,15,94,188,19,0,10.44444444,8.001735923,34,0,12.53333333,14.54975045,30.59983821,2.60424155,400684.1304,1042917.348,3304062,1,6102640,762830.0,1415778.3590000004,3345630,243,9215734,658266.7143,1287671.082,3304062,1,0,0,0,0,296,488,0.976590581,1.627650969,0,34,11.28,12.30352253,151.3766667,0,0,0,1,0,0,0,0,1,11.75,10.44444444,12.53333333,296,0,0,0,0,0,0,9,94,15,188,29200,227,6,32,0.0,0.0,0,0,0.0,0.0,0,0,BruteForce
9295458,9,15,105,188,26,0,11.66666667,9.539392014,34,0,12.53333333,14.54975045,31.52077068,2.581906131,404150.3478,1049958.522,3294401,3,6135965,766995.625,1420256.336,3338353,3,9295409,663957.7857,1296098.068,3294401,49,0,0,0,0,296,488,0.968214799,1.613691332,0,34,11.72,12.647529400000002,159.96,0,0,0,1,0,0,0,0,1,12.20833333,11.66666667,12.53333333,296,0,0,0,0,0,0,9,105,15,188,29200,227,6,32,0.0,0.0,0,0,0.0,0.0,0,0,BruteForce
4008190,6,6,30,76,16,0,5.0,7.771743691,34,0,12.66666667,14.67878287,26.44585212,2.993870051,364380.9091,1046414.233,3496800,23,4008190,801638.0,1564138.063,3580449,245,3968157,793631.4,1521528.52,3496800,770,0,0,0,0,200,200,1.4969350259999998,1.4969350259999998,0,34,8.153846154,11.64650272,135.6410256,0,0,0,1,0,0,0,0,1,8.833333332999999,5.0,12.66666667,200,0,0,0,0,0,0,6,30,6,76,29200,227,2,32,0.0,0.0,0,0,0.0,0.0,0,0,BruteForce
4056257,6,6,33,76,19,0,5.5,8.666025617,34,0,12.66666667,14.67878287,26.87206457,2.958392429,368750.6364,1053493.819,3520301,4,4056257,811251.4,1573283.2230000002,3604542,4,4015625,803125.0,1530381.108,3520301,747,0,0,0,0,200,200,1.479196215,1.479196215,0,34,8.384615385,11.84298992,140.2564103,0,0,0,1,0,0,0,0,1,9.083333333,5.5,12.66666667,200,0,0,0,0,0,0,6,33,6,76,29200,227,2,32,0.0,0.0,0,0,0.0,0.0,0,0,BruteForce
4048471,6,6,34,76,20,0,5.666666667,8.98146239,34,0,12.66666667,14.67878287,27.17075162,2.964081995,368042.8182,1053530.4840000002,3520370,3,4048471,809694.2,1573806.507,3604488,3,4007906,801581.2,1530978.774,3520370,555,0,0,0,0,200,200,1.4820409980000002,1.4820409980000002,0,34,8.461538462,11.92067801,142.1025641,0,0,0,1,0,0,0,0,1,9.166666667,5.666666667,12.66666667,200,0,0,0,0,0,0,6,34,6,76,29200,227,2,32,0.0,0.0,0,0,0.0,0.0,0,0,BruteForce
3,2,0,14,0,14,0,7.0,9.899494937,0,0,0.0,0.0,4666666.666999999,666666.6667,3.0,0.0,3,3,3,3.0,0.0,3,3,0,0.0,0.0,0,0,1,0,0,0,64,0,666666.6667,0.0,0,14,9.333333333,8.082903769,65.33333333,0,1,0,0,1,0,0,0,0,14.0,7.0,0.0,64,0,0,0,0,0,0,2,14,0,0,229,-1,0,32,0.0,0.0,0,0,0.0,0.0,0,0,BruteForce
4,2,0,14,0,14,0,7.0,9.899494937,0,0,0.0,0.0,3500000.0,500000.0,4.0,0.0,4,4,4,4.0,0.0,4,4,0,0.0,0.0,0,0,1,0,0,0,64,0,500000.0,0.0,0,14,9.333333333,8.082903769,65.33333333,0,1,0,0,1,0,0,0,0,14.0,7.0,0.0,64,0,0,0,0,0,0,2,14,0,0,229,-1,0,32,0.0,0.0,0,0,0.0,0.0,0,0,BruteForce
9778453,9,15,100,188,20,0,11.11111111,8.652231568,34,0,12.53333333,14.54975045,29.45251156,2.454375963,425150.1304,1105763.943,3500076,3,6484795,810599.375,1501784.086,3544548,232,9778388,698456.2857,1365155.459,3500076,3,0,0,0,0,296,488,0.920390986,1.5339849769999998,0,34,11.52,12.43690744,154.6766667,0,0,0,1,0,0,0,0,1,12.0,11.11111111,12.53333333,296,0,0,0,0,0,0,9,100,15,188,29200,227,6,32,0.0,0.0,0,0,0.0,0.0,0,0,BruteForce
9811139,9,15,94,188,18,0,10.44444444,7.986099033999999,34,0,12.53333333,14.54975045,28.74284015,2.446199162,426571.2609,1109606.341,3497248,4,6515154,814394.25,1509203.03,3542329,264,9811053,700789.5,1369919.165,3497248,4,0,0,0,0,296,488,0.917324686,1.528874476,0,34,11.28,12.3001355,151.2933333,0,0,0,1,0,0,0,0,1,11.75,10.44444444,12.53333333,296,0,0,0,0,0,0,9,94,15,188,29200,227,6,32,0.0,0.0,0,0,0.0,0.0,0,0,BruteForce
5808851,15,18,1496,2297,640,0,99.73333333,166.68510369999996,976,0,127.6111111,288.1713418,652.9690638999999,5.680985792,181526.5937,534015.4383,1978974,18,5808851,414917.9286,796605.2643,2032159,434,5707732,335748.9412,706064.5178,1978974,18,0,0,0,0,488,584,2.582266269,3.098719523,0,976,111.55882350000002,234.8360087,55147.950979999994,0,0,0,1,0,0,0,0,1,114.9393939,99.73333333,127.6111111,488,0,0,0,0,0,0,15,1496,18,2297,29200,257,10,32,0.0,0.0,0,0,0.0,0.0,0,0,BruteForce
5840763,18,19,1480,2297,640,0,82.22222222,155.7990997,976,0,120.8947368,281.5782691,646.6620885,6.334788794,162243.4167,504075.2867,1976459,37,5840763,343574.2941,733405.7283,2032024,615,5739761,318875.6111,686433.9535,1976459,37,0,0,0,0,584,616,3.081789143,3.252999651,0,976,99.39473684,224.4374998,50372.19132,0,0,0,1,0,0,0,0,1,102.0810811,82.22222222,120.8947368,584,0,0,0,0,0,0,18,1480,19,2297,29200,247,10,32,0.0,0.0,0,0,0.0,0.0,0,0,BruteForce
20,1,1,0,0,0,0,0.0,0.0,0,0,0.0,0.0,0.0,100000.0,20.0,0.0,20,20,0,0.0,0.0,0,0,0,0.0,0.0,0,0,0,0,0,0,32,32,50000.0,50000.0,0,0,0.0,0.0,0.0,0,0,0,0,1,1,0,0,1,0.0,0.0,0.0,32,0,0,0,0,0,0,1,0,1,0,259,247,0,32,0.0,0.0,0,0,0.0,0.0,0,0,BruteForce
8589122,19,22,1656,2441,640,0,87.15789474,150.30386380000004,976,0,110.9545455,262.2707575,476.9986967,4.773479757,214728.05,619891.0069,2428554,47,8589122,477173.4444,896927.8808,2471781,499,8487927,404187.0,818584.4795,2428554,48,0,0,0,0,616,712,2.212100375,2.5613793819999997,0,976,97.54761905,213.3740792,45528.49768,0,0,0,1,0,0,0,0,1,99.92682927,87.15789474,110.9545455,616,0,0,0,0,0,0,19,1656,22,2441,29200,247,12,32,0.0,0.0,0,0,0.0,0.0,0,0,BruteForce
74,1,1,0,0,0,0,0.0,0.0,0,0,0.0,0.0,0.0,27027.02703,74.0,0.0,74,74,0,0.0,0.0,0,0,0,0.0,0.0,0,0,0,0,0,0,32,32,13513.51351,13513.51351,0,0,0.0,0.0,0.0,0,0,0,0,1,1,0,0,1,0.0,0.0,0.0,32,0,0,0,0,0,0,1,0,1,0,259,247,0,32,0.0,0.0,0,0,0.0,0.0,0,0,BruteForce
73,1,1,0,0,0,0,0.0,0.0,0,0,0.0,0.0,0.0,27397.26027,73.0,0.0,73,73,0,0.0,0.0,0,0,0,0.0,0.0,0,0,0,0,0,0,32,32,13698.63014,13698.63014,0,0,0.0,0.0,0.0,0,0,0,0,1,1,0,0,1,0.0,0.0,0.0,32,0,0,0,0,0,0,1,0,1,0,259,247,0,32,0.0,0.0,0,0,0.0,0.0,0,0,BruteForce
42,1,1,0,0,0,0,0.0,0.0,0,0,0.0,0.0,0.0,47619.04762,42.0,0.0,42,42,0,0.0,0.0,0,0,0,0.0,0.0,0,0,0,0,0,0,32,32,23809.52381,23809.52381,0,0,0.0,0.0,0.0,0,0,0,0,1,1,0,0,1,0.0,0.0,0.0,32,0,0,0,0,0,0,1,0,1,0,259,247,0,32,0.0,0.0,0,0,0.0,0.0,0,0,BruteForce
81,1,1,0,0,0,0,0.0,0.0,0,0,0.0,0.0,0.0,24691.35802,81.0,0.0,81,81,0,0.0,0.0,0,0,0,0.0,0.0,0,0,0,0,0,0,32,32,12345.67901,12345.67901,0,0,0.0,0.0,0.0,0,0,0,0,1,1,0,0,1,0.0,0.0,0.0,32,0,0,0,0,0,0,1,0,1,0,259,247,0,32,0.0,0.0,0,0,0.0,0.0,0,0,BruteForce
11751439,21,32,2008,2745,640,0,95.61904762,140.0451628,976,0,85.78125,220.240592,404.4611047,4.510085956,225989.2115,614688.9432,2435830,4,9272929,463646.45,815671.9229,2064313,321,11800000,379074.9032,763195.6958,2435830,4,0,0,0,0,680,1032,1.78701519,2.723070766,0,976,88.01851852,189.5902723,35944.47135,0,0,0,1,0,0,0,0,1,89.67924528,95.61904762,85.78125,680,0,0,0,0,0,0,21,2008,32,2745,29200,247,16,32,0.0,0.0,0,0,0.0,0.0,0,0,BruteForce
11203065,21,33,2008,2745,640,0,95.61904762,140.0451628,976,0,83.18181818,217.2857356,424.258897,4.820109497,211378.5849,569775.1678,2134705,3,9578094,478904.7,835098.1372,2201031,745,11200000,350089.3438,703313.4112,2134705,3,0,0,0,0,680,1064,1.874487027,2.94562247,0,976,86.41818182,188.2012015,35419.69226,0,0,0,1,0,0,0,0,1,88.01851852,95.61904762,83.18181818,680,0,0,0,0,0,0,21,2008,33,2745,29200,247,16,32,0.0,0.0,0,0,0.0,0.0,0,0,BruteForce
90,1,1,0,0,0,0,0.0,0.0,0,0,0.0,0.0,0.0,22222.22222,90.0,0.0,90,90,0,0.0,0.0,0,0,0,0.0,0.0,0,0,0,0,0,0,32,32,11111.11111,11111.11111,0,0,0.0,0.0,0.0,0,0,0,0,1,1,0,0,1,0.0,0.0,0.0,32,0,0,0,0,0,0,1,0,1,0,259,247,0,32,0.0,0.0,0,0,0.0,0.0,0,0,BruteForce
105,1,1,0,0,0,0,0.0,0.0,0,0,0.0,0.0,0.0,19047.61905,105.0,0.0,105,105,0,0.0,0.0,0,0,0,0.0,0.0,0,0,0,0,0,0,32,32,9523.809524,9523.809524,0,0,0.0,0.0,0.0,0,0,0,0,1,1,0,0,1,0.0,0.0,0.0,32,0,0,0,0,0,0,1,0,1,0,259,247,0,32,0.0,0.0,0,0,0.0,0.0,0,0,BruteForce
11998420,22,32,2008,2745,640,0,91.27272727,138.1821372,976,0,85.78125,220.240592,396.1354912,4.500592578,226385.283,619094.8589999999,2463074,18,10500000,498234.2857,903947.943,2522057,230,12000000,387041.5806,774768.4006,2463074,18,0,0,0,0,712,1032,1.833574754,2.667017824,0,976,86.41818182,188.2012015,35419.69226,0,0,0,1,0,0,0,0,1,88.01851852,91.27272727,85.78125,712,0,0,0,0,0,0,22,2008,32,2745,29200,247,16,32,0.0,0.0,0,0,0.0,0.0,0,0,BruteForce
70,1,1,0,0,0,0,0.0,0.0,0,0,0.0,0.0,0.0,28571.42857,70.0,0.0,70,70,0,0.0,0.0,0,0,0,0.0,0.0,0,0,0,0,0,0,32,32,14285.71429,14285.71429,0,0,0.0,0.0,0.0,0,0,0,0,1,1,0,0,1,0.0,0.0,0.0,32,0,0,0,0,0,0,1,0,1,0,259,247,0,32,0.0,0.0,0,0,0.0,0.0,0,0,BruteForce
75,1,1,0,0,0,0,0.0,0.0,0,0,0.0,0.0,0.0,26666.66667,75.0,0.0,75,75,0,0.0,0.0,0,0,0,0.0,0.0,0,0,0,0,0,0,32,32,13333.33333,13333.33333,0,0,0.0,0.0,0.0,0,0,0,0,1,1,0,0,1,0.0,0.0,0.0,32,0,0,0,0,0,0,1,0,1,0,259,247,0,32,0.0,0.0,0,0,0.0,0.0,0,0,BruteForce
11479179,21,32,2008,2745,640,0,95.61904762,140.0451628,976,0,85.78125,220.240592,414.0540016000001,4.61705493,220753.4423,603731.0773,2456293,3,8982173,449108.65,793488.3744,2204579,238,11500000,370291.4194,750001.0012,2456293,3,0,0,0,0,680,1032,1.829399123,2.7876558069999997,0,976,88.01851852,189.5902723,35944.47135,0,0,0,1,0,0,0,0,1,89.67924528,95.61904762,85.78125,680,0,0,0,0,0,0,21,2008,32,2745,29200,247,16,32,0.0,0.0,0,0,0.0,0.0,0,0,BruteForce
11537316,22,32,2008,2745,640,0,91.27272727,138.1821372,976,0,85.78125,220.240592,411.9675668,4.680464677,217685.2075,596263.6389,2464025,3,9028349,429921.381,775771.7921,2208236,426,11500000,372169.5161,746383.8564,2464025,3,0,0,0,0,712,1032,1.906855979,2.773608697,0,976,86.41818182,188.2012015,35419.69226,0,0,0,1,0,0,0,0,1,88.01851852,91.27272727,85.78125,712,0,0,0,0,0,0,22,2008,32,2745,29200,247,16,32,0.0,0.0,0,0,0.0,0.0,0,0,BruteForce
11097485,21,32,2008,2745,640,0,95.61904762,140.0451628,976,0,85.78125,220.240592,428.2952399,4.775856872,213413.1731,569264.6017,1964174,3,9541660,477083.0,830600.2047,2007679,427,11100000,357980.4516,705357.9759,1964174,3,0,0,0,0,680,1032,1.892320647,2.883536225,0,976,88.01851852,189.5902723,35944.47135,0,0,0,1,0,0,0,0,1,89.67924528,95.61904762,85.78125,680,0,0,0,0,0,0,21,2008,32,2745,29200,247,16,32,0.0,0.0,0,0,0.0,0.0,0,0,BruteForce
11148600,22,32,2008,2745,640,0,91.27272727,138.1821372,976,0,85.78125,220.240592,426.3315573,4.8436575,210350.9434,564290.301,1966439,3,9594037,456858.9048,818417.048,2022234,249,11100000,359629.0968,704781.9372,1966439,3,0,0,0,0,712,1032,1.973341944,2.870315555,0,976,86.41818182,188.2012015,35419.69226,0,0,0,1,0,0,0,0,1,88.01851852,91.27272727,85.78125,712,0,0,0,0,0,0,22,2008,32,2745,29200,247,16,32,0.0,0.0,0,0,0.0,0.0,0,0,BruteForce
118,1,1,0,0,0,0,0.0,0.0,0,0,0.0,0.0,0.0,16949.15254,118.0,0.0,118,118,0,0.0,0.0,0,0,0,0.0,0.0,0,0,0,0,0,0,32,32,8474.576271,8474.576271,0,0,0.0,0.0,0.0,0,0,0,0,1,1,0,0,1,0.0,0.0,0.0,32,0,0,0,0,0,0,1,0,1,0,259,247,0,32,0.0,0.0,0,0,0.0,0.0,0,0,BruteForce
12340327,21,31,2008,2745,640,0,95.61904762,140.0451628,976,0,88.5483871,223.315,385.1599719,4.213826749,241967.1961,659617.7325,2840250,3,9457016,472850.8,832478.5183,2232443,221,12300000,411340.8667,823628.4725,2840250,3,0,0,0,0,680,1000,1.701737725,2.512089023,0,976,89.67924528,191.0076291,36483.91437,0,0,0,1,0,0,0,0,1,91.40384615,95.61904762,88.5483871,680,0,0,0,0,0,0,21,2008,31,2745,29200,247,16,32,0.0,0.0,0,0,0.0,0.0,0,0,BruteForce
111,1,1,0,0,0,0,0.0,0.0,0,0,0.0,0.0,0.0,18018.01802,111.0,0.0,111,111,0,0.0,0.0,0,0,0,0.0,0.0,0,0,0,0,0,0,32,32,9009.009009,9009.009009,0,0,0.0,0.0,0.0,0,0,0,0,1,1,0,0,1,0.0,0.0,0.0,32,0,0,0,0,0,0,1,0,1,0,259,247,0,32,0.0,0.0,0,0,0.0,0.0,0,0,BruteForce
11795532,21,32,2008,2745,640,0,95.61904762,140.0451628,976,0,85.78125,220.240592,402.9491845,4.4932267569999995,226837.1538,616433.9076,2299085,13,9868152,493407.6,878297.9563,2361746,534,11800000,380497.4839,765279.9917,2299085,18,0,0,0,0,680,1032,1.78033513,2.712891627,0,976,88.01851852,189.5902723,35944.47135,0,0,0,1,0,0,0,0,1,89.67924528,95.61904762,85.78125,680,0,0,0,0,0,0,21,2008,32,2745,29200,247,16,32,0.0,0.0,0,0,0.0,0.0,0,0,BruteForce
43,1,1,0,0,0,0,0.0,0.0,0,0,0.0,0.0,0.0,46511.62791,43.0,0.0,43,43,0,0.0,0.0,0,0,0,0.0,0.0,0,0,0,0,0,0,32,32,23255.81395,23255.81395,0,0,0.0,0.0,0.0,0,0,0,0,1,1,0,0,1,0.0,0.0,0.0,32,0,0,0,0,0,0,1,0,1,0,259,247,0,32,0.0,0.0,0,0,0.0,0.0,0,0,BruteForce
12005679,21,32,2008,2745,640,0,95.61904762,140.0451628,976,0,85.78125,220.240592,395.8959756,4.414577468,230878.4423,627834.7735,2491190,3,10000000,501691.6,890375.9657,2535237,364,12000000,387275.0645,779488.9545,2491190,3,0,0,0,0,680,1032,1.749172204,2.665405264,0,976,88.01851852,189.5902723,35944.47135,0,0,0,1,0,0,0,0,1,89.67924528,95.61904762,85.78125,680,0,0,0,0,0,0,21,2008,32,2745,29200,247,16,32,0.0,0.0,0,0,0.0,0.0,0,0,BruteForce
12338731,21,32,2008,2745,640,0,95.61904762,140.0451628,976,0,85.78125,220.240592,385.2097918,4.295417414,237283.2885,648963.8349,2499036,3,9798063,489903.15,874200.7484,2401236,556,12300000,398020.5484,806192.1195,2499036,3,0,0,0,0,680,1032,1.7019578430000002,2.593459571,0,976,88.01851852,189.5902723,35944.47135,0,0,0,1,0,0,0,0,1,89.67924528,95.61904762,85.78125,680,0,0,0,0,0,0,21,2008,32,2745,29200,247,16,32,0.0,0.0,0,0,0.0,0.0,0,0,BruteForce
11522653,21,32,2008,2745,640,0,95.61904762,140.0451628,976,0,85.78125,220.240592,412.4918107,4.599635171,221589.4808,602082.6222,2340266,3,9791621,489581.05,874548.9537,2401151,341,11500000,371694.6129,747464.1897,2340266,3,0,0,0,0,680,1032,1.822496954,2.7771382160000004,0,976,88.01851852,189.5902723,35944.47135,0,0,0,1,0,0,0,0,1,89.67924528,95.61904762,85.78125,680,0,0,0,0,0,0,21,2008,32,2745,29200,247,16,32,0.0,0.0,0,0,0.0,0.0,0,0,BruteForce
12378090,22,32,2008,2745,640,0,91.27272727,138.1821372,976,0,85.78125,220.240592,383.9849282,4.362547049,233548.8679,644151.5864,2494834,3,9842995,468714.0476,858281.2652,2401278,273,12400000,399289.0323,806867.188,2494834,3,0,0,0,0,712,1032,1.777333983,2.585213066,0,976,86.41818182,188.2012015,35419.69226,0,0,0,1,0,0,0,0,1,88.01851852,91.27272727,85.78125,712,0,0,0,0,0,0,22,2008,32,2745,29200,247,16,32,0.0,0.0,0,0,0.0,0.0,0,0,BruteForce
77,1,1,0,0,0,0,0.0,0.0,0,0,0.0,0.0,0.0,25974.02597,77.0,0.0,77,77,0,0.0,0.0,0,0,0,0.0,0.0,0,0,0,0,0,0,32,32,12987.01299,12987.01299,0,0,0.0,0.0,0.0,0,0,0,0,1,1,0,0,1,0.0,0.0,0.0,32,0,0,0,0,0,0,1,0,1,0,259,247,0,32,0.0,0.0,0,0,0.0,0.0,0,0,BruteForce
33,1,1,0,0,0,0,0.0,0.0,0,0,0.0,0.0,0.0,60606.06061,33.0,0.0,33,33,0,0.0,0.0,0,0,0,0.0,0.0,0,0,0,0,0,0,32,32,30303.0303,30303.0303,0,0,0.0,0.0,0.0,0,0,0,0,1,1,0,0,1,0.0,0.0,0.0,32,0,0,0,0,0,0,1,0,1,0,259,247,0,32,0.0,0.0,0,0,0.0,0.0,0,0,BruteForce
30,1,1,0,0,0,0,0.0,0.0,0,0,0.0,0.0,0.0,66666.66667,30.0,0.0,30,30,0,0.0,0.0,0,0,0,0.0,0.0,0,0,0,0,0,0,32,32,33333.33333,33333.33333,0,0,0.0,0.0,0.0,0,0,0,0,1,1,0,0,1,0.0,0.0,0.0,32,0,0,0,0,0,0,1,0,1,0,259,247,0,32,0.0,0.0,0,0,0.0,0.0,0,0,BruteForce
11494439,21,31,2008,2745,640,0,95.61904762,140.0451628,976,0,88.5483871,223.315,413.5043041,4.523926744,225381.1569,604680.6856,2364294,3,9593114,479655.7,849213.4565,2408544,629,11500000,383146.0,753717.2596,2364294,3,0,0,0,0,680,1000,1.826970416,2.696956328,0,976,89.67924528,191.0076291,36483.91437,0,0,0,1,0,0,0,0,1,91.40384615,95.61904762,88.5483871,680,0,0,0,0,0,0,21,2008,31,2745,29200,247,16,32,0.0,0.0,0,0,0.0,0.0,0,0,BruteForce
11459418,21,32,2008,2745,640,0,95.61904762,140.0451628,976,0,85.78125,220.240592,414.76801,4.625016733,220373.4231,596050.7213,2356853,3,9572425,478621.25,847771.9268,2401446,435,11500000,369653.9032,739683.4615,2356853,3,0,0,0,0,680,1032,1.8325538,2.792462933,0,976,88.01851852,189.5902723,35944.47135,0,0,0,1,0,0,0,0,1,89.67924528,95.61904762,85.78125,680,0,0,0,0,0,0,21,2008,32,2745,29200,247,16,32,0.0,0.0,0,0,0.0,0.0,0,0,BruteForce
158,1,1,0,0,0,0,0.0,0.0,0,0,0.0,0.0,0.0,12658.22785,158.0,0.0,158,158,0,0.0,0.0,0,0,0,0.0,0.0,0,0,0,0,0,0,32,32,6329.113924,6329.113924,0,0,0.0,0.0,0.0,0,0,0,0,1,1,0,0,1,0.0,0.0,0.0,32,0,0,0,0,0,0,1,0,1,0,259,247,0,32,0.0,0.0,0,0,0.0,0.0,0,0,BruteForce
83,1,1,0,0,0,0,0.0,0.0,0,0,0.0,0.0,0.0,24096.38554,83.0,0.0,83,83,0,0.0,0.0,0,0,0,0.0,0.0,0,0,0,0,0,0,32,32,12048.19277,12048.19277,0,0,0.0,0.0,0.0,0,0,0,0,1,1,0,0,1,0.0,0.0,0.0,32,0,0,0,0,0,0,1,0,1,0,259,247,0,32,0.0,0.0,0,0,0.0,0.0,0,0,BruteForce
12024933,20,33,2008,2745,640,0,100.4,141.91413269999995,976,0,83.18181818,217.2857356,395.2620776,4.407508965,231248.7115,625595.1837,2372198,3,10100000,532540.8947,911517.8985,2432126,441,12000000,375776.75,766762.7607,2372198,3,0,0,0,0,648,1064,1.66321093,2.744298035,0,976,88.01851852,189.5902723,35944.47135,0,0,0,1,0,0,0,0,1,89.67924528,100.4,83.18181818,648,0,0,0,0,0,0,20,2008,33,2745,29200,247,16,32,0.0,0.0,0,0,0.0,0.0,0,0,BruteForce
12235091,21,32,2008,2745,640,0,95.61904762,140.0451628,976,0,85.78125,220.240592,388.4727952,4.331802681,235290.2115,633637.9134,2376258,4,10300000,516379.7,907774.3596,2432669,447,12200000,394676.5161,785921.4525,2376258,4,0,0,0,0,680,1032,1.716374647,2.615428034,0,976,88.01851852,189.5902723,35944.47135,0,0,0,1,0,0,0,0,1,89.67924528,95.61904762,85.78125,680,0,0,0,0,0,0,21,2008,32,2745,29200,247,16,32,0.0,0.0,0,0,0.0,0.0,0,0,BruteForce
68,1,1,0,0,0,0,0.0,0.0,0,0,0.0,0.0,0.0,29411.764710000003,68.0,0.0,68,68,0,0.0,0.0,0,0,0,0.0,0.0,0,0,0,0,0,0,32,32,14705.88235,14705.88235,0,0,0.0,0.0,0.0,0,0,0,0,1,1,0,0,1,0.0,0.0,0.0,32,0,0,0,0,0,0,1,0,1,0,259,247,0,32,0.0,0.0,0,0,0.0,0.0,0,0,BruteForce
69,1,1,0,0,0,0,0.0,0.0,0,0,0.0,0.0,0.0,28985.50725,69.0,0.0,69,69,0,0.0,0.0,0,0,0,0.0,0.0,0,0,0,0,0,0,32,32,14492.75362,14492.75362,0,0,0.0,0.0,0.0,0,0,0,0,1,1,0,0,1,0.0,0.0,0.0,32,0,0,0,0,0,0,1,0,1,0,259,247,0,32,0.0,0.0,0,0,0.0,0.0,0,0,BruteForce
76,1,1,0,0,0,0,0.0,0.0,0,0,0.0,0.0,0.0,26315.78947,76.0,0.0,76,76,0,0.0,0.0,0,0,0,0.0,0.0,0,0,0,0,0,0,32,32,13157.89474,13157.89474,0,0,0.0,0.0,0.0,0,0,0,0,1,1,0,0,1,0.0,0.0,0.0,32,0,0,0,0,0,0,1,0,1,0,259,247,0,32,0.0,0.0,0,0,0.0,0.0,0,0,BruteForce
11651783,22,32,2008,2745,640,0,91.27272727,138.1821372,976,0,85.78125,220.240592,407.9204015,4.634483838,219844.9623,599578.5187,2452278,19,9726943,463187.7619,844097.4392,2500955,560,11700000,375859.5806,750174.183,2452278,19,0,0,0,0,712,1032,1.888123045,2.746360793,0,976,86.41818182,188.2012015,35419.69226,0,0,0,1,0,0,0,0,1,88.01851852,91.27272727,85.78125,712,0,0,0,0,0,0,22,2008,32,2745,29200,247,16,32,0.0,0.0,0,0,0.0,0.0,0,0,BruteForce
79,1,1,0,0,0,0,0.0,0.0,0,0,0.0,0.0,0.0,25316.4557,79.0,0.0,79,79,0,0.0,0.0,0,0,0,0.0,0.0,0,0,0,0,0,0,32,32,12658.22785,12658.22785,0,0,0.0,0.0,0.0,0,0,0,0,1,1,0,0,1,0.0,0.0,0.0,32,0,0,0,0,0,0,1,0,1,0,259,247,0,32,0.0,0.0,0,0,0.0,0.0,0,0,BruteForce
67,1,1,0,0,0,0,0.0,0.0,0,0,0.0,0.0,0.0,29850.74627,67.0,0.0,67,67,0,0.0,0.0,0,0,0,0.0,0.0,0,0,0,0,0,0,32,32,14925.373130000002,14925.373130000002,0,0,0.0,0.0,0.0,0,0,0,0,1,1,0,0,1,0.0,0.0,0.0,32,0,0,0,0,0,0,1,0,1,0,259,257,0,32,0.0,0.0,0,0,0.0,0.0,0,0,BruteForce
11066410,21,32,2008,2745,640,0,95.61904762,140.0451628,976,0,85.78125,220.240592,429.4979131,4.789267703,212815.5769,581520.593,2453787,3,9411063,470553.15,843175.8715,2500938,336,11100000,356976.4194,722354.568,2453787,3,0,0,0,0,680,1032,1.897634373,2.89163333,0,976,88.01851852,189.5902723,35944.47135,0,0,0,1,0,0,0,0,1,89.67924528,95.61904762,85.78125,680,0,0,0,0,0,0,21,2008,32,2745,29200,247,16,32,0.0,0.0,0,0,0.0,0.0,0,0,BruteForce
47,1,1,0,0,0,0,0.0,0.0,0,0,0.0,0.0,0.0,42553.19149,47.0,0.0,47,47,0,0.0,0.0,0,0,0,0.0,0.0,0,0,0,0,0,0,32,32,21276.59574,21276.59574,0,0,0.0,0.0,0.0,0,0,0,0,1,1,0,0,1,0.0,0.0,0.0,32,0,0,0,0,0,0,1,0,1,0,259,247,0,32,0.0,0.0,0,0,0.0,0.0,0,0,BruteForce
12320366,23,32,2008,2745,640,0,87.30434783,136.3399611,976,0,85.78125,220.240592,385.7839938,4.464153093999999,228154.9259,632417.8398,2472166,3,10400000,471452.6364,885976.5899,2516411,505,12300000,397425.2903,798334.7707,2472166,3,0,0,0,0,744,1032,1.866827658,2.597325437,0,976,84.875,186.8396554,34909.05682,0,0,0,1,0,0,0,0,1,86.41818182,87.30434783,85.78125,744,0,0,0,0,0,0,23,2008,32,2745,29200,247,16,32,0.0,0.0,0,0,0.0,0.0,0,0,BruteForce
12332690,23,32,2008,2745,640,0,87.30434783,136.3399611,976,0,85.78125,220.240592,385.3984816,4.459692087,228383.1481,632763.2567,2472228,4,10400000,471927.4091,891344.5567,2516891,332,12300000,397826.1935,798663.2423,2472228,4,0,0,0,0,744,1032,1.864962145,2.594729941,0,976,84.875,186.8396554,34909.05682,0,0,0,1,0,0,0,0,1,86.41818182,87.30434783,85.78125,744,0,0,0,0,0,0,23,2008,32,2745,29200,247,16,32,0.0,0.0,0,0,0.0,0.0,0,0,BruteForce
67,1,1,0,0,0,0,0.0,0.0,0,0,0.0,0.0,0.0,29850.74627,67.0,0.0,67,67,0,0.0,0.0,0,0,0,0.0,0.0,0,0,0,0,0,0,32,32,14925.373130000002,14925.373130000002,0,0,0.0,0.0,0.0,0,0,0,0,1,1,0,0,1,0.0,0.0,0.0,32,0,0,0,0,0,0,1,0,1,0,259,247,0,32,0.0,0.0,0,0,0.0,0.0,0,0,BruteForce
71,1,1,0,0,0,0,0.0,0.0,0,0,0.0,0.0,0.0,28169.01408,71.0,0.0,71,71,0,0.0,0.0,0,0,0,0.0,0.0,0,0,0,0,0,0,32,32,14084.50704,14084.50704,0,0,0.0,0.0,0.0,0,0,0,0,1,1,0,0,1,0.0,0.0,0.0,32,0,0,0,0,0,0,1,0,1,0,259,247,0,32,0.0,0.0,0,0,0.0,0.0,0,0,BruteForce
13306374,21,32,2008,2745,640,0,95.61904762,140.0451628,976,0,85.78125,220.240592,357.1972349,3.983053535,255891.8077,688292.532,2294878,3,11100000,556246.85,977469.4499,2364604,359,13300000,429233.6129,853565.0741,2294878,3,0,0,0,0,680,1032,1.578191023,2.404862512,0,976,88.01851852,189.5902723,35944.47135,0,0,0,1,0,0,0,0,1,89.67924528,95.61904762,85.78125,680,0,0,0,0,0,0,21,2008,32,2745,29200,247,16,32,0.0,0.0,0,0,0.0,0.0,0,0,BruteForce
74,1,1,0,0,0,0,0.0,0.0,0,0,0.0,0.0,0.0,27027.02703,74.0,0.0,74,74,0,0.0,0.0,0,0,0,0.0,0.0,0,0,0,0,0,0,32,32,13513.51351,13513.51351,0,0,0.0,0.0,0.0,0,0,0,0,1,1,0,0,1,0.0,0.0,0.0,32,0,0,0,0,0,0,1,0,1,0,259,247,0,32,0.0,0.0,0,0,0.0,0.0,0,0,BruteForce
12599794,21,32,2024,2745,640,0,96.38095238,140.1821944,976,0,85.78125,220.240592,378.4982516,4.206417978,242303.7308,661891.0564,2649406,4,10700000,534706.2,956557.0192,2701116,240,12600000,406440.5161,822144.0758,2649406,4,0,0,0,0,680,1032,1.6666939159999998,2.539724062,0,976,88.31481481,189.6409541,35963.69147,0,0,0,1,0,0,0,0,1,89.98113208,96.38095238,85.78125,680,0,0,0,0,0,0,21,2024,32,2745,29200,257,16,32,0.0,0.0,0,0,0.0,0.0,0,0,BruteForce
93,1,1,0,0,0,0,0.0,0.0,0,0,0.0,0.0,0.0,21505.37634,93.0,0.0,93,93,0,0.0,0.0,0,0,0,0.0,0.0,0,0,0,0,0,0,32,32,10752.68817,10752.68817,0,0,0.0,0.0,0.0,0,0,0,0,1,1,0,0,1,0.0,0.0,0.0,32,0,0,0,0,0,0,1,0,1,0,259,257,0,32,0.0,0.0,0,0,0.0,0.0,0,0,BruteForce
39959,2,0,0,0,0,0,0.0,0.0,0,0,0.0,0.0,0.0,50.05130259,39959.0,0.0,39959,39959,39959,39959.0,0.0,39959,39959,0,0.0,0.0,0,0,0,0,0,0,64,0,50.05130259,0.0,0,0,0.0,0.0,0.0,0,0,0,0,1,1,0,0,0,0.0,0.0,0.0,64,0,0,0,0,0,0,2,0,0,0,247,-1,0,32,0.0,0.0,0,0,0.0,0.0,0,0,BruteForce
11968597,21,32,2008,2745,640,0,95.61904762,140.0451628,976,0,85.78125,220.240592,397.12257,4.428255041,230165.3269,638166.9113,2664202,3,9711936,485596.8,886454.8035,2708953,446,12000000,386080.5806,793870.547,2664202,3,0,0,0,0,680,1032,1.75459162,2.673663421,0,976,88.01851852,189.5902723,35944.47135,0,0,0,1,0,0,0,0,1,89.67924528,95.61904762,85.78125,680,0,0,0,0,0,0,21,2008,32,2745,29200,247,16,32,0.0,0.0,0,0,0.0,0.0,0,0,BruteForce
503,3,1,24,0,24,0,8.0,13.85640646,0,0,0.0,0.0,47713.71769,7952.286281999999,167.66666669999995,263.856653,472,3,503,251.5,351.4320702,500,3,0,0.0,0.0,0,0,1,0,0,0,96,20,5964.214712,1988.071571,0,24,9.6,13.14534138,172.8,0,1,0,0,1,0,0,0,0,12.0,8.0,0.0,96,0,0,0,0,0,0,3,24,1,0,229,0,0,32,0.0,0.0,0,0,0.0,0.0,0,0,BruteForce
78,1,1,0,0,0,0,0.0,0.0,0,0,0.0,0.0,0.0,25641.02564,78.0,0.0,78,78,0,0.0,0.0,0,0,0,0.0,0.0,0,0,0,0,0,0,32,32,12820.51282,12820.51282,0,0,0.0,0.0,0.0,0,0,0,0,1,1,0,0,1,0.0,0.0,0.0,32,0,0,0,0,0,0,1,0,1,0,259,247,0,32,0.0,0.0,0,0,0.0,0.0,0,0,BruteForce
93,1,1,0,0,0,0,0.0,0.0,0,0,0.0,0.0,0.0,21505.37634,93.0,0.0,93,93,0,0.0,0.0,0,0,0,0.0,0.0,0,0,0,0,0,0,32,32,10752.68817,10752.68817,0,0,0.0,0.0,0.0,0,0,0,0,1,1,0,0,1,0.0,0.0,0.0,32,0,0,0,0,0,0,1,0,1,0,259,247,0,32,0.0,0.0,0,0,0.0,0.0,0,0,BruteForce
12662218,21,33,2008,2745,640,0,95.61904762,140.0451628,976,0,83.18181818,217.2857356,375.3686755,4.264655687,238909.7736,649210.8398,2496269,4,10900000,542796.95,950478.9618,2564746,193,12700000,395691.0625,802130.9417,2496269,4,0,0,0,0,680,1064,1.658477211,2.606178475,0,976,86.41818182,188.2012015,35419.69226,0,0,0,1,0,0,0,0,1,88.01851852,95.61904762,83.18181818,680,0,0,0,0,0,0,21,2008,33,2745,29200,247,16,32,0.0,0.0,0,0,0.0,0.0,0,0,BruteForce
13942497,22,33,2008,2745,640,0,91.27272727,138.1821372,976,0,83.18181818,217.2857356,340.90019889999996,3.944774023999999,258194.3889,705446.6828,2488226,3,11700000,555429.2857,995380.2789,2564828,646,13900000,435699.5312,878448.3657,2488226,3,0,0,0,0,712,1064,1.57790961,2.366864415,0,976,84.875,186.8396554,34909.05682,0,0,0,1,0,0,0,0,1,86.41818182,91.27272727,83.18181818,712,0,0,0,0,0,0,22,2008,33,2745,29200,247,16,32,0.0,0.0,0,0,0.0,0.0,0,0,BruteForce
13924546,21,33,2008,2745,640,0,95.61904762,140.0451628,976,0,83.18181818,217.2857356,341.3396746,3.878043851,262727.283,710965.8252,2497367,3,11600000,582346.35,1011563.935,2564829,582,13900000,435138.9375,878124.0608,2497367,3,0,0,0,0,680,1064,1.5081281640000002,2.369915687,0,976,86.41818182,188.2012015,35419.69226,0,0,0,1,0,0,0,0,1,88.01851852,95.61904762,83.18181818,680,0,0,0,0,0,0,21,2008,33,2745,29200,247,16,32,0.0,0.0,0,0,0.0,0.0,0,0,BruteForce
91,1,1,0,0,0,0,0.0,0.0,0,0,0.0,0.0,0.0,21978.02198,91.0,0.0,91,91,0,0.0,0.0,0,0,0,0.0,0.0,0,0,0,0,0,0,32,32,10989.01099,10989.01099,0,0,0.0,0.0,0.0,0,0,0,0,1,1,0,0,1,0.0,0.0,0.0,32,0,0,0,0,0,0,1,0,1,0,259,247,0,32,0.0,0.0,0,0,0.0,0.0,0,0,BruteForce
960,2,2,0,0,0,0,0.0,0.0,0,0,0.0,0.0,0.0,4166.666667,320.0,394.9278415,776,88,872,872.0,0.0,872,872,864,864.0,0.0,864,864,0,0,0,0,72,72,2083.333333,2083.333333,0,0,0.0,0.0,0.0,0,0,0,1,0,0,0,0,1,0.0,0.0,0.0,72,0,0,0,0,0,0,2,0,2,0,29200,227,0,32,0.0,0.0,0,0,0.0,0.0,0,0,BruteForce
22989,2,1,24,0,24,0,12.0,16.97056275,0,0,0.0,0.0,1043.9775539999998,130.4971943,11494.5,16227.39352,22969,20,22969,22969.0,0.0,22969,22969,0,0.0,0.0,0,0,0,0,0,0,64,20,86.99812954,43.49906477,0,24,6.0,12.0,144.0,0,0,0,0,1,0,0,0,0,8.0,12.0,0.0,64,0,0,0,0,0,0,2,24,1,0,229,0,1,32,0.0,0.0,0,0,0.0,0.0,0,0,BruteForce
13570068,22,33,2008,2745,640,0,91.27272727,138.1821372,976,0,83.18181818,217.2857356,350.2561667,4.053037907,251297.5556,663250.2472,2844079,2,10700000,508786.2381,844783.9774,2301378,422,13600000,424064.0938,825695.0234,2844079,2,0,0,0,0,712,1064,1.621215163,2.431822744,0,976,84.875,186.8396554,34909.05682,0,0,0,1,0,0,0,0,1,86.41818182,91.27272727,83.18181818,712,0,0,0,0,0,0,22,2008,33,2745,29200,247,16,32,0.0,0.0,0,0,0.0,0.0,0,0,BruteForce
1023,3,3,32,0,32,0,10.66666667,18.47520861,0,0,0.0,0.0,31280.547410000003,5865.102639,204.6,326.3530297,781,3,914,457.0,642.0529573,911,3,893,446.5,604.5762979,874,19,0,0,0,0,104,104,2932.55132,2932.55132,0,32,4.571428571,12.09486314,146.28571430000005,0,0,0,1,0,0,0,0,1,5.333333333,10.66666667,0.0,104,0,0,0,0,0,0,3,32,3,0,29200,227,1,32,0.0,0.0,0,0,0.0,0.0,0,0,BruteForce
1904571,13,11,1128,2009,640,0,86.76923077,183.2985515,976,0,182.6363636,362.8967547,1647.0900800000002,12.60126296,82807.43478,341731.644,1648178,44,1904571,158714.25,495448.4236,1730722,664,1865500,186550.0,514646.3682,1648178,602,0,0,0,0,424,360,6.825684104,5.775578857,0,976,125.48,273.1972913,74636.76,0,0,0,1,0,0,0,0,0,130.7083333,86.76923077,182.6363636,424,0,0,0,0,0,0,13,1128,11,2009,29200,247,6,32,0.0,0.0,0,0,0.0,0.0,0,0,BruteForce
1937542,13,11,1128,2009,640,0,86.76923077,183.2985515,976,0,182.6363636,362.8967547,1619.061677,12.38682826,84240.95652,340897.417,1644342,80,1937542,161461.8333,493617.5314,1726377,514,1898633,189863.3,512878.2526,1644342,632,0,0,0,0,424,360,6.709531974,5.677296286,0,976,125.48,273.1972913,74636.76,0,0,0,1,0,0,0,0,0,130.7083333,86.76923077,182.6363636,424,0,0,0,0,0,0,13,1128,11,2009,29200,247,6,32,0.0,0.0,0,0,0.0,0.0,0,0,BruteForce
12292553,19,33,2008,2745,640,0,105.6842105,143.76719319999995,976,0,83.18181818,217.2857356,386.6568645,4.2302034410000005,241030.451,648891.445,2548231,3,9703829,539101.6111,882549.6288,2164321,408,12300000,384139.7187,789002.8745,2548231,3,0,0,0,0,616,1064,1.5456512569999998,2.6845521839999997,0,976,89.67924528,191.0076291,36483.91437,0,0,0,1,0,0,0,0,1,91.40384615,105.6842105,83.18181818,616,0,0,0,0,0,0,19,2008,33,2745,29200,247,16,32,0.0,0.0,0,0,0.0,0.0,0,0,BruteForce
12315528,22,32,2008,2745,640,0,91.27272727,138.1821372,976,0,85.78125,220.240592,385.9355441,4.384708475,232368.4528,637572.3048,2544250,3,9727784,463227.8095,837206.1587,2164511,374,12300000,397272.4194,798183.2498,2544250,3,0,0,0,0,712,1032,1.786362712,2.598345763,0,976,86.41818182,188.2012015,35419.69226,0,0,0,1,0,0,0,0,1,88.01851852,91.27272727,85.78125,712,0,0,0,0,0,0,22,2008,32,2745,29200,247,16,32,0.0,0.0,0,0,0.0,0.0,0,0,BruteForce
79,1,1,0,0,0,0,0.0,0.0,0,0,0.0,0.0,0.0,25316.4557,79.0,0.0,79,79,0,0.0,0.0,0,0,0,0.0,0.0,0,0,0,0,0,0,32,32,12658.22785,12658.22785,0,0,0.0,0.0,0.0,0,0,0,0,1,1,0,0,1,0.0,0.0,0.0,32,0,0,0,0,0,0,1,0,1,0,259,247,0,32,0.0,0.0,0,0,0.0,0.0,0,0,BruteForce
80,1,1,0,0,0,0,0.0,0.0,0,0,0.0,0.0,0.0,25000.0,80.0,0.0,80,80,0,0.0,0.0,0,0,0,0.0,0.0,0,0,0,0,0,0,32,32,12500.0,12500.0,0,0,0.0,0.0,0.0,0,0,0,0,1,1,0,0,1,0.0,0.0,0.0,32,0,0,0,0,0,0,1,0,1,0,259,247,0,32,0.0,0.0,0,0,0.0,0.0,0,0,BruteForce
12542218,19,31,2008,2745,640,0,105.6842105,143.76719319999995,976,0,88.5483871,223.315,378.9600851,3.986535715,255963.6327,674387.2964,2596219,3,10900000,603975.0,998954.3789,2653469,502,12500000,418070.8,826292.4939,2596219,3,0,0,0,0,616,1000,1.5148835719999998,2.471652143,0,976,93.19607843,193.9302988,37608.96078,0,0,0,1,0,0,0,0,1,95.06,105.6842105,88.5483871,616,0,0,0,0,0,0,19,2008,31,2745,29200,247,16,32,0.0,0.0,0,0,0.0,0.0,0,0,BruteForce
12257956,21,32,2008,2745,640,0,95.61904762,140.0451628,976,0,85.78125,220.240592,387.7481694,4.3237224869999995,235729.9231,638568.7852,2392456,3,10400000,519869.5,918191.1374,2452384,492,12300000,395414.4516,792498.4189,2392456,3,0,0,0,0,680,1032,1.713173061,2.610549426,0,976,88.01851852,189.5902723,35944.47135,0,0,0,1,0,0,0,0,1,89.67924528,95.61904762,85.78125,680,0,0,0,0,0,0,21,2008,32,2745,29200,247,16,32,0.0,0.0,0,0,0.0,0.0,0,0,BruteForce
11937670,21,32,2008,2745,640,0,95.61904762,140.0451628,976,0,85.78125,220.240592,398.1513981,4.43972735,229570.5769,629109.0099,2591285,3,10500000,527123.85,936853.796,2653197,343,11900000,385082.0,781680.6348,2591285,3,0,0,0,0,680,1032,1.759137252,2.680590098,0,976,88.01851852,189.5902723,35944.47135,0,0,0,1,0,0,0,0,1,89.67924528,95.61904762,85.78125,680,0,0,0,0,0,0,21,2008,32,2745,29200,247,16,32,0.0,0.0,0,0,0.0,0.0,0,0,BruteForce
12217191,22,32,2008,2745,640,0,91.27272727,138.1821372,976,0,85.78125,220.240592,389.0419655,4.420001292,230513.0377,619890.5877,2291332,3,10400000,493331.2381,886560.0101,2364647,434,12200000,394098.5161,774416.3316,2291332,3,0,0,0,0,712,1032,1.8007412669999998,2.619260025,0,976,86.41818182,188.2012015,35419.69226,0,0,0,1,0,0,0,0,1,88.01851852,91.27272727,85.78125,712,0,0,0,0,0,0,22,2008,32,2745,29200,247,16,32,0.0,0.0,0,0,0.0,0.0,0,0,BruteForce
12146863,21,32,2008,2745,640,0,95.61904762,140.0451628,976,0,85.78125,220.240592,391.2944437,4.363266466000001,233593.5192,623425.9771,2290950,37,10300000,515972.7,899650.8129,2364711,665,12100000,391830.3226,772599.3073,2290950,47,0,0,0,0,680,1032,1.72884143,2.634425036,0,976,88.01851852,189.5902723,35944.47135,0,0,0,1,0,0,0,0,1,89.67924528,95.61904762,85.78125,680,0,0,0,0,0,0,21,2008,32,2745,29200,247,16,32,0.0,0.0,0,0,0.0,0.0,0,0,BruteForce
71,1,1,0,0,0,0,0.0,0.0,0,0,0.0,0.0,0.0,28169.01408,71.0,0.0,71,71,0,0.0,0.0,0,0,0,0.0,0.0,0,0,0,0,0,0,32,32,14084.50704,14084.50704,0,0,0.0,0.0,0.0,0,0,0,0,1,1,0,0,1,0.0,0.0,0.0,32,0,0,0,0,0,0,1,0,1,0,259,247,0,32,0.0,0.0,0,0,0.0,0.0,0,0,BruteForce
11763912,21,32,2008,2745,640,0,95.61904762,140.0451628,976,0,85.78125,220.240592,404.0322641,4.505304018,226229.0769,607757.1394,2096979,3,9879693,493984.65,866513.0567,2164526,494,11800000,379475.4516,753610.3890000002,2096979,3,0,0,0,0,680,1032,1.78512046,2.720183558,0,976,88.01851852,189.5902723,35944.47135,0,0,0,1,0,0,0,0,1,89.67924528,95.61904762,85.78125,680,0,0,0,0,0,0,21,2008,32,2745,29200,247,16,32,0.0,0.0,0,0,0.0,0.0,0,0,BruteForce
11893062,22,33,2008,2745,640,0,91.27272727,138.1821372,976,0,83.18181818,217.2857356,399.6447677,4.624544966,220241.8889,603997.9405,2294689,3,9855874,469327.3333,850581.363,2372051,285,11900000,371655.5625,752264.925,2294689,3,0,0,0,0,712,1064,1.849817986,2.774726979,0,976,84.875,186.8396554,34909.05682,0,0,0,1,0,0,0,0,1,86.41818182,91.27272727,83.18181818,712,0,0,0,0,0,0,22,2008,33,2745,29200,247,16,32,0.0,0.0,0,0,0.0,0.0,0,0,BruteForce
12701894,23,33,2008,2745,640,0,87.30434783,136.3399611,976,0,83.18181818,217.2857356,374.1961632,4.408791319,230943.5273,631359.1467,2303391,3,10700000,484569.8636,883680.0339,2347119,233,12700000,396930.3437,791716.2217,2303391,3,0,0,0,0,744,1064,1.810753577,2.5980377409999997,0,976,83.38596491,185.5048858,34412.06266,0,0,0,1,0,0,0,0,1,84.875,87.30434783,83.18181818,744,0,0,0,0,0,0,23,2008,33,2745,29200,247,16,32,0.0,0.0,0,0,0.0,0.0,0,0,BruteForce
11094528,21,32,2008,2745,640,0,95.61904762,140.0451628,976,0,85.78125,220.240592,428.4093925,4.777129771,213356.3077,574087.9920000001,2118606,4,9660337,483016.85,846203.8468,2164395,436,11100000,357885.9355,711982.1721,2118606,4,0,0,0,0,680,1032,1.892825003,2.8843047669999997,0,976,88.01851852,189.5902723,35944.47135,0,0,0,1,0,0,0,0,1,89.67924528,95.61904762,85.78125,680,0,0,0,0,0,0,21,2008,32,2745,29200,247,16,32,0.0,0.0,0,0,0.0,0.0,0,0,BruteForce
70,1,1,0,0,0,0,0.0,0.0,0,0,0.0,0.0,0.0,28571.42857,70.0,0.0,70,70,0,0.0,0.0,0,0,0,0.0,0.0,0,0,0,0,0,0,32,32,14285.71429,14285.71429,0,0,0.0,0.0,0.0,0,0,0,0,1,1,0,0,1,0.0,0.0,0.0,32,0,0,0,0,0,0,1,0,1,0,259,247,0,32,0.0,0.0,0,0,0.0,0.0,0,0,BruteForce
11439059,21,32,2008,2745,640,0,95.61904762,140.0451628,976,0,85.78125,220.240592,415.5062055,4.633248242,219981.9038,596106.7045,2331547,3,9853325,492666.25,873926.2616,2401164,477,11400000,368998.0,739848.3816,2331547,3,0,0,0,0,680,1032,1.835815341,2.797432901,0,976,88.01851852,189.5902723,35944.47135,0,0,0,1,0,0,0,0,1,89.67924528,95.61904762,85.78125,680,0,0,0,0,0,0,21,2008,32,2745,29200,247,16,32,0.0,0.0,0,0,0.0,0.0,0,0,BruteForce
12844042,20,33,2008,2745,640,0,100.4,141.91413269999995,976,0,83.18181818,217.2857356,370.0548472,4.126426868,247000.8077,662893.8493,2328155,4,10800000,567730.5789,960729.9351,2401176,571,12800000,401372.5313,811894.2679,2328155,4,0,0,0,0,648,1064,1.557142214,2.569284654,0,976,88.01851852,189.5902723,35944.47135,0,0,0,1,0,0,0,0,1,89.67924528,100.4,83.18181818,648,0,0,0,0,0,0,20,2008,33,2745,29200,247,16,32,0.0,0.0,0,0,0.0,0.0,0,0,BruteForce
43,1,1,0,0,0,0,0.0,0.0,0,0,0.0,0.0,0.0,46511.62791,43.0,0.0,43,43,0,0.0,0.0,0,0,0,0.0,0.0,0,0,0,0,0,0,32,32,23255.81395,23255.81395,0,0,0.0,0.0,0.0,0,0,0,0,1,1,0,0,1,0.0,0.0,0.0,32,0,0,0,0,0,0,1,0,1,0,259,247,0,32,0.0,0.0,0,0,0.0,0.0,0,0,BruteForce
10862966,22,33,2008,2745,640,0,91.27272727,138.1821372,976,0,83.18181818,217.2857356,437.5416438,5.063073934,201166.037,558718.9336,2349159,3,9256808,440800.381,811169.3775,2401108,3,10900000,339464.7812,696750.1763,2349159,18,0,0,0,0,712,1064,2.025229574,3.03784436,0,976,84.875,186.8396554,34909.05682,0,0,0,1,0,0,0,0,1,86.41818182,91.27272727,83.18181818,712,0,0,0,0,0,0,22,2008,33,2745,29200,247,16,32,0.0,0.0,0,0,0.0,0.0,0,0,BruteForce
98,1,1,0,0,0,0,0.0,0.0,0,0,0.0,0.0,0.0,20408.163269999997,98.0,0.0,98,98,0,0.0,0.0,0,0,0,0.0,0.0,0,0,0,0,0,0,32,32,10204.08163,10204.08163,0,0,0.0,0.0,0.0,0,0,0,0,1,1,0,0,1,0.0,0.0,0.0,32,0,0,0,0,0,0,1,0,1,0,259,247,0,32,0.0,0.0,0,0,0.0,0.0,0,0,BruteForce
67,1,1,0,0,0,0,0.0,0.0,0,0,0.0,0.0,0.0,29850.74627,67.0,0.0,67,67,0,0.0,0.0,0,0,0,0.0,0.0,0,0,0,0,0,0,32,32,14925.373130000002,14925.373130000002,0,0,0.0,0.0,0.0,0,0,0,0,1,1,0,0,1,0.0,0.0,0.0,32,0,0,0,0,0,0,1,0,1,0,259,247,0,32,0.0,0.0,0,0,0.0,0.0,0,0,BruteForce
12939144,22,32,2008,2745,640,0,91.27272727,138.1821372,976,0,85.78125,220.240592,367.3349644,4.173382721,244134.7925,665109.1349,2364213,4,10900000,517211.381,939099.9845,2408291,4,12900000,417388.4516,831985.5963,2364213,4,0,0,0,0,712,1032,1.700267035,2.473115687,0,976,86.41818182,188.2012015,35419.69226,0,0,0,1,0,0,0,0,1,88.01851852,91.27272727,85.78125,712,0,0,0,0,0,0,22,2008,32,2745,29200,247,16,32,0.0,0.0,0,0,0.0,0.0,0,0,BruteForce
12005679,22,33,2008,2745,640,0,91.27272727,138.1821372,976,0,83.18181818,217.2857356,395.8959756,4.581165297,222327.3889,616723.1912,2348190,3,10400000,495237.8571,905728.6558,2401114,236,12000000,375172.5625,769054.7511,2348190,3,0,0,0,0,712,1064,1.832466119,2.7486991780000003,0,976,84.875,186.8396554,34909.05682,0,0,0,1,0,0,0,0,1,86.41818182,91.27272727,83.18181818,712,0,0,0,0,0,0,22,2008,33,2745,29200,247,16,32,0.0,0.0,0,0,0.0,0.0,0,0,BruteForce
12944769,20,33,2008,2745,640,0,100.4,141.91413269999995,976,0,83.18181818,217.2857356,367.1753432,4.094317944,248937.8654,669814.5837,2368023,4,10900000,572047.4737,974214.7159,2416518,244,12900000,404522.9688,820525.7773,2368023,4,0,0,0,0,648,1064,1.545025639,2.549292305,0,976,88.01851852,189.5902723,35944.47135,0,0,0,1,0,0,0,0,1,89.67924528,100.4,83.18181818,648,0,0,0,0,0,0,20,2008,33,2745,29200,247,16,32,0.0,0.0,0,0,0.0,0.0,0,0,BruteForce
92,1,1,0,0,0,0,0.0,0.0,0,0,0.0,0.0,0.0,21739.13043,92.0,0.0,92,92,0,0.0,0.0,0,0,0,0.0,0.0,0,0,0,0,0,0,32,32,10869.56522,10869.56522,0,0,0.0,0.0,0.0,0,0,0,0,1,1,0,0,1,0.0,0.0,0.0,32,0,0,0,0,0,0,1,0,1,0,259,247,0,32,0.0,0.0,0,0,0.0,0.0,0,0,BruteForce
11667421,19,33,2008,2745,640,0,105.6842105,143.76719319999995,976,0,83.18181818,217.2857356,407.3736604,4.45685469,228772.9608,616873.1409,2317961,3,10000000,557065.5556,927396.7597,2364648,790,11700000,364603.25,750155.925,2317961,3,0,0,0,0,616,1064,1.628466137,2.828388553,0,976,89.67924528,191.0076291,36483.91437,0,0,0,1,0,0,0,0,1,91.40384615,105.6842105,83.18181818,616,0,0,0,0,0,0,19,2008,33,2745,29200,247,16,32,0.0,0.0,0,0,0.0,0.0,0,0,BruteForce
74,1,1,0,0,0,0,0.0,0.0,0,0,0.0,0.0,0.0,27027.02703,74.0,0.0,74,74,0,0.0,0.0,0,0,0,0.0,0.0,0,0,0,0,0,0,32,32,13513.51351,13513.51351,0,0,0.0,0.0,0.0,0,0,0,0,1,1,0,0,1,0.0,0.0,0.0,32,0,0,0,0,0,0,1,0,1,0,259,247,0,32,0.0,0.0,0,0,0.0,0.0,0,0,BruteForce
71,1,1,0,0,0,0,0.0,0.0,0,0,0.0,0.0,0.0,28169.01408,71.0,0.0,71,71,0,0.0,0.0,0,0,0,0.0,0.0,0,0,0,0,0,0,32,32,14084.50704,14084.50704,0,0,0.0,0.0,0.0,0,0,0,0,1,1,0,0,1,0.0,0.0,0.0,32,0,0,0,0,0,0,1,0,1,0,259,247,0,32,0.0,0.0,0,0,0.0,0.0,0,0,BruteForce
12066764,22,32,2008,2745,640,0,91.27272727,138.1821372,976,0,85.78125,220.240592,393.8918503999999,4.475102024,227674.7925,620611.4702,2244376,3,10400000,496244.8095,896660.5616,2293523,411,12100000,389248.9032,776368.0537,2244376,3,0,0,0,0,712,1032,1.823189713,2.651912311,0,976,86.41818182,188.2012015,35419.69226,0,0,0,1,0,0,0,0,1,88.01851852,91.27272727,85.78125,712,0,0,0,0,0,0,22,2008,32,2745,29200,247,16,32,0.0,0.0,0,0,0.0,0.0,0,0,BruteForce
11532047,19,31,2008,2745,640,0,105.6842105,143.76719319999995,976,0,88.5483871,223.315,412.1557951,4.335743689,235347.898,611425.7564,2190682,4,9859084,547726.8889,897182.1602,2264677,365,11500000,384397.8667,748092.2973,2190682,4,0,0,0,0,616,1000,1.647582602,2.6881610869999997,0,976,93.19607843,193.9302988,37608.96078,0,0,0,1,0,0,0,0,1,95.06,105.6842105,88.5483871,616,0,0,0,0,0,0,19,2008,31,2745,29200,247,16,32,0.0,0.0,0,0,0.0,0.0,0,0,BruteForce
12249868,22,33,2008,2745,640,0,91.27272727,138.1821372,976,0,83.18181818,217.2857356,388.0041809,4.489844299,226849.4074,615968.3505,2260488,18,10600000,504010.4286,898292.0909,2313525,462,12200000,382805.4063,766480.1306,2260488,47,0,0,0,0,712,1064,1.795937719,2.6939065789999996,0,976,84.875,186.8396554,34909.05682,0,0,0,1,0,0,0,0,1,86.41818182,91.27272727,83.18181818,712,0,0,0,0,0,0,22,2008,33,2745,29200,247,16,32,0.0,0.0,0,0,0.0,0.0,0,0,BruteForce
12208074,21,31,2008,2745,640,0,95.61904762,140.0451628,976,0,88.5483871,223.315,389.3325023999999,4.259476147,239374.0,631539.8505,2257585,22,10500000,527099.45,913904.6057,2306908,478,12200000,406931.3,785919.7674,2257585,22,0,0,0,0,680,1000,1.720173059,2.539303087,0,976,89.67924528,191.0076291,36483.91437,0,0,0,1,0,0,0,0,1,91.40384615,95.61904762,88.5483871,680,0,0,0,0,0,0,21,2008,31,2745,29200,247,16,32,0.0,0.0,0,0,0.0,0.0,0,0,BruteForce
65,1,1,0,0,0,0,0.0,0.0,0,0,0.0,0.0,0.0,30769.23077,65.0,0.0,65,65,0,0.0,0.0,0,0,0,0.0,0.0,0,0,0,0,0,0,32,32,15384.61538,15384.61538,0,0,0.0,0.0,0.0,0,0,0,0,1,1,0,0,1,0.0,0.0,0.0,32,0,0,0,0,0,0,1,0,1,0,259,247,0,32,0.0,0.0,0,0,0.0,0.0,0,0,BruteForce
67,1,1,0,0,0,0,0.0,0.0,0,0,0.0,0.0,0.0,29850.74627,67.0,0.0,67,67,0,0.0,0.0,0,0,0,0.0,0.0,0,0,0,0,0,0,32,32,14925.373130000002,14925.373130000002,0,0,0.0,0.0,0.0,0,0,0,0,1,1,0,0,1,0.0,0.0,0.0,32,0,0,0,0,0,0,1,0,1,0,259,247,0,32,0.0,0.0,0,0,0.0,0.0,0,0,BruteForce
81,1,1,0,0,0,0,0.0,0.0,0,0,0.0,0.0,0.0,24691.35802,81.0,0.0,81,81,0,0.0,0.0,0,0,0,0.0,0.0,0,0,0,0,0,0,32,32,12345.67901,12345.67901,0,0,0.0,0.0,0.0,0,0,0,0,1,1,0,0,1,0.0,0.0,0.0,32,0,0,0,0,0,0,1,0,1,0,259,247,0,32,0.0,0.0,0,0,0.0,0.0,0,0,BruteForce
10613879,22,32,2008,2745,640,0,91.27272727,138.1821372,976,0,85.78125,220.240592,447.8098912,5.087678124,200261.8679,540339.8926,1895412,3,8792536,418692.1905,755142.5755,1964275,316,10600000,342378.8387,675272.6593,1895412,3,0,0,0,0,712,1032,2.072757754,3.01492037,0,976,86.41818182,188.2012015,35419.69226,0,0,0,1,0,0,0,0,1,88.01851852,91.27272727,85.78125,712,0,0,0,0,0,0,22,2008,32,2745,29200,247,16,32,0.0,0.0,0,0,0.0,0.0,0,0,BruteForce
74,1,1,0,0,0,0,0.0,0.0,0,0,0.0,0.0,0.0,27027.02703,74.0,0.0,74,74,0,0.0,0.0,0,0,0,0.0,0.0,0,0,0,0,0,0,32,32,13513.51351,13513.51351,0,0,0.0,0.0,0.0,0,0,0,0,1,1,0,0,1,0.0,0.0,0.0,32,0,0,0,0,0,0,1,0,1,0,259,247,0,32,0.0,0.0,0,0,0.0,0.0,0,0,BruteForce
11919272,21,31,2008,2745,640,0,95.61904762,140.0451628,976,0,88.5483871,223.315,398.7659649,4.362682553,233711.2157,618184.0247,2204248,4,10100000,504651.95,880391.6966,2264547,468,11900000,397304.8667,769327.0287,2204248,4,0,0,0,0,680,1000,1.76185257,2.600829984,0,976,89.67924528,191.0076291,36483.91437,0,0,0,1,0,0,0,0,1,91.40384615,95.61904762,88.5483871,680,0,0,0,0,0,0,21,2008,31,2745,29200,247,16,32,0.0,0.0,0,0,0.0,0.0,0,0,BruteForce
11112631,21,31,2008,2745,640,0,95.61904762,140.0451628,976,0,88.5483871,223.315,427.7114933,4.67935991,217894.7255,581735.8407,2280478,3,9230164,461508.2,815883.2875,2336283,411,11100000,370420.2,724881.3427,2280478,3,0,0,0,0,680,1000,1.889741502,2.789618408,0,976,89.67924528,191.0076291,36483.91437,0,0,0,1,0,0,0,0,1,91.40384615,95.61904762,88.5483871,680,0,0,0,0,0,0,21,2008,31,2745,29200,247,16,32,0.0,0.0,0,0,0.0,0.0,0,0,BruteForce
26,1,1,0,0,0,0,0.0,0.0,0,0,0.0,0.0,0.0,76923.07692,26.0,0.0,26,26,0,0.0,0.0,0,0,0,0.0,0.0,0,0,0,0,0,0,32,32,38461.53846,38461.53846,0,0,0.0,0.0,0.0,0,0,0,0,1,1,0,0,1,0.0,0.0,0.0,32,0,0,0,0,0,0,1,0,1,0,259,247,0,32,0.0,0.0,0,0,0.0,0.0,0,0,BruteForce
12414923,22,32,2008,2745,640,0,91.27272727,138.1821372,976,0,85.78125,220.240592,382.8457092,4.349604101000001,234243.8302,635234.3688,2276904,4,10100000,480783.9524,865805.7012,2278920,288,12400000,400476.7097,794353.7246,2276904,4,0,0,0,0,712,1032,1.77206093,2.577543171,0,976,86.41818182,188.2012015,35419.69226,0,0,0,1,0,0,0,0,1,88.01851852,91.27272727,85.78125,712,0,0,0,0,0,0,22,2008,32,2745,29200,247,16,32,0.0,0.0,0,0,0.0,0.0,0,0,BruteForce
12301661,24,33,2024,2745,640,0,84.33333333,134.7147281,976,0,83.18181818,217.2857356,387.6712259,4.633520628,219672.5179,606277.5103,2231364,3,10300000,445756.6957,843370.5468,2302049,247,12300000,384423.5312,766164.0384,2231364,3,0,0,0,0,776,1064,1.950956054,2.682564574,0,976,82.22413793,184.2539288,33949.51028,0,0,0,1,0,0,0,0,1,83.66666667,84.33333333,83.18181818,776,0,0,0,0,0,0,24,2024,33,2745,29200,257,16,32,0.0,0.0,0,0,0.0,0.0,0,0,BruteForce
11505115,22,32,2008,2745,640,0,91.27272727,138.1821372,976,0,85.78125,220.240592,413.120599,4.693564558,217077.6415,587824.3941,2142601,3,9500797,452418.9048,817230.0544,2197788,476,11500000,371130.4194,734842.0303,2142601,3,0,0,0,0,712,1032,1.912192968,2.78137159,0,976,86.41818182,188.2012015,35419.69226,0,0,0,1,0,0,0,0,1,88.01851852,91.27272727,85.78125,712,0,0,0,0,0,0,22,2008,32,2745,29200,247,16,32,0.0,0.0,0,0,0.0,0.0,0,0,BruteForce
79,1,1,0,0,0,0,0.0,0.0,0,0,0.0,0.0,0.0,25316.4557,79.0,0.0,79,79,0,0.0,0.0,0,0,0,0.0,0.0,0,0,0,0,0,0,32,32,12658.22785,12658.22785,0,0,0.0,0.0,0.0,0,0,0,0,1,1,0,0,1,0.0,0.0,0.0,32,0,0,0,0,0,0,1,0,1,0,259,247,0,32,0.0,0.0,0,0,0.0,0.0,0,0,BruteForce
11646633,21,33,2008,2745,640,0,95.61904762,140.0451628,976,0,83.18181818,217.2857356,408.100779,4.636533151,219747.7925,591207.7182,2150468,24,9910188,495509.4,859796.2831,2201191,557,11600000,363953.875,729699.5217,2150468,49,0,0,0,0,680,1064,1.803096225,2.833436926,0,976,86.41818182,188.2012015,35419.69226,0,0,0,1,0,0,0,0,1,88.01851852,95.61904762,83.18181818,680,0,0,0,0,0,0,21,2008,33,2745,29200,247,16,32,0.0,0.0,0,0,0.0,0.0,0,0,BruteForce
11644467,24,32,2008,2745,640,0,83.66666667,134.5286996,976,0,85.78125,220.240592,408.1766903,4.80915099,211717.5818,576161.3118,2132241,3,9923372,431450.9565,812985.082,2201056,231,11600000,375625.3871,731015.2613,2132241,3,0,0,0,0,776,1032,2.06106471,2.74808628,0,976,83.38596491,185.5048858,34412.06266,0,0,0,1,0,0,0,0,1,84.875,83.66666667,85.78125,776,0,0,0,0,0,0,24,2008,32,2745,29200,247,16,32,0.0,0.0,0,0,0.0,0.0,0,0,BruteForce
45,1,1,0,0,0,0,0.0,0.0,0,0,0.0,0.0,0.0,44444.44444,45.0,0.0,45,45,0,0.0,0.0,0,0,0,0.0,0.0,0,0,0,0,0,0,32,32,22222.22222,22222.22222,0,0,0.0,0.0,0.0,0,0,0,0,1,1,0,0,1,0.0,0.0,0.0,32,0,0,0,0,0,0,1,0,1,0,259,247,0,32,0.0,0.0,0,0,0.0,0.0,0,0,BruteForce
10764337,21,32,2008,2745,640,0,95.61904762,140.0451628,976,0,85.78125,220.240592,441.5506501,4.923665991,207006.4808,558890.1894,2011077,3,8711794,435589.7,767626.2303,2000789,483,10800000,347232.2903,693387.3911,2011077,3,0,0,0,0,680,1032,1.950886525,2.9727794660000004,0,976,88.01851852,189.5902723,35944.47135,0,0,0,1,0,0,0,0,1,89.67924528,95.61904762,85.78125,680,0,0,0,0,0,0,21,2008,32,2745,29200,247,16,32,0.0,0.0,0,0,0.0,0.0,0,0,BruteForce
11636167,19,33,2008,2745,640,0,105.6842105,143.76719319999995,976,0,83.18181818,217.2857356,408.46784,4.468825516,228160.1373,602852.538,2146383,3,9894597,549699.8333,900016.3399,2201137,683,11600000,363625.9688,731756.0171,2146383,3,0,0,0,0,616,1064,1.632840092,2.835985424,0,976,89.67924528,191.0076291,36483.91437,0,0,0,1,0,0,0,0,1,91.40384615,105.6842105,83.18181818,616,0,0,0,0,0,0,19,2008,33,2745,29200,247,16,32,0.0,0.0,0,0,0.0,0.0,0,0,BruteForce
11194083,21,32,2008,2745,640,0,95.61904762,140.0451628,976,0,85.78125,220.240592,424.59931730000005,4.734644187,215270.8269,576462.9759,2115014,3,9353009,467650.45,821549.47,2164766,245,11200000,361095.0323,714566.0189,2115014,3,0,0,0,0,680,1032,1.875991093,2.8586530939999997,0,976,88.01851852,189.5902723,35944.47135,0,0,0,1,0,0,0,0,1,89.67924528,95.61904762,85.78125,680,0,0,0,0,0,0,21,2008,32,2745,29200,247,16,32,0.0,0.0,0,0,0.0,0.0,0,0,BruteForce
72,1,1,0,0,0,0,0.0,0.0,0,0,0.0,0.0,0.0,27777.77778,72.0,0.0,72,72,0,0.0,0.0,0,0,0,0.0,0.0,0,0,0,0,0,0,32,32,13888.88889,13888.88889,0,0,0.0,0.0,0.0,0,0,0,0,1,1,0,0,1,0.0,0.0,0.0,32,0,0,0,0,0,0,1,0,1,0,259,247,0,32,0.0,0.0,0,0,0.0,0.0,0,0,BruteForce
10532815,21,32,2008,2745,640,0,95.61904762,140.0451628,976,0,85.78125,220.240592,451.256383,5.031893183,202554.1346,539794.1626,1968187,3,8773159,438657.95,766440.5728,2025915,334,10500000,339766.6774,668962.4308,1968187,3,0,0,0,0,680,1032,1.993768997,3.038124186,0,976,88.01851852,189.5902723,35944.47135,0,0,0,1,0,0,0,0,1,89.67924528,95.61904762,85.78125,680,0,0,0,0,0,0,21,2008,32,2745,29200,247,16,32,0.0,0.0,0,0,0.0,0.0,0,0,BruteForce
10562168,22,31,2008,2745,640,0,91.27272727,138.1821372,976,0,88.5483871,223.315,450.0023101,5.017909202,203118.6154,539760.1325,1968243,3,8796030,418858.5714,748348.058,2009147,387,10600000,352070.0333,677268.6734,1968243,3,0,0,0,0,712,1000,2.082905706,2.935003495,0,976,88.01851852,189.5902723,35944.47135,0,0,0,1,0,0,0,0,1,89.67924528,91.27272727,88.5483871,712,0,0,0,0,0,0,22,2008,31,2745,29200,247,16,32,0.0,0.0,0,0,0.0,0.0,0,0,BruteForce
10495350,22,33,2008,2745,640,0,91.27272727,138.1821372,976,0,83.18181818,217.2857356,452.8672222,5.240415994,194358.3333,531529.2979,1958357,1,8734196,415914.0952,754935.9365,2026113,372,10500000,327978.0313,661804.6198,1958357,1,0,0,0,0,712,1064,2.0961663969999997,3.1442495960000003,0,976,84.875,186.8396554,34909.05682,0,0,0,1,0,0,0,0,1,86.41818182,91.27272727,83.18181818,712,0,0,0,0,0,0,22,2008,33,2745,29200,247,16,32,0.0,0.0,0,0,0.0,0.0,0,0,BruteForce
9990874,21,32,2008,2745,640,0,95.61904762,140.0451628,976,0,85.78125,220.240592,475.734155,5.304841198,192132.1923,513611.2653,1795855,4,8269821,413491.05,727224.4252,1851944,312,9990749,322282.2258,636553.7402,1795855,4,0,0,0,0,680,1032,2.101918211,3.202922988,0,976,88.01851852,189.5902723,35944.47135,0,0,0,1,0,0,0,0,1,89.67924528,95.61904762,85.78125,680,0,0,0,0,0,0,21,2008,32,2745,29200,247,16,32,0.0,0.0,0,0,0.0,0.0,0,0,BruteForce
11860502,20,33,2008,2745,640,0,100.4,141.91413269999995,976,0,83.18181818,217.2857356,400.741891,4.468613554,228086.5769,619758.8296,2487793,3,9330002,491052.7368,837274.062,2201372,436,11900000,370636.4375,759934.8546,2487793,3,0,0,0,0,648,1064,1.686269266,2.7823442889999996,0,976,88.01851852,189.5902723,35944.47135,0,0,0,1,0,0,0,0,1,89.67924528,100.4,83.18181818,648,0,0,0,0,0,0,20,2008,33,2745,29200,247,16,32,0.0,0.0,0,0,0.0,0.0,0,0,BruteForce
11846968,19,31,2008,2745,640,0,105.6842105,143.76719319999995,976,0,88.5483871,223.315,401.1996994,4.220489158,241774.8571,635334.34,2487257,4,9317649,517647.1667,851003.2557,2200819,343,11800000,394895.9,778295.2275,2487257,4,0,0,0,0,616,1000,1.60378588,2.616703278,0,976,93.19607843,193.9302988,37608.96078,0,0,0,1,0,0,0,0,1,95.06,105.6842105,88.5483871,616,0,0,0,0,0,0,19,2008,31,2745,29200,247,16,32,0.0,0.0,0,0,0.0,0.0,0,0,BruteForce
10166953,21,32,2008,2745,640,0,95.61904762,140.0451628,976,0,85.78125,220.240592,467.4950302,5.212967936,195518.3269,524933.6698,1882694,14,8243457,412172.85,721538.5887,1845656,385,10200000,327964.8065,650911.4599,1882694,18,0,0,0,0,680,1032,2.065515597,3.1474523389999995,0,976,88.01851852,189.5902723,35944.47135,0,0,0,1,0,0,0,0,1,89.67924528,95.61904762,85.78125,680,0,0,0,0,0,0,21,2008,32,2745,29200,247,16,32,0.0,0.0,0,0,0.0,0.0,0,0,BruteForce
249,2,1,0,0,0,0,0.0,0.0,0,0,0.0,0.0,0.0,12048.19277,124.5,74.24621202,177,72,249,249.0,0.0,249,249,0,0.0,0.0,0,0,0,0,0,0,64,32,8032.128514,4016.064257,0,0,0.0,0.0,0.0,0,0,0,0,1,1,0,0,0,0.0,0.0,0.0,64,0,0,0,0,0,0,2,0,1,0,259,247,0,32,0.0,0.0,0,0,0.0,0.0,0,0,BruteForce
11704167,19,31,2008,2745,640,0,105.6842105,143.76719319999995,976,0,88.5483871,223.315,406.0946841,4.27198279,238860.551,623733.9682,2315367,4,9786020,543667.7778,903779.1657,2376333,583,11700000,390134.2667,763547.2292,2315367,4,0,0,0,0,616,1000,1.62335346,2.64862933,0,976,93.19607843,193.9302988,37608.96078,0,0,0,1,0,0,0,0,1,95.06,105.6842105,88.5483871,616,0,0,0,0,0,0,19,2008,31,2745,29200,247,16,32,0.0,0.0,0,0,0.0,0.0,0,0,BruteForce
67,1,1,0,0,0,0,0.0,0.0,0,0,0.0,0.0,0.0,29850.74627,67.0,0.0,67,67,0,0.0,0.0,0,0,0,0.0,0.0,0,0,0,0,0,0,32,32,14925.373130000002,14925.373130000002,0,0,0.0,0.0,0.0,0,0,0,0,1,1,0,0,1,0.0,0.0,0.0,32,0,0,0,0,0,0,1,0,1,0,259,247,0,32,0.0,0.0,0,0,0.0,0.0,0,0,BruteForce
75,1,1,0,0,0,0,0.0,0.0,0,0,0.0,0.0,0.0,26666.66667,75.0,0.0,75,75,0,0.0,0.0,0,0,0,0.0,0.0,0,0,0,0,0,0,32,32,13333.33333,13333.33333,0,0,0.0,0.0,0.0,0,0,0,0,1,1,0,0,1,0.0,0.0,0.0,32,0,0,0,0,0,0,1,0,1,0,259,247,0,32,0.0,0.0,0,0,0.0,0.0,0,0,BruteForce
11849789,21,32,2008,2745,640,0,95.61904762,140.0451628,976,0,85.78125,220.240592,401.10418839999994,4.472653479,227880.5577,620650.2068,2504289,5,9932631,496631.55,890868.0974,2560847,322,11800000,382248.7097,770694.5058,2504289,5,0,0,0,0,680,1032,1.772183454,2.700470025,0,976,88.01851852,189.5902723,35944.47135,0,0,0,1,0,0,0,0,1,89.67924528,95.61904762,85.78125,680,0,0,0,0,0,0,21,2008,32,2745,29200,247,16,32,0.0,0.0,0,0,0.0,0.0,0,0,BruteForce
10184665,20,33,2008,2745,640,0,100.4,141.91413269999995,976,0,83.18181818,217.2857356,466.6820165,5.203902141,195858.9423,517431.8425,1796402,3,8778977,462051.4211,777621.1305,1858296,457,10200000,318268.1562,632758.8619,1796402,3,0,0,0,0,648,1064,1.963736657,3.240165484,0,976,88.01851852,189.5902723,35944.47135,0,0,0,1,0,0,0,0,1,89.67924528,100.4,83.18181818,648,0,0,0,0,0,0,20,2008,33,2745,29200,247,16,32,0.0,0.0,0,0,0.0,0.0,0,0,BruteForce
11531007,21,32,2008,2745,640,0,95.61904762,140.0451628,976,0,85.78125,220.240592,412.1929681,4.596302821,221750.1346,606069.1603,2328288,3,10100000,506219.15,897343.6762,2376436,333,11500000,371962.7097,752859.9827,2328288,3,0,0,0,0,680,1032,1.821176589,2.775126231,0,976,88.01851852,189.5902723,35944.47135,0,0,0,1,0,0,0,0,1,89.67924528,95.61904762,85.78125,680,0,0,0,0,0,0,21,2008,32,2745,29200,247,16,32,0.0,0.0,0,0,0.0,0.0,0,0,BruteForce
69,1,1,0,0,0,0,0.0,0.0,0,0,0.0,0.0,0.0,28985.50725,69.0,0.0,69,69,0,0.0,0.0,0,0,0,0.0,0.0,0,0,0,0,0,0,32,32,14492.75362,14492.75362,0,0,0.0,0.0,0.0,0,0,0,0,1,1,0,0,1,0.0,0.0,0.0,32,0,0,0,0,0,0,1,0,1,0,259,247,0,32,0.0,0.0,0,0,0.0,0.0,0,0,BruteForce
11612184,22,33,2008,2745,640,0,91.27272727,138.1821372,976,0,83.18181818,217.2857356,409.3114611,4.7364044519999995,215040.4444,583614.0522,2095589,18,9715147,462626.0476,829004.3003,2164456,598,11600000,362879.125,726031.1223,2095589,18,0,0,0,0,712,1064,1.894561781,2.841842671,0,976,84.875,186.8396554,34909.05682,0,0,0,1,0,0,0,0,1,86.41818182,91.27272727,83.18181818,712,0,0,0,0,0,0,22,2008,33,2745,29200,247,16,32,0.0,0.0,0,0,0.0,0.0,0,0,BruteForce
11618666,23,32,2008,2745,640,0,87.30434783,136.3399611,976,0,85.78125,220.240592,409.0831082,4.733762034,215160.4815,581278.9136,2091461,4,9721318,441878.0909,808638.9357,2164972,485,11600000,374792.6129,731661.3468,2091461,4,0,0,0,0,744,1032,1.979573214,2.75418882,0,976,84.875,186.8396554,34909.05682,0,0,0,1,0,0,0,0,1,86.41818182,87.30434783,85.78125,744,0,0,0,0,0,0,23,2008,32,2745,29200,247,16,32,0.0,0.0,0,0,0.0,0.0,0,0,BruteForce
11651937,22,33,2008,2745,640,0,91.27272727,138.1821372,976,0,83.18181818,217.2857356,407.9150102,4.720245226,215776.6111,584951.5152,2100533,47,9742172,463912.9524,827402.3111,2165487,296,11700000,364119.8437,727825.4128,2100533,48,0,0,0,0,712,1064,1.88809809,2.832147136,0,976,84.875,186.8396554,34909.05682,0,0,0,1,0,0,0,0,1,86.41818182,91.27272727,83.18181818,712,0,0,0,0,0,0,22,2008,33,2745,29200,247,16,32,0.0,0.0,0,0,0.0,0.0,0,0,BruteForce
11647002,21,32,2008,2745,640,0,95.61904762,140.0451628,976,0,85.78125,220.240592,408.0878496,4.550527252,223980.8077,594385.0287,2100251,13,9742086,487104.3,842672.8826,2163829,558,11600000,375707.2258,736369.9729,2100251,43,0,0,0,0,680,1032,1.8030391,2.747488152,0,976,88.01851852,189.5902723,35944.47135,0,0,0,1,0,0,0,0,1,89.67924528,95.61904762,85.78125,680,0,0,0,0,0,0,21,2008,32,2745,29200,247,16,32,0.0,0.0,0,0,0.0,0.0,0,0,BruteForce
104,1,1,0,0,0,0,0.0,0.0,0,0,0.0,0.0,0.0,19230.76923,104.0,0.0,104,104,0,0.0,0.0,0,0,0,0.0,0.0,0,0,0,0,0,0,32,32,9615.384615,9615.384615,0,0,0.0,0.0,0.0,0,0,0,0,1,1,0,0,1,0.0,0.0,0.0,32,0,0,0,0,0,0,1,0,1,0,259,247,0,32,0.0,0.0,0,0,0.0,0.0,0,0,BruteForce
83,1,1,0,0,0,0,0.0,0.0,0,0,0.0,0.0,0.0,24096.38554,83.0,0.0,83,83,0,0.0,0.0,0,0,0,0.0,0.0,0,0,0,0,0,0,32,32,12048.19277,12048.19277,0,0,0.0,0.0,0.0,0,0,0,0,1,1,0,0,1,0.0,0.0,0.0,32,0,0,0,0,0,0,1,0,1,0,259,247,0,32,0.0,0.0,0,0,0.0,0.0,0,0,BruteForce
75,1,1,0,0,0,0,0.0,0.0,0,0,0.0,0.0,0.0,26666.66667,75.0,0.0,75,75,0,0.0,0.0,0,0,0,0.0,0.0,0,0,0,0,0,0,32,32,13333.33333,13333.33333,0,0,0.0,0.0,0.0,0,0,0,0,1,1,0,0,1,0.0,0.0,0.0,32,0,0,0,0,0,0,1,0,1,0,259,247,0,32,0.0,0.0,0,0,0.0,0.0,0,0,BruteForce
71,1,1,0,0,0,0,0.0,0.0,0,0,0.0,0.0,0.0,28169.01408,71.0,0.0,71,71,0,0.0,0.0,0,0,0,0.0,0.0,0,0,0,0,0,0,32,32,14084.50704,14084.50704,0,0,0.0,0.0,0.0,0,0,0,0,1,1,0,0,1,0.0,0.0,0.0,32,0,0,0,0,0,0,1,0,1,0,259,247,0,32,0.0,0.0,0,0,0.0,0.0,0,0,BruteForce
61,1,1,0,0,0,0,0.0,0.0,0,0,0.0,0.0,0.0,32786.88525,61.0,0.0,61,61,0,0.0,0.0,0,0,0,0.0,0.0,0,0,0,0,0,0,32,32,16393.442619999998,16393.442619999998,0,0,0.0,0.0,0.0,0,0,0,0,1,1,0,0,1,0.0,0.0,0.0,32,0,0,0,0,0,0,1,0,1,0,259,247,0,32,0.0,0.0,0,0,0.0,0.0,0,0,BruteForce
11501811,21,31,2008,2745,640,0,95.61904762,140.0451628,976,0,88.5483871,223.315,413.2392716,4.521027167,225525.7059,605675.0274,2444472,4,9643872,482193.6,855458.9806,2491137,246,11500000,383390.9,755013.8459999998,2444472,4,0,0,0,0,680,1000,1.825799433,2.695227734,0,976,89.67924528,191.0076291,36483.91437,0,0,0,1,0,0,0,0,1,91.40384615,95.61904762,88.5483871,680,0,0,0,0,0,0,21,2008,31,2745,29200,247,16,32,0.0,0.0,0,0,0.0,0.0,0,0,BruteForce
78,1,1,0,0,0,0,0.0,0.0,0,0,0.0,0.0,0.0,25641.02564,78.0,0.0,78,78,0,0.0,0.0,0,0,0,0.0,0.0,0,0,0,0,0,0,32,32,12820.51282,12820.51282,0,0,0.0,0.0,0.0,0,0,0,0,1,1,0,0,1,0.0,0.0,0.0,32,0,0,0,0,0,0,1,0,1,0,259,247,0,32,0.0,0.0,0,0,0.0,0.0,0,0,BruteForce
11658402,21,33,2008,2745,640,0,95.61904762,140.0451628,976,0,83.18181818,217.2857356,407.6888068,4.631852633,219969.8491,598345.9828,2448745,3,9742830,487141.5,854854.113,2502619,322,11700000,364321.9062,739338.1153,2448745,3,0,0,0,0,680,1064,1.801276024,2.830576609,0,976,86.41818182,188.2012015,35419.69226,0,0,0,1,0,0,0,0,1,88.01851852,95.61904762,83.18181818,680,0,0,0,0,0,0,21,2008,33,2745,29200,247,16,32,0.0,0.0,0,0,0.0,0.0,0,0,BruteForce
12206604,20,33,2008,2745,640,0,100.4,141.91413269999995,976,0,83.18181818,217.2857356,389.3793884,4.341911968,234742.3846,632776.0486,2467137,11,10300000,543619.1053,925642.0986,2526360,516,12200000,381452.2188,775337.953,2467137,48,0,0,0,0,648,1064,1.638457347,2.703454622,0,976,88.01851852,189.5902723,35944.47135,0,0,0,1,0,0,0,0,1,89.67924528,100.4,83.18181818,648,0,0,0,0,0,0,20,2008,33,2745,29200,247,16,32,0.0,0.0,0,0,0.0,0.0,0,0,BruteForce
95,1,1,0,0,0,0,0.0,0.0,0,0,0.0,0.0,0.0,21052.63158,95.0,0.0,95,95,0,0.0,0.0,0,0,0,0.0,0.0,0,0,0,0,0,0,32,32,10526.31579,10526.31579,0,0,0.0,0.0,0.0,0,0,0,0,1,1,0,0,1,0.0,0.0,0.0,32,0,0,0,0,0,0,1,0,1,0,259,247,0,32,0.0,0.0,0,0,0.0,0.0,0,0,BruteForce
96,1,1,0,0,0,0,0.0,0.0,0,0,0.0,0.0,0.0,20833.33333,96.0,0.0,96,96,0,0.0,0.0,0,0,0,0.0,0.0,0,0,0,0,0,0,32,32,10416.66667,10416.66667,0,0,0.0,0.0,0.0,0,0,0,0,1,1,0,0,1,0.0,0.0,0.0,32,0,0,0,0,0,0,1,0,1,0,259,247,0,32,0.0,0.0,0,0,0.0,0.0,0,0,BruteForce
49,1,1,0,0,0,0,0.0,0.0,0,0,0.0,0.0,0.0,40816.32653,49.0,0.0,49,49,0,0.0,0.0,0,0,0,0.0,0.0,0,0,0,0,0,0,32,32,20408.163269999997,20408.163269999997,0,0,0.0,0.0,0.0,0,0,0,0,1,1,0,0,1,0.0,0.0,0.0,32,0,0,0,0,0,0,1,0,1,0,259,247,0,32,0.0,0.0,0,0,0.0,0.0,0,0,BruteForce
12541149,22,32,2008,2745,640,0,91.27272727,138.1821372,976,0,85.78125,220.240592,378.9923874,4.305825567,236625.4528,651766.1406,2716231,3,9782987,465856.5238,842494.0963,2333257,429,12500000,404549.0645,816309.417,2716231,3,0,0,0,0,712,1032,1.754225231,2.551600336,0,976,86.41818182,188.2012015,35419.69226,0,0,0,1,0,0,0,0,1,88.01851852,91.27272727,85.78125,712,0,0,0,0,0,0,22,2008,32,2745,29200,247,16,32,0.0,0.0,0,0,0.0,0.0,0,0,BruteForce
11904188,21,33,2008,2745,640,0,95.61904762,140.0451628,976,0,83.18181818,217.2857356,399.2712481,4.5362186819999994,224607.3208,613405.5985,2443237,3,10100000,503273.75,887952.0164,2501241,532,11900000,372003.4687,758221.0227,2443237,3,0,0,0,0,680,1064,1.764085043,2.772133639,0,976,86.41818182,188.2012015,35419.69226,0,0,0,1,0,0,0,0,1,88.01851852,95.61904762,83.18181818,680,0,0,0,0,0,0,21,2008,33,2745,29200,247,16,32,0.0,0.0,0,0,0.0,0.0,0,0,BruteForce
11876352,22,33,2008,2745,640,0,91.27272727,138.1821372,976,0,83.18181818,217.2857356,400.207067,4.63105169,219932.4444,608905.1762,2439208,14,10000000,478096.5714,874739.354,2501004,644,11900000,371130.0313,759136.4943,2439208,28,0,0,0,0,712,1064,1.852420676,2.7786310139999997,0,976,84.875,186.8396554,34909.05682,0,0,0,1,0,0,0,0,1,86.41818182,91.27272727,83.18181818,712,0,0,0,0,0,0,22,2008,33,2745,29200,247,16,32,0.0,0.0,0,0,0.0,0.0,0,0,BruteForce
97,1,1,0,0,0,0,0.0,0.0,0,0,0.0,0.0,0.0,20618.5567,97.0,0.0,97,97,0,0.0,0.0,0,0,0,0.0,0.0,0,0,0,0,0,0,32,32,10309.27835,10309.27835,0,0,0.0,0.0,0.0,0,0,0,0,1,1,0,0,1,0.0,0.0,0.0,32,0,0,0,0,0,0,1,0,1,0,259,247,0,32,0.0,0.0,0,0,0.0,0.0,0,0,BruteForce
79,1,1,0,0,0,0,0.0,0.0,0,0,0.0,0.0,0.0,25316.4557,79.0,0.0,79,79,0,0.0,0.0,0,0,0,0.0,0.0,0,0,0,0,0,0,32,32,12658.22785,12658.22785,0,0,0.0,0.0,0.0,0,0,0,0,1,1,0,0,1,0.0,0.0,0.0,32,0,0,0,0,0,0,1,0,1,0,259,247,0,32,0.0,0.0,0,0,0.0,0.0,0,0,BruteForce
12231934,22,32,2008,2745,640,0,91.27272727,138.1821372,976,0,85.78125,220.240592,388.573058,4.414673918,230791.2075,636223.9672,2460194,3,10600000,503392.8571,923194.5711,2504545,489,12200000,394574.5484,796907.4308,2460194,3,0,0,0,0,712,1032,1.798570856,2.616103063,0,976,86.41818182,188.2012015,35419.69226,0,0,0,1,0,0,0,0,1,88.01851852,91.27272727,85.78125,712,0,0,0,0,0,0,22,2008,32,2745,29200,247,16,32,0.0,0.0,0,0,0.0,0.0,0,0,BruteForce
12039452,21,32,2008,2745,640,0,95.61904762,140.0451628,976,0,85.78125,220.240592,394.7854105,4.402193721000001,231527.9231,635728.7629,2482377,3,10600000,531727.25,946565.3794,2533685,335,12000000,388363.8387,790063.1784,2482377,3,0,0,0,0,680,1032,1.744265437,2.657928284,0,976,88.01851852,189.5902723,35944.47135,0,0,0,1,0,0,0,0,1,89.67924528,95.61904762,85.78125,680,0,0,0,0,0,0,21,2008,32,2745,29200,247,16,32,0.0,0.0,0,0,0.0,0.0,0,0,BruteForce
12883047,22,32,2008,2745,640,0,91.27272727,138.1821372,976,0,85.78125,220.240592,368.9344609,4.191554995,243076.3585,661588.8423,2480525,3,11000000,524120.0952,950095.574,2532880,595,12900000,415578.7419,827546.0028,2480525,3,0,0,0,0,712,1032,1.707670553,2.483884441,0,976,86.41818182,188.2012015,35419.69226,0,0,0,1,0,0,0,0,1,88.01851852,91.27272727,85.78125,712,0,0,0,0,0,0,22,2008,32,2745,29200,247,16,32,0.0,0.0,0,0,0.0,0.0,0,0,BruteForce
12795384,19,31,2008,2745,640,0,105.6842105,143.76719319999995,976,0,88.5483871,223.315,371.4620835,3.9076592,261130.2857,685027.9616,2479382,15,10900000,606588.5,1004812.357,2532951,740,12800000,426510.8667,838949.5693,2479382,15,0,0,0,0,616,1000,1.484910496,2.422748704,0,976,93.19607843,193.9302988,37608.96078,0,0,0,1,0,0,0,0,1,95.06,105.6842105,88.5483871,616,0,0,0,0,0,0,19,2008,31,2745,29200,247,16,32,0.0,0.0,0,0,0.0,0.0,0,0,BruteForce
12069943,21,31,2024,2745,640,0,96.38095238,140.1821944,976,0,88.5483871,223.315,395.1137135,4.308222499,236665.549,627820.2654,2231599,3,10300000,515734.25,903082.0166,2301194,246,12100000,402328.9333,781611.2925,2231599,3,0,0,0,0,680,1000,1.7398590859999998,2.568363413,0,976,89.98113208,191.0562232,36502.48041,0,0,0,1,0,0,0,0,1,91.71153846,96.38095238,88.5483871,680,0,0,0,0,0,0,21,2024,31,2745,29200,257,16,32,0.0,0.0,0,0,0.0,0.0,0,0,BruteForce
12043346,20,33,2024,2745,640,0,101.2,142.028018,976,0,83.18181818,217.2857356,395.9862982,4.400770351,231602.8077,621725.3747,2227568,3,10300000,541036.4737,919576.3508,2301186,497,12000000,376351.375,761449.7649,2227568,3,0,0,0,0,648,1064,1.660668057,2.7401022939999997,0,976,88.31481481,189.6409541,35963.69147,0,0,0,1,0,0,0,0,1,89.98113208,101.2,83.18181818,648,0,0,0,0,0,0,20,2024,33,2745,29200,257,16,32,0.0,0.0,0,0,0.0,0.0,0,0,BruteForce
35,1,1,0,0,0,0,0.0,0.0,0,0,0.0,0.0,0.0,57142.85714,35.0,0.0,35,35,0,0.0,0.0,0,0,0,0.0,0.0,0,0,0,0,0,0,32,32,28571.42857,28571.42857,0,0,0.0,0.0,0.0,0,0,0,0,1,1,0,0,1,0.0,0.0,0.0,32,0,0,0,0,0,0,1,0,1,0,259,247,0,32,0.0,0.0,0,0,0.0,0.0,0,0,BruteForce
60,1,1,0,0,0,0,0.0,0.0,0,0,0.0,0.0,0.0,33333.33333,60.0,0.0,60,60,0,0.0,0.0,0,0,0,0.0,0.0,0,0,0,0,0,0,32,32,16666.66667,16666.66667,0,0,0.0,0.0,0.0,0,0,0,0,1,1,0,0,1,0.0,0.0,0.0,32,0,0,0,0,0,0,1,0,1,0,259,247,0,32,0.0,0.0,0,0,0.0,0.0,0,0,BruteForce
13440490,22,33,2008,2745,640,0,91.27272727,138.1821372,976,0,83.18181818,217.2857356,353.6329405,4.092112713,248897.963,681807.6699,2443008,3,11700000,555318.6667,991839.3652,2501387,231,13400000,420012.0938,849125.9294,2443008,3,0,0,0,0,712,1064,1.636845085,2.455267628,0,976,84.875,186.8396554,34909.05682,0,0,0,1,0,0,0,0,1,86.41818182,91.27272727,83.18181818,712,0,0,0,0,0,0,22,2008,33,2745,29200,247,16,32,0.0,0.0,0,0,0.0,0.0,0,0,BruteForce
75,1,1,0,0,0,0,0.0,0.0,0,0,0.0,0.0,0.0,26666.66667,75.0,0.0,75,75,0,0.0,0.0,0,0,0,0.0,0.0,0,0,0,0,0,0,32,32,13333.33333,13333.33333,0,0,0.0,0.0,0.0,0,0,0,0,1,1,0,0,1,0.0,0.0,0.0,32,0,0,0,0,0,0,1,0,1,0,259,247,0,32,0.0,0.0,0,0,0.0,0.0,0,0,BruteForce
15006384,22,33,2008,2745,640,0,91.27272727,138.1821372,976,0,83.18181818,217.2857356,316.73186560000005,3.665106797,277896.0,706719.6534,2544375,3,12800000,610247.4762,989010.89,2600052,483,15000000,468946.7812,876426.0578,2544375,3,0,0,0,0,712,1064,1.466042719,2.199064078,0,976,84.875,186.8396554,34909.05682,0,0,0,1,0,0,0,0,1,86.41818182,91.27272727,83.18181818,712,0,0,0,0,0,0,22,2008,33,2745,29200,247,16,32,0.0,0.0,0,0,0.0,0.0,0,0,BruteForce
15013067,22,33,2008,2745,640,0,91.27272727,138.1821372,976,0,83.18181818,217.2857356,316.5908738,3.663475291,278019.7593,706831.8139,2516091,4,12800000,610257.8095,987889.0794,2565390,488,15000000,469156.5,876754.1065,2516091,4,0,0,0,0,712,1064,1.465390116,2.198085175,0,976,84.875,186.8396554,34909.05682,0,0,0,1,0,0,0,0,1,86.41818182,91.27272727,83.18181818,712,0,0,0,0,0,0,22,2008,33,2745,29200,247,16,32,0.0,0.0,0,0,0.0,0.0,0,0,BruteForce
79,1,1,0,0,0,0,0.0,0.0,0,0,0.0,0.0,0.0,25316.4557,79.0,0.0,79,79,0,0.0,0.0,0,0,0,0.0,0.0,0,0,0,0,0,0,32,32,12658.22785,12658.22785,0,0,0.0,0.0,0.0,0,0,0,0,1,1,0,0,1,0.0,0.0,0.0,32,0,0,0,0,0,0,1,0,1,0,259,247,0,32,0.0,0.0,0,0,0.0,0.0,0,0,BruteForce
65,1,1,0,0,0,0,0.0,0.0,0,0,0.0,0.0,0.0,30769.23077,65.0,0.0,65,65,0,0.0,0.0,0,0,0,0.0,0.0,0,0,0,0,0,0,32,32,15384.61538,15384.61538,0,0,0.0,0.0,0.0,0,0,0,0,1,1,0,0,1,0.0,0.0,0.0,32,0,0,0,0,0,0,1,0,1,0,259,247,0,32,0.0,0.0,0,0,0.0,0.0,0,0,BruteForce
2454427,11,11,1128,2009,640,0,102.5454545,196.3121818,976,0,182.6363636,362.8967547,1278.098717,8.96339553,116877.4762,475672.7818,2191345,47,2454427,245442.7,712907.8164,2273598,827,2353249,235324.9,687633.4964,2191345,78,0,0,0,0,360,360,4.481697765,4.481697765,0,976,136.3913043,282.6058513000001,79866.06719,0,0,0,1,0,0,0,0,1,142.5909091,102.5454545,182.6363636,360,0,0,0,0,0,0,11,1128,11,2009,29200,247,6,32,0.0,0.0,0,0,0.0,0.0,0,0,BruteForce
2475285,13,11,1128,2009,640,0,86.76923077,183.2985515,976,0,182.6363636,362.8967547,1267.328813,9.695853205,107621.087,456181.7548,2198538,47,2475285,206273.75,653363.2767,2280021,389,2374289,237428.9,689490.0841,2198538,47,0,0,0,0,424,360,5.251920486,4.443932719,0,976,125.48,273.1972913,74636.76,0,0,0,1,0,0,0,0,0,130.7083333,86.76923077,182.6363636,424,0,0,0,0,0,0,13,1128,11,2009,29200,247,6,32,0.0,0.0,0,0,0.0,0.0,0,0,BruteForce
87,1,1,0,0,0,0,0.0,0.0,0,0,0.0,0.0,0.0,22988.50575,87.0,0.0,87,87,0,0.0,0.0,0,0,0,0.0,0.0,0,0,0,0,0,0,32,32,11494.25287,11494.25287,0,0,0.0,0.0,0.0,0,0,0,0,1,1,0,0,1,0.0,0.0,0.0,32,0,0,0,0,0,0,1,0,1,0,259,247,0,32,0.0,0.0,0,0,0.0,0.0,0,0,BruteForce
11720755,23,27,1832,2585,640,0,79.65217391,138.4480896,976,0,95.74074074,238.4526388,376.8528563,4.265936793,239199.0816,686265.6014,2564321,22,11700000,532761.5909,990288.6578,2609673,415,11600000,446921.4231,899221.0343,2564321,49,0,0,0,0,744,872,1.962330925,2.303605868,0,976,86.60784314,195.494765,38218.20314,0,0,0,1,0,0,0,0,1,88.34,79.65217391,95.74074074,744,0,0,0,0,0,0,23,1832,27,2585,29200,247,14,32,0.0,0.0,0,0,0.0,0.0,0,0,BruteForce
12744753,21,32,2008,2745,640,0,95.61904762,140.0451628,976,0,85.78125,220.240592,372.9377886,4.158574121,245091.4038,664750.9943,2603332,3,10800000,537600.1,955417.9088,2665584,317,12700000,411117.0968,825115.2678,2603332,3,0,0,0,0,680,1032,1.647736916,2.510837205,0,976,88.01851852,189.5902723,35944.47135,0,0,0,1,0,0,0,0,1,89.67924528,95.61904762,85.78125,680,0,0,0,0,0,0,21,2008,32,2745,29200,247,16,32,0.0,0.0,0,0,0.0,0.0,0,0,BruteForce
73,1,1,0,0,0,0,0.0,0.0,0,0,0.0,0.0,0.0,27397.26027,73.0,0.0,73,73,0,0.0,0.0,0,0,0,0.0,0.0,0,0,0,0,0,0,32,32,13698.63014,13698.63014,0,0,0.0,0.0,0.0,0,0,0,0,1,1,0,0,1,0.0,0.0,0.0,32,0,0,0,0,0,0,1,0,1,0,259,247,0,32,0.0,0.0,0,0,0.0,0.0,0,0,BruteForce
13787677,21,32,2008,2745,640,0,95.61904762,140.0451628,976,0,85.78125,220.240592,344.72812210000006,3.844012302,265147.6346,722239.4826,2576650,16,11600000,579996.75,1027906.399,2633069,251,13800000,444759.0323,896837.849,2576650,16,0,0,0,0,680,1032,1.523099214,2.320913088,0,976,88.01851852,189.5902723,35944.47135,0,0,0,1,0,0,0,0,1,89.67924528,95.61904762,85.78125,680,0,0,0,0,0,0,21,2008,32,2745,29200,247,16,32,0.0,0.0,0,0,0.0,0.0,0,0,BruteForce
13184900,20,33,2008,2745,640,0,100.4,141.91413269999995,976,0,83.18181818,217.2857356,360.4881342,4.019749865,253555.7692,690382.6847,2628231,4,10500000,553449.9474,944026.8559,2475474,690,13200000,412024.8438,846680.0322,2628231,4,0,0,0,0,648,1064,1.5168867419999998,2.502863124,0,976,88.01851852,189.5902723,35944.47135,0,0,0,1,0,0,0,0,1,89.67924528,100.4,83.18181818,648,0,0,0,0,0,0,20,2008,33,2745,29200,247,16,32,0.0,0.0,0,0,0.0,0.0,0,0,BruteForce
74,1,1,0,0,0,0,0.0,0.0,0,0,0.0,0.0,0.0,27027.02703,74.0,0.0,74,74,0,0.0,0.0,0,0,0,0.0,0.0,0,0,0,0,0,0,32,32,13513.51351,13513.51351,0,0,0.0,0.0,0.0,0,0,0,0,1,1,0,0,1,0.0,0.0,0.0,32,0,0,0,0,0,0,1,0,1,0,259,247,0,32,0.0,0.0,0,0,0.0,0.0,0,0,BruteForce
78,1,1,0,0,0,0,0.0,0.0,0,0,0.0,0.0,0.0,25641.02564,78.0,0.0,78,78,0,0.0,0.0,0,0,0,0.0,0.0,0,0,0,0,0,0,32,32,12820.51282,12820.51282,0,0,0.0,0.0,0.0,0,0,0,0,1,1,0,0,1,0.0,0.0,0.0,32,0,0,0,0,0,0,1,0,1,0,259,247,0,32,0.0,0.0,0,0,0.0,0.0,0,0,BruteForce
14327322,21,32,2008,2745,640,0,95.61904762,140.0451628,976,0,85.78125,220.240592,331.743783,3.699225857,275525.4231,772041.8301,3531086,3,12500000,622885.9,1136437.639,3582730,348,14300000,462167.2581,961376.577,3531086,3,0,0,0,0,680,1032,1.465731,2.2334948569999997,0,976,88.01851852,189.5902723,35944.47135,0,0,0,1,0,0,0,0,1,89.67924528,95.61904762,85.78125,680,0,0,0,0,0,0,21,2008,32,2745,29200,247,16,32,0.0,0.0,0,0,0.0,0.0,0,0,BruteForce
102,1,1,0,0,0,0,0.0,0.0,0,0,0.0,0.0,0.0,19607.84314,102.0,0.0,102,102,0,0.0,0.0,0,0,0,0.0,0.0,0,0,0,0,0,0,32,32,9803.921569,9803.921569,0,0,0.0,0.0,0.0,0,0,0,0,1,1,0,0,1,0.0,0.0,0.0,32,0,0,0,0,0,0,1,0,1,0,259,247,0,32,0.0,0.0,0,0,0.0,0.0,0,0,BruteForce
69,1,1,0,0,0,0,0.0,0.0,0,0,0.0,0.0,0.0,28985.50725,69.0,0.0,69,69,0,0.0,0.0,0,0,0,0.0,0.0,0,0,0,0,0,0,32,32,14492.75362,14492.75362,0,0,0.0,0.0,0.0,0,0,0,0,1,1,0,0,1,0.0,0.0,0.0,32,0,0,0,0,0,0,1,0,1,0,259,247,0,32,0.0,0.0,0,0,0.0,0.0,0,0,BruteForce
12588833,23,32,2008,2745,640,0,87.30434783,136.3399611,976,0,85.78125,220.240592,377.5568395,4.368951435,233126.537,638168.7867,2329436,3,10700000,484375.2273,903571.5752,2408688,550,12600000,406086.4194,804397.4866,2329436,3,0,0,0,0,744,1032,1.827016055,2.54193538,0,976,84.875,186.8396554,34909.05682,0,0,0,1,0,0,0,0,1,86.41818182,87.30434783,85.78125,744,0,0,0,0,0,0,23,2008,32,2745,29200,247,16,32,0.0,0.0,0,0,0.0,0.0,0,0,BruteForce
73,1,1,0,0,0,0,0.0,0.0,0,0,0.0,0.0,0.0,27397.26027,73.0,0.0,73,73,0,0.0,0.0,0,0,0,0.0,0.0,0,0,0,0,0,0,32,32,13698.63014,13698.63014,0,0,0.0,0.0,0.0,0,0,0,0,1,1,0,0,1,0.0,0.0,0.0,32,0,0,0,0,0,0,1,0,1,0,259,247,0,32,0.0,0.0,0,0,0.0,0.0,0,0,BruteForce
74,1,1,0,0,0,0,0.0,0.0,0,0,0.0,0.0,0.0,27027.02703,74.0,0.0,74,74,0,0.0,0.0,0,0,0,0.0,0.0,0,0,0,0,0,0,32,32,13513.51351,13513.51351,0,0,0.0,0.0,0.0,0,0,0,0,1,1,0,0,1,0.0,0.0,0.0,32,0,0,0,0,0,0,1,0,1,0,259,247,0,32,0.0,0.0,0,0,0.0,0.0,0,0,BruteForce
13861725,21,32,2008,2745,640,0,95.61904762,140.0451628,976,0,85.78125,220.240592,342.8866176,3.823477958,266571.6346,721308.5625,2492454,3,11500000,574919.1,1009798.242,2538233,326,13900000,447147.9677,895066.0782,2492454,3,0,0,0,0,680,1032,1.514962965,2.3085149940000003,0,976,88.01851852,189.5902723,35944.47135,0,0,0,1,0,0,0,0,1,89.67924528,95.61904762,85.78125,680,0,0,0,0,0,0,21,2008,32,2745,29200,247,16,32,0.0,0.0,0,0,0.0,0.0,0,0,BruteForce
12882725,21,32,2008,2745,640,0,95.61904762,140.0451628,976,0,85.78125,220.240592,368.9436823,4.114036433,247744.7115,669510.3539999999,2362855,4,10500000,526974.65,926229.8523,2407788,448,12900000,415569.8387,830707.6453,2362855,4,0,0,0,0,680,1032,1.630089907,2.483946525,0,976,88.01851852,189.5902723,35944.47135,0,0,0,1,0,0,0,0,1,89.67924528,95.61904762,85.78125,680,0,0,0,0,0,0,21,2008,32,2745,29200,247,16,32,0.0,0.0,0,0,0.0,0.0,0,0,BruteForce
87,1,1,0,0,0,0,0.0,0.0,0,0,0.0,0.0,0.0,22988.50575,87.0,0.0,87,87,0,0.0,0.0,0,0,0,0.0,0.0,0,0,0,0,0,0,32,32,11494.25287,11494.25287,0,0,0.0,0.0,0.0,0,0,0,0,1,1,0,0,1,0.0,0.0,0.0,32,0,0,0,0,0,0,1,0,1,0,259,247,0,32,0.0,0.0,0,0,0.0,0.0,0,0,BruteForce
76,1,1,0,0,0,0,0.0,0.0,0,0,0.0,0.0,0.0,26315.78947,76.0,0.0,76,76,0,0.0,0.0,0,0,0,0.0,0.0,0,0,0,0,0,0,32,32,13157.89474,13157.89474,0,0,0.0,0.0,0.0,0,0,0,0,1,1,0,0,1,0.0,0.0,0.0,32,0,0,0,0,0,0,1,0,1,0,259,247,0,32,0.0,0.0,0,0,0.0,0.0,0,0,BruteForce
44,1,1,0,0,0,0,0.0,0.0,0,0,0.0,0.0,0.0,45454.54545,44.0,0.0,44,44,0,0.0,0.0,0,0,0,0.0,0.0,0,0,0,0,0,0,32,32,22727.27273,22727.27273,0,0,0.0,0.0,0.0,0,0,0,0,1,1,0,0,1,0.0,0.0,0.0,32,0,0,0,0,0,0,1,0,1,0,259,247,0,32,0.0,0.0,0,0,0.0,0.0,0,0,BruteForce
12156941,21,32,2008,2745,640,0,95.61904762,140.0451628,976,0,85.78125,220.240592,390.9700639,4.359649356,233787.3269,634597.0342,2517631,3,10200000,510888.8,908726.6586,2574839,496,12200000,392155.9032,787733.7,2517631,3,0,0,0,0,680,1032,1.727408235,2.632241121,0,976,88.01851852,189.5902723,35944.47135,0,0,0,1,0,0,0,0,1,89.67924528,95.61904762,85.78125,680,0,0,0,0,0,0,21,2008,32,2745,29200,247,16,32,0.0,0.0,0,0,0.0,0.0,0,0,BruteForce
12067526,21,32,2008,2745,640,0,95.61904762,140.0451628,976,0,85.78125,220.240592,393.8669782,4.391952418,232067.8077,632288.4154,2524061,3,10000000,500996.4,894157.3378,2579374,560,12100000,389271.0968,785172.323,2524061,3,0,0,0,0,680,1032,1.740207562,2.651744856,0,976,88.01851852,189.5902723,35944.47135,0,0,0,1,0,0,0,0,1,89.67924528,95.61904762,85.78125,680,0,0,0,0,0,0,21,2008,32,2745,29200,247,16,32,0.0,0.0,0,0,0.0,0.0,0,0,BruteForce
74,1,1,0,0,0,0,0.0,0.0,0,0,0.0,0.0,0.0,27027.02703,74.0,0.0,74,74,0,0.0,0.0,0,0,0,0.0,0.0,0,0,0,0,0,0,32,32,13513.51351,13513.51351,0,0,0.0,0.0,0.0,0,0,0,0,1,1,0,0,1,0.0,0.0,0.0,32,0,0,0,0,0,0,1,0,1,0,259,247,0,32,0.0,0.0,0,0,0.0,0.0,0,0,BruteForce
76,1,1,0,0,0,0,0.0,0.0,0,0,0.0,0.0,0.0,26315.78947,76.0,0.0,76,76,0,0.0,0.0,0,0,0,0.0,0.0,0,0,0,0,0,0,32,32,13157.89474,13157.89474,0,0,0.0,0.0,0.0,0,0,0,0,1,1,0,0,1,0.0,0.0,0.0,32,0,0,0,0,0,0,1,0,1,0,259,247,0,32,0.0,0.0,0,0,0.0,0.0,0,0,BruteForce
13164641,21,32,2008,2745,640,0,95.61904762,140.0451628,976,0,85.78125,220.240592,361.0428875,4.0259358380000005,253166.1731,684789.4927,2532224,3,10600000,529562.15,933734.0948,2576935,412,13200000,424663.3226,849813.743,2532224,3,0,0,0,0,680,1032,1.595182125,2.430753714,0,976,88.01851852,189.5902723,35944.47135,0,0,0,1,0,0,0,0,1,89.67924528,95.61904762,85.78125,680,0,0,0,0,0,0,21,2008,32,2745,29200,247,16,32,0.0,0.0,0,0,0.0,0.0,0,0,BruteForce
13339709,21,32,2008,2745,640,0,95.61904762,140.0451628,976,0,85.78125,220.240592,356.3046240000001,3.973100163,256532.8654,693672.1555,2528232,3,11300000,563592.8,994088.4116,2594116,475,13300000,430309.1613,860713.8068,2528232,3,0,0,0,0,680,1032,1.574247234,2.398852929,0,976,88.01851852,189.5902723,35944.47135,0,0,0,1,0,0,0,0,1,89.67924528,95.61904762,85.78125,680,0,0,0,0,0,0,21,2008,32,2745,29200,247,16,32,0.0,0.0,0,0,0.0,0.0,0,0,BruteForce
13300110,21,32,2008,2745,640,0,95.61904762,140.0451628,976,0,85.78125,220.240592,357.36546539999995,3.984929448,255771.3462,691850.1512,2524312,3,11200000,561643.7,990204.3292,2571941,645,13300000,429031.4839,858484.0465,2524312,3,0,0,0,0,680,1032,1.57893431,2.405995138,0,976,88.01851852,189.5902723,35944.47135,0,0,0,1,0,0,0,0,1,89.67924528,95.61904762,85.78125,680,0,0,0,0,0,0,21,2008,32,2745,29200,247,16,32,0.0,0.0,0,0,0.0,0.0,0,0,BruteForce
12131553,21,32,2008,2745,640,0,95.61904762,140.0451628,976,0,85.78125,220.240592,391.7882566,4.368772902,233299.0962,633310.2287,2341420,3,10000000,500022.3,889631.0240000002,2401652,316,12100000,391336.0,786144.7435,2341420,3,0,0,0,0,680,1032,1.731023225,2.637749676,0,976,88.01851852,189.5902723,35944.47135,0,0,0,1,0,0,0,0,1,89.67924528,95.61904762,85.78125,680,0,0,0,0,0,0,21,2008,32,2745,29200,247,16,32,0.0,0.0,0,0,0.0,0.0,0,0,BruteForce
76,1,1,0,0,0,0,0.0,0.0,0,0,0.0,0.0,0.0,26315.78947,76.0,0.0,76,76,0,0.0,0.0,0,0,0,0.0,0.0,0,0,0,0,0,0,32,32,13157.89474,13157.89474,0,0,0.0,0.0,0.0,0,0,0,0,1,1,0,0,1,0.0,0.0,0.0,32,0,0,0,0,0,0,1,0,1,0,259,247,0,32,0.0,0.0,0,0,0.0,0.0,0,0,BruteForce
12364770,22,32,2008,2745,640,0,91.27272727,138.1821372,976,0,85.78125,220.240592,384.3985776,4.3672466210000005,233297.5472,636938.2571,2596160,3,10700000,510947.0476,932936.1184,2668299,274,12400000,398859.6774,796960.0656,2596160,3,0,0,0,0,712,1032,1.7792486230000002,2.587997998,0,976,86.41818182,188.2012015,35419.69226,0,0,0,1,0,0,0,0,1,88.01851852,91.27272727,85.78125,712,0,0,0,0,0,0,22,2008,32,2745,29200,247,16,32,0.0,0.0,0,0,0.0,0.0,0,0,BruteForce
78,1,1,0,0,0,0,0.0,0.0,0,0,0.0,0.0,0.0,25641.02564,78.0,0.0,78,78,0,0.0,0.0,0,0,0,0.0,0.0,0,0,0,0,0,0,32,32,12820.51282,12820.51282,0,0,0.0,0.0,0.0,0,0,0,0,1,1,0,0,1,0.0,0.0,0.0,32,0,0,0,0,0,0,1,0,1,0,259,247,0,32,0.0,0.0,0,0,0.0,0.0,0,0,BruteForce
12475942,22,32,2008,2745,640,0,91.27272727,138.1821372,976,0,85.78125,220.240592,380.9732363,4.328330478,235395.1321,643301.14,2564209,3,10300000,489952.381,899581.1228,2642738,406,12500000,402445.5484,805029.4768,2564209,3,0,0,0,0,712,1032,1.763393898,2.56493658,0,976,86.41818182,188.2012015,35419.69226,0,0,0,1,0,0,0,0,1,88.01851852,91.27272727,85.78125,712,0,0,0,0,0,0,22,2008,32,2745,29200,247,16,32,0.0,0.0,0,0,0.0,0.0,0,0,BruteForce
12345057,21,32,2008,2745,640,0,95.61904762,140.0451628,976,0,85.78125,220.240592,385.0123981,4.293216305,237404.9423,647490.6212,2559898,3,10200000,509875.25,913377.5641,2626932,258,12300000,398223.6774,804132.8277,2559898,3,0,0,0,0,680,1032,1.701085706,2.592130599,0,976,88.01851852,189.5902723,35944.47135,0,0,0,1,0,0,0,0,1,89.67924528,95.61904762,85.78125,680,0,0,0,0,0,0,21,2008,32,2745,29200,247,16,32,0.0,0.0,0,0,0.0,0.0,0,0,BruteForce
12115308,22,32,2008,2745,640,0,91.27272727,138.1821372,976,0,85.78125,220.240592,392.313592,4.457171043,228590.717,631086.9489,2724105,4,10300000,489646.7619,907668.5872,2800815,430,12100000,390813.2903,790561.42,2724105,4,0,0,0,0,712,1032,1.815884499,2.641286544,0,976,86.41818182,188.2012015,35419.69226,0,0,0,1,0,0,0,0,1,88.01851852,91.27272727,85.78125,712,0,0,0,0,0,0,22,2008,32,2745,29200,247,16,32,0.0,0.0,0,0,0.0,0.0,0,0,BruteForce
12075858,21,31,2008,2745,640,0,95.61904762,140.0451628,976,0,88.5483871,223.315,393.5952211,4.306112245,236781.5294,640751.752,2717412,4,10200000,512271.3,919425.9735,2764857,516,12100000,402524.1333,799411.0490000001,2717412,4,0,0,0,0,680,1000,1.739006868,2.567105377,0,976,89.67924528,191.0076291,36483.91437,0,0,0,1,0,0,0,0,1,91.40384615,95.61904762,88.5483871,680,0,0,0,0,0,0,21,2008,31,2745,29200,247,16,32,0.0,0.0,0,0,0.0,0.0,0,0,BruteForce
42,1,1,0,0,0,0,0.0,0.0,0,0,0.0,0.0,0.0,47619.04762,42.0,0.0,42,42,0,0.0,0.0,0,0,0,0.0,0.0,0,0,0,0,0,0,32,32,23809.52381,23809.52381,0,0,0.0,0.0,0.0,0,0,0,0,1,1,0,0,1,0.0,0.0,0.0,32,0,0,0,0,0,0,1,0,1,0,259,247,0,32,0.0,0.0,0,0,0.0,0.0,0,0,BruteForce
105,1,1,0,0,0,0,0.0,0.0,0,0,0.0,0.0,0.0,19047.61905,105.0,0.0,105,105,0,0.0,0.0,0,0,0,0.0,0.0,0,0,0,0,0,0,32,32,9523.809524,9523.809524,0,0,0.0,0.0,0.0,0,0,0,0,1,1,0,0,1,0.0,0.0,0.0,32,0,0,0,0,0,0,1,0,1,0,259,247,0,32,0.0,0.0,0,0,0.0,0.0,0,0,BruteForce
76,1,1,0,0,0,0,0.0,0.0,0,0,0.0,0.0,0.0,26315.78947,76.0,0.0,76,76,0,0.0,0.0,0,0,0,0.0,0.0,0,0,0,0,0,0,32,32,13157.89474,13157.89474,0,0,0.0,0.0,0.0,0,0,0,0,1,1,0,0,1,0.0,0.0,0.0,32,0,0,0,0,0,0,1,0,1,0,259,247,0,32,0.0,0.0,0,0,0.0,0.0,0,0,BruteForce
12052153,21,32,2008,2745,640,0,95.61904762,140.0451628,976,0,85.78125,220.240592,394.3693712,4.397554528,231772.1731,625543.9444,2438445,44,10100000,507017.85,898308.7320000002,2500795,487,12100000,388774.9677,776039.4495,2438445,49,0,0,0,0,680,1032,1.742427266,2.6551272619999997,0,976,88.01851852,189.5902723,35944.47135,0,0,0,1,0,0,0,0,1,89.67924528,95.61904762,85.78125,680,0,0,0,0,0,0,21,2008,32,2745,29200,247,16,32,0.0,0.0,0,0,0.0,0.0,0,0,BruteForce
11948623,19,31,2008,2745,640,0,105.6842105,143.76719319999995,976,0,88.5483871,223.315,397.7864228,4.184582608,243849.449,639965.2406,2436290,3,9920820,551156.6667,919114.2059,2501293,537,11900000,398283.2667,783801.7662,2436290,3,0,0,0,0,616,1000,1.590141391,2.594441217,0,976,93.19607843,193.9302988,37608.96078,0,0,0,1,0,0,0,0,1,95.06,105.6842105,88.5483871,616,0,0,0,0,0,0,19,2008,31,2745,29200,247,16,32,0.0,0.0,0,0,0.0,0.0,0,0,BruteForce
12116949,21,32,2008,2745,640,0,95.61904762,140.0451628,976,0,85.78125,220.240592,392.2604609,4.374038382,233018.25,628921.7359,2436200,3,10100000,504539.5,892803.2257,2501532,302,12100000,390864.0645,780231.0518,2436200,3,0,0,0,0,680,1032,1.733109548,2.640928834,0,976,88.01851852,189.5902723,35944.47135,0,0,0,1,0,0,0,0,1,89.67924528,95.61904762,85.78125,680,0,0,0,0,0,0,21,2008,32,2745,29200,247,16,32,0.0,0.0,0,0,0.0,0.0,0,0,BruteForce
12092623,20,33,2008,2745,640,0,100.4,141.91413269999995,976,0,83.18181818,217.2857356,393.0495476,4.382837371,232550.4423,627779.8061,2440429,3,10100000,529771.5789,905845.8153,2501350,273,12100000,377891.875,769298.255,2440429,3,0,0,0,0,648,1064,1.653900895,2.7289364760000003,0,976,88.01851852,189.5902723,35944.47135,0,0,0,1,0,0,0,0,1,89.67924528,100.4,83.18181818,648,0,0,0,0,0,0,20,2008,33,2745,29200,247,16,32,0.0,0.0,0,0,0.0,0.0,0,0,BruteForce
84,1,1,0,0,0,0,0.0,0.0,0,0,0.0,0.0,0.0,23809.52381,84.0,0.0,84,84,0,0.0,0.0,0,0,0,0.0,0.0,0,0,0,0,0,0,32,32,11904.7619,11904.7619,0,0,0.0,0.0,0.0,0,0,0,0,1,1,0,0,1,0.0,0.0,0.0,32,0,0,0,0,0,0,1,0,1,0,259,247,0,32,0.0,0.0,0,0,0.0,0.0,0,0,BruteForce
12729650,22,33,2008,2745,640,0,91.27272727,138.1821372,976,0,83.18181818,217.2857356,373.3802579,4.320621541,235734.2593,655582.7262,2456645,3,10700000,509318.1905,935464.4965,2504556,392,12700000,397799.125,817569.7467,2456645,3,0,0,0,0,712,1064,1.728248616,2.592372925,0,976,84.875,186.8396554,34909.05682,0,0,0,1,0,0,0,0,1,86.41818182,91.27272727,83.18181818,712,0,0,0,0,0,0,22,2008,33,2745,29200,247,16,32,0.0,0.0,0,0,0.0,0.0,0,0,BruteForce
98,1,1,0,0,0,0,0.0,0.0,0,0,0.0,0.0,0.0,20408.163269999997,98.0,0.0,98,98,0,0.0,0.0,0,0,0,0.0,0.0,0,0,0,0,0,0,32,32,10204.08163,10204.08163,0,0,0.0,0.0,0.0,0,0,0,0,1,1,0,0,1,0.0,0.0,0.0,32,0,0,0,0,0,0,1,0,1,0,259,247,0,32,0.0,0.0,0,0,0.0,0.0,0,0,BruteForce
11053708,22,32,2008,2745,640,0,91.27272727,138.1821372,976,0,85.78125,220.240592,429.9914563,4.88523851,208560.5283,568183.351,2065194,3,9478095,451337.8571,824050.6876,2135463,379,11100000,356569.0968,710755.9464,2065194,3,0,0,0,0,712,1032,1.990282356,2.894956154,0,976,86.41818182,188.2012015,35419.69226,0,0,0,1,0,0,0,0,1,88.01851852,91.27272727,85.78125,712,0,0,0,0,0,0,22,2008,32,2745,29200,247,16,32,0.0,0.0,0,0,0.0,0.0,0,0,BruteForce
107,1,1,0,0,0,0,0.0,0.0,0,0,0.0,0.0,0.0,18691.58879,107.0,0.0,107,107,0,0.0,0.0,0,0,0,0.0,0.0,0,0,0,0,0,0,32,32,9345.794393,9345.794393,0,0,0.0,0.0,0.0,0,0,0,0,1,1,0,0,1,0.0,0.0,0.0,32,0,0,0,0,0,0,1,0,1,0,259,247,0,32,0.0,0.0,0,0,0.0,0.0,0,0,BruteForce
11739193,19,31,2008,2745,640,0,105.6842105,143.76719319999995,976,0,88.5483871,223.315,404.8830273,4.259236559,239575.3673,622969.9514,2163964,3,10200000,564538.7222,925760.7898,2232411,477,11700000,391301.8333,762258.0941,2163964,3,0,0,0,0,616,1000,1.6185098919999998,2.640726667,0,976,93.19607843,193.9302988,37608.96078,0,0,0,1,0,0,0,0,1,95.06,105.6842105,88.5483871,616,0,0,0,0,0,0,19,2008,31,2745,29200,247,16,32,0.0,0.0,0,0,0.0,0.0,0,0,BruteForce
76,1,1,0,0,0,0,0.0,0.0,0,0,0.0,0.0,0.0,26315.78947,76.0,0.0,76,76,0,0.0,0.0,0,0,0,0.0,0.0,0,0,0,0,0,0,32,32,13157.89474,13157.89474,0,0,0.0,0.0,0.0,0,0,0,0,1,1,0,0,1,0.0,0.0,0.0,32,0,0,0,0,0,0,1,0,1,0,259,247,0,32,0.0,0.0,0,0,0.0,0.0,0,0,BruteForce
76,1,1,0,0,0,0,0.0,0.0,0,0,0.0,0.0,0.0,26315.78947,76.0,0.0,76,76,0,0.0,0.0,0,0,0,0.0,0.0,0,0,0,0,0,0,32,32,13157.89474,13157.89474,0,0,0.0,0.0,0.0,0,0,0,0,1,1,0,0,1,0.0,0.0,0.0,32,0,0,0,0,0,0,1,0,1,0,259,257,0,32,0.0,0.0,0,0,0.0,0.0,0,0,BruteForce
11769176,21,32,2008,2745,640,0,95.61904762,140.0451628,976,0,85.78125,220.240592,403.8515526,4.50328893,226330.3077,615739.6488,2279932,4,9686308,484315.4,864319.6271,2332327,356,11800000,379647.7742,764506.6955,2279932,4,0,0,0,0,680,1032,1.784322029,2.7189669010000004,0,976,88.01851852,189.5902723,35944.47135,0,0,0,1,0,0,0,0,1,89.67924528,95.61904762,85.78125,680,0,0,0,0,0,0,21,2008,32,2745,29200,247,16,32,0.0,0.0,0,0,0.0,0.0,0,0,BruteForce
12428470,23,32,2008,2745,640,0,87.30434783,136.3399611,976,0,85.78125,220.240592,382.4284083,4.4253234710000005,230156.8519,633334.696,2283963,3,10800000,492291.2273,917187.8495,2332345,311,12400000,400914.0323,798765.5316,2283963,3,0,0,0,0,744,1032,1.850589815,2.574733656,0,976,84.875,186.8396554,34909.05682,0,0,0,1,0,0,0,0,1,86.41818182,87.30434783,85.78125,744,0,0,0,0,0,0,23,2008,32,2745,29200,247,16,32,0.0,0.0,0,0,0.0,0.0,0,0,BruteForce
12861638,22,32,2008,2745,640,0,91.27272727,138.1821372,976,0,85.78125,220.240592,369.5485754,4.1985320999999995,242672.4151,660011.8001,2283134,4,10800000,514018.5714,928095.3971,2332719,407,12900000,414887.7097,825453.8529,2283134,4,0,0,0,0,712,1032,1.7105130780000002,2.488019022,0,976,86.41818182,188.2012015,35419.69226,0,0,0,1,0,0,0,0,1,88.01851852,91.27272727,85.78125,712,0,0,0,0,0,0,22,2008,32,2745,29200,247,16,32,0.0,0.0,0,0,0.0,0.0,0,0,BruteForce
11433031,22,32,2024,2745,640,0,92.0,138.3384394,976,0,85.78125,220.240592,417.1247327,4.723156965,215717.566,595489.5981,2498156,3,9643417,459210.3333,847740.7824,2560021,422,11400000,368805.4839,745971.0631,2498156,3,0,0,0,0,712,1032,1.924249134,2.798907831,0,976,86.70909091,188.253835,35439.5064,0,0,0,1,0,0,0,0,1,88.31481481,92.0,85.78125,712,0,0,0,0,0,0,22,2024,32,2745,29200,257,16,32,0.0,0.0,0,0,0.0,0.0,0,0,BruteForce
12096562,21,32,2008,2745,640,0,95.61904762,140.0451628,976,0,85.78125,220.240592,392.921559,4.3814101889999995,232626.1923,628038.6052,2196228,3,9931992,496599.6,874338.0967,2264360,282,12100000,390207.7742,779158.1053,2196228,3,0,0,0,0,680,1032,1.7360304519999998,2.645379737,0,976,88.01851852,189.5902723,35944.47135,0,0,0,1,0,0,0,0,1,89.67924528,95.61904762,85.78125,680,0,0,0,0,0,0,21,2008,32,2745,29200,247,16,32,0.0,0.0,0,0,0.0,0.0,0,0,BruteForce
11088877,20,33,2008,2745,640,0,100.4,141.91413269999995,976,0,83.18181818,217.2857356,428.6277141,4.779564243,213247.6346,574412.538,2023025,4,9470118,498427.2632,851589.2275,2079578,234,11100000,346523.9063,703758.2661,2023025,4,0,0,0,0,648,1064,1.803609148,2.9759550939999997,0,976,88.01851852,189.5902723,35944.47135,0,0,0,1,0,0,0,0,1,89.67924528,100.4,83.18181818,648,0,0,0,0,0,0,20,2008,33,2745,29200,247,16,32,0.0,0.0,0,0,0.0,0.0,0,0,BruteForce
51,1,1,0,0,0,0,0.0,0.0,0,0,0.0,0.0,0.0,39215.68627,51.0,0.0,51,51,0,0.0,0.0,0,0,0,0.0,0.0,0,0,0,0,0,0,32,32,19607.84314,19607.84314,0,0,0.0,0.0,0.0,0,0,0,0,1,1,0,0,1,0.0,0.0,0.0,32,0,0,0,0,0,0,1,0,1,0,259,247,0,32,0.0,0.0,0,0,0.0,0.0,0,0,BruteForce
80,1,1,0,0,0,0,0.0,0.0,0,0,0.0,0.0,0.0,25000.0,80.0,0.0,80,80,0,0.0,0.0,0,0,0,0.0,0.0,0,0,0,0,0,0,32,32,12500.0,12500.0,0,0,0.0,0.0,0.0,0,0,0,0,1,1,0,0,1,0.0,0.0,0.0,32,0,0,0,0,0,0,1,0,1,0,259,247,0,32,0.0,0.0,0,0,0.0,0.0,0,0,BruteForce
85,1,1,0,0,0,0,0.0,0.0,0,0,0.0,0.0,0.0,23529.41176,85.0,0.0,85,85,0,0.0,0.0,0,0,0,0.0,0.0,0,0,0,0,0,0,32,32,11764.70588,11764.70588,0,0,0.0,0.0,0.0,0,0,0,0,1,1,0,0,1,0.0,0.0,0.0,32,0,0,0,0,0,0,1,0,1,0,259,247,0,32,0.0,0.0,0,0,0.0,0.0,0,0,BruteForce
65,1,1,0,0,0,0,0.0,0.0,0,0,0.0,0.0,0.0,30769.23077,65.0,0.0,65,65,0,0.0,0.0,0,0,0,0.0,0.0,0,0,0,0,0,0,32,32,15384.61538,15384.61538,0,0,0.0,0.0,0.0,0,0,0,0,1,1,0,0,1,0.0,0.0,0.0,32,0,0,0,0,0,0,1,0,1,0,259,247,0,32,0.0,0.0,0,0,0.0,0.0,0,0,BruteForce
71,1,1,0,0,0,0,0.0,0.0,0,0,0.0,0.0,0.0,28169.01408,71.0,0.0,71,71,0,0.0,0.0,0,0,0,0.0,0.0,0,0,0,0,0,0,32,32,14084.50704,14084.50704,0,0,0.0,0.0,0.0,0,0,0,0,1,1,0,0,1,0.0,0.0,0.0,32,0,0,0,0,0,0,1,0,1,0,259,247,0,32,0.0,0.0,0,0,0.0,0.0,0,0,BruteForce
11054336,21,32,2008,2745,640,0,95.61904762,140.0451628,976,0,85.78125,220.240592,429.9670283,4.794498738,212583.3846,578812.5204,2220270,3,8831601,441580.05,785808.5526,2263996,353,11100000,356587.0323,718728.2082,2220270,3,0,0,0,0,680,1032,1.899707047,2.8947916910000004,0,976,88.01851852,189.5902723,35944.47135,0,0,0,1,0,0,0,0,1,89.67924528,95.61904762,85.78125,680,0,0,0,0,0,0,21,2008,32,2745,29200,247,16,32,0.0,0.0,0,0,0.0,0.0,0,0,BruteForce
69,1,1,0,0,0,0,0.0,0.0,0,0,0.0,0.0,0.0,28985.50725,69.0,0.0,69,69,0,0.0,0.0,0,0,0,0.0,0.0,0,0,0,0,0,0,32,32,14492.75362,14492.75362,0,0,0.0,0.0,0.0,0,0,0,0,1,1,0,0,1,0.0,0.0,0.0,32,0,0,0,0,0,0,1,0,1,0,259,247,0,32,0.0,0.0,0,0,0.0,0.0,0,0,BruteForce
83,1,1,0,0,0,0,0.0,0.0,0,0,0.0,0.0,0.0,24096.38554,83.0,0.0,83,83,0,0.0,0.0,0,0,0,0.0,0.0,0,0,0,0,0,0,32,32,12048.19277,12048.19277,0,0,0.0,0.0,0.0,0,0,0,0,1,1,0,0,1,0.0,0.0,0.0,32,0,0,0,0,0,0,1,0,1,0,259,247,0,32,0.0,0.0,0,0,0.0,0.0,0,0,BruteForce
11871033,22,32,2008,2745,640,0,91.27272727,138.1821372,976,0,85.78125,220.240592,400.3863859,4.548888037,223981.7547,609791.9503,2400305,4,9865953,469807.2857,850863.2374,2447015,314,11900000,382932.6452,762825.9458,2400305,4,0,0,0,0,712,1032,1.853250682,2.695637355,0,976,86.41818182,188.2012015,35419.69226,0,0,0,1,0,0,0,0,1,88.01851852,91.27272727,85.78125,712,0,0,0,0,0,0,22,2008,32,2745,29200,247,16,32,0.0,0.0,0,0,0.0,0.0,0,0,BruteForce
107,1,1,0,0,0,0,0.0,0.0,0,0,0.0,0.0,0.0,18691.58879,107.0,0.0,107,107,0,0.0,0.0,0,0,0,0.0,0.0,0,0,0,0,0,0,32,32,9345.794393,9345.794393,0,0,0.0,0.0,0.0,0,0,0,0,1,1,0,0,1,0.0,0.0,0.0,32,0,0,0,0,0,0,1,0,1,0,259,247,0,32,0.0,0.0,0,0,0.0,0.0,0,0,BruteForce
68,1,1,0,0,0,0,0.0,0.0,0,0,0.0,0.0,0.0,29411.764710000003,68.0,0.0,68,68,0,0.0,0.0,0,0,0,0.0,0.0,0,0,0,0,0,0,32,32,14705.88235,14705.88235,0,0,0.0,0.0,0.0,0,0,0,0,1,1,0,0,1,0.0,0.0,0.0,32,0,0,0,0,0,0,1,0,1,0,259,247,0,32,0.0,0.0,0,0,0.0,0.0,0,0,BruteForce
11854439,20,33,2008,2745,640,0,100.4,141.91413269999995,976,0,83.18181818,217.2857356,400.9468521,4.470899045,227969.9808,608511.4633,2122766,3,9884005,520210.7895,877760.7407,2183885,475,11900000,370449.5,744823.9943,2122766,3,0,0,0,0,648,1064,1.687131715,2.78376733,0,976,88.01851852,189.5902723,35944.47135,0,0,0,1,0,0,0,0,1,89.67924528,100.4,83.18181818,648,0,0,0,0,0,0,20,2008,33,2745,29200,247,16,32,0.0,0.0,0,0,0.0,0.0,0,0,BruteForce
11788023,21,32,2008,2745,640,0,95.61904762,140.0451628,976,0,85.78125,220.240592,403.2058641,4.496088954,226692.75,608813.9518,2104211,3,9758139,487906.95,857951.1288,2163775,427,11800000,380254.2581,754894.3162,2104211,3,0,0,0,0,680,1032,1.781469208,2.7146197460000003,0,976,88.01851852,189.5902723,35944.47135,0,0,0,1,0,0,0,0,1,89.67924528,95.61904762,85.78125,680,0,0,0,0,0,0,21,2008,32,2745,29200,247,16,32,0.0,0.0,0,0,0.0,0.0,0,0,BruteForce
11986707,21,32,2008,2745,640,0,95.61904762,140.0451628,976,0,85.78125,220.240592,396.5225812,4.421564655,230513.5962,619242.6917,2104402,1,9942240,497112.0,873687.743,2170044,519,12000000,386663.871,767847.593,2104402,1,0,0,0,0,680,1032,1.751940712,2.669623943,0,976,88.01851852,189.5902723,35944.47135,0,0,0,1,0,0,0,0,1,89.67924528,95.61904762,85.78125,680,0,0,0,0,0,0,21,2008,32,2745,29200,247,16,32,0.0,0.0,0,0,0.0,0.0,0,0,BruteForce
11585328,20,33,2008,2745,640,0,100.4,141.91413269999995,976,0,83.18181818,217.2857356,410.2602878,4.57475179,222794.7692,593131.3269,2106810,3,9745574,512924.9474,866493.6574,2164349,224,11600000,362038.0313,725851.7439,2106810,3,0,0,0,0,648,1064,1.72632143,2.84843036,0,976,88.01851852,189.5902723,35944.47135,0,0,0,1,0,0,0,0,1,89.67924528,100.4,83.18181818,648,0,0,0,0,0,0,20,2008,33,2745,29200,247,16,32,0.0,0.0,0,0,0.0,0.0,0,0,BruteForce
21,1,1,0,0,0,0,0.0,0.0,0,0,0.0,0.0,0.0,95238.09524,21.0,0.0,21,21,0,0.0,0.0,0,0,0,0.0,0.0,0,0,0,0,0,0,32,32,47619.04762,47619.04762,0,0,0.0,0.0,0.0,0,0,0,0,1,1,0,0,1,0.0,0.0,0.0,32,0,0,0,0,0,0,1,0,1,0,259,247,0,32,0.0,0.0,0,0,0.0,0.0,0,0,BruteForce
73,1,1,0,0,0,0,0.0,0.0,0,0,0.0,0.0,0.0,27397.26027,73.0,0.0,73,73,0,0.0,0.0,0,0,0,0.0,0.0,0,0,0,0,0,0,32,32,13698.63014,13698.63014,0,0,0.0,0.0,0.0,0,0,0,0,1,1,0,0,1,0.0,0.0,0.0,32,0,0,0,0,0,0,1,0,1,0,259,247,0,32,0.0,0.0,0,0,0.0,0.0,0,0,BruteForce
11442448,21,32,2008,2745,640,0,95.61904762,140.0451628,976,0,85.78125,220.240592,415.3831418,4.631875976,220047.0769,596631.3585,2159300,3,9886489,494324.45,875672.2771,2209868,353,11400000,369106.9355,740528.9847,2159300,3,0,0,0,0,680,1032,1.835271613,2.796604363,0,976,88.01851852,189.5902723,35944.47135,0,0,0,1,0,0,0,0,1,89.67924528,95.61904762,85.78125,680,0,0,0,0,0,0,21,2008,32,2745,29200,247,16,32,0.0,0.0,0,0,0.0,0.0,0,0,BruteForce
50,1,1,0,0,0,0,0.0,0.0,0,0,0.0,0.0,0.0,40000.0,50.0,0.0,50,50,0,0.0,0.0,0,0,0,0.0,0.0,0,0,0,0,0,0,32,32,20000.0,20000.0,0,0,0.0,0.0,0.0,0,0,0,0,1,1,0,0,1,0.0,0.0,0.0,32,0,0,0,0,0,0,1,0,1,0,259,247,0,32,0.0,0.0,0,0,0.0,0.0,0,0,BruteForce
70,1,1,0,0,0,0,0.0,0.0,0,0,0.0,0.0,0.0,28571.42857,70.0,0.0,70,70,0,0.0,0.0,0,0,0,0.0,0.0,0,0,0,0,0,0,32,32,14285.71429,14285.71429,0,0,0.0,0.0,0.0,0,0,0,0,1,1,0,0,1,0.0,0.0,0.0,32,0,0,0,0,0,0,1,0,1,0,259,247,0,32,0.0,0.0,0,0,0.0,0.0,0,0,BruteForce
11342833,19,31,2008,2745,640,0,105.6842105,143.76719319999995,976,0,88.5483871,223.315,419.0311186,4.408069836,231486.3878,612007.8929,2320305,3,8978576,498809.7778,827689.5446,2164357,517,11300000,378090.3667,750135.3469,2320305,3,0,0,0,0,616,1000,1.675066538,2.7330032980000003,0,976,93.19607843,193.9302988,37608.96078,0,0,0,1,0,0,0,0,1,95.06,105.6842105,88.5483871,616,0,0,0,0,0,0,19,2008,31,2745,29200,247,16,32,0.0,0.0,0,0,0.0,0.0,0,0,BruteForce
11673676,21,32,2008,2745,640,0,95.61904762,140.0451628,976,0,85.78125,220.240592,407.155381,4.540129433,224493.7692,610745.3477,2515926,16,9114628,455731.4,797853.8419,1993088,379,11700000,376568.6774,758306.844,2515926,44,0,0,0,0,680,1032,1.798919209,2.7412102239999996,0,976,88.01851852,189.5902723,35944.47135,0,0,0,1,0,0,0,0,1,89.67924528,95.61904762,85.78125,680,0,0,0,0,0,0,21,2008,32,2745,29200,247,16,32,0.0,0.0,0,0,0.0,0.0,0,0,BruteForce
79,1,1,0,0,0,0,0.0,0.0,0,0,0.0,0.0,0.0,25316.4557,79.0,0.0,79,79,0,0.0,0.0,0,0,0,0.0,0.0,0,0,0,0,0,0,32,32,12658.22785,12658.22785,0,0,0.0,0.0,0.0,0,0,0,0,1,1,0,0,1,0.0,0.0,0.0,32,0,0,0,0,0,0,1,0,1,0,259,247,0,32,0.0,0.0,0,0,0.0,0.0,0,0,BruteForce
11770363,21,31,2008,2745,640,0,95.61904762,140.0451628,976,0,88.5483871,223.315,403.8108255,4.417875642,230791.4314,627562.3769,2676372,3,10400000,517753.95,927802.7679,2738803,227,11800000,392340.6667,783379.3156,2676372,3,0,0,0,0,680,1000,1.784142086,2.633733556,0,976,89.67924528,191.0076291,36483.91437,0,0,0,1,0,0,0,0,1,91.40384615,95.61904762,88.5483871,680,0,0,0,0,0,0,21,2008,31,2745,29200,247,16,32,0.0,0.0,0,0,0.0,0.0,0,0,BruteForce
12707264,23,32,2008,2745,640,0,87.30434783,136.3399611,976,0,85.78125,220.240592,374.0380305,4.328233048,235319.7037,656421.23,2544397,3,11300000,513090.7273,961900.1395,2612052,274,12700000,409908.4516,829117.2996,2544397,3,0,0,0,0,744,1032,1.809988366,2.5182446830000003,0,976,84.875,186.8396554,34909.05682,0,0,0,1,0,0,0,0,1,86.41818182,87.30434783,85.78125,744,0,0,0,0,0,0,23,2008,32,2745,29200,247,16,32,0.0,0.0,0,0,0.0,0.0,0,0,BruteForce
46,1,1,0,0,0,0,0.0,0.0,0,0,0.0,0.0,0.0,43478.26087,46.0,0.0,46,46,0,0.0,0.0,0,0,0,0.0,0.0,0,0,0,0,0,0,32,32,21739.13043,21739.13043,0,0,0.0,0.0,0.0,0,0,0,0,1,1,0,0,1,0.0,0.0,0.0,32,0,0,0,0,0,0,1,0,1,0,259,247,0,32,0.0,0.0,0,0,0.0,0.0,0,0,BruteForce
78,1,1,0,0,0,0,0.0,0.0,0,0,0.0,0.0,0.0,25641.02564,78.0,0.0,78,78,0,0.0,0.0,0,0,0,0.0,0.0,0,0,0,0,0,0,32,32,12820.51282,12820.51282,0,0,0.0,0.0,0.0,0,0,0,0,1,1,0,0,1,0.0,0.0,0.0,32,0,0,0,0,0,0,1,0,1,0,259,247,0,32,0.0,0.0,0,0,0.0,0.0,0,0,BruteForce
74,1,1,0,0,0,0,0.0,0.0,0,0,0.0,0.0,0.0,27027.02703,74.0,0.0,74,74,0,0.0,0.0,0,0,0,0.0,0.0,0,0,0,0,0,0,32,32,13513.51351,13513.51351,0,0,0.0,0.0,0.0,0,0,0,0,1,1,0,0,1,0.0,0.0,0.0,32,0,0,0,0,0,0,1,0,1,0,259,247,0,32,0.0,0.0,0,0,0.0,0.0,0,0,BruteForce
11680894,21,32,2008,2745,640,0,95.61904762,140.0451628,976,0,85.78125,220.240592,406.9037866000001,4.537323941,224632.5769,610043.0549,2515697,3,10100000,504486.5,896920.137,2591704,531,11700000,376798.9032,757315.3257,2515697,3,0,0,0,0,680,1032,1.797807599,2.739516342,0,976,88.01851852,189.5902723,35944.47135,0,0,0,1,0,0,0,0,1,89.67924528,95.61904762,85.78125,680,0,0,0,0,0,0,21,2008,32,2745,29200,247,16,32,0.0,0.0,0,0,0.0,0.0,0,0,BruteForce
110,1,1,0,0,0,0,0.0,0.0,0,0,0.0,0.0,0.0,18181.81818,110.0,0.0,110,110,0,0.0,0.0,0,0,0,0.0,0.0,0,0,0,0,0,0,32,32,9090.909091,9090.909091,0,0,0.0,0.0,0.0,0,0,0,0,1,1,0,0,1,0.0,0.0,0.0,32,0,0,0,0,0,0,1,0,1,0,259,247,0,32,0.0,0.0,0,0,0.0,0.0,0,0,BruteForce
79,1,1,0,0,0,0,0.0,0.0,0,0,0.0,0.0,0.0,25316.4557,79.0,0.0,79,79,0,0.0,0.0,0,0,0,0.0,0.0,0,0,0,0,0,0,32,32,12658.22785,12658.22785,0,0,0.0,0.0,0.0,0,0,0,0,1,1,0,0,1,0.0,0.0,0.0,32,0,0,0,0,0,0,1,0,1,0,259,247,0,32,0.0,0.0,0,0,0.0,0.0,0,0,BruteForce
50,1,1,0,0,0,0,0.0,0.0,0,0,0.0,0.0,0.0,40000.0,50.0,0.0,50,50,0,0.0,0.0,0,0,0,0.0,0.0,0,0,0,0,0,0,32,32,20000.0,20000.0,0,0,0.0,0.0,0.0,0,0,0,0,1,1,0,0,1,0.0,0.0,0.0,32,0,0,0,0,0,0,1,0,1,0,259,247,0,32,0.0,0.0,0,0,0.0,0.0,0,0,BruteForce
11644289,21,32,2008,2745,640,0,95.61904762,140.0451628,976,0,85.78125,220.240592,408.1829298,4.551587478,223928.6346,611312.0722,2513402,3,9530868,476543.4,850618.9581,2555954,496,11600000,375617.6129,759279.8151,2513402,3,0,0,0,0,680,1032,1.803459189,2.748128288,0,976,88.01851852,189.5902723,35944.47135,0,0,0,1,0,0,0,0,1,89.67924528,95.61904762,85.78125,680,0,0,0,0,0,0,21,2008,32,2745,29200,247,16,32,0.0,0.0,0,0,0.0,0.0,0,0,BruteForce
104,1,1,0,0,0,0,0.0,0.0,0,0,0.0,0.0,0.0,19230.76923,104.0,0.0,104,104,0,0.0,0.0,0,0,0,0.0,0.0,0,0,0,0,0,0,32,32,9615.384615,9615.384615,0,0,0.0,0.0,0.0,0,0,0,0,1,1,0,0,1,0.0,0.0,0.0,32,0,0,0,0,0,0,1,0,1,0,259,247,0,32,0.0,0.0,0,0,0.0,0.0,0,0,BruteForce
12029788,23,32,2008,2745,640,0,87.30434783,136.3399611,976,0,85.78125,220.240592,395.10255710000007,4.571984145,222773.8519,610390.2869,2196684,3,9907432,450337.8182,834699.4523,2239345,494,12000000,388054.3226,769517.9831,2196684,3,0,0,0,0,744,1032,1.911920642,2.660063502,0,976,84.875,186.8396554,34909.05682,0,0,0,1,0,0,0,0,1,86.41818182,87.30434783,85.78125,744,0,0,0,0,0,0,23,2008,32,2745,29200,247,16,32,0.0,0.0,0,0,0.0,0.0,0,0,BruteForce
99,1,1,0,0,0,0,0.0,0.0,0,0,0.0,0.0,0.0,20202.0202,99.0,0.0,99,99,0,0.0,0.0,0,0,0,0.0,0.0,0,0,0,0,0,0,32,32,10101.0101,10101.0101,0,0,0.0,0.0,0.0,0,0,0,0,1,1,0,0,1,0.0,0.0,0.0,32,0,0,0,0,0,0,1,0,1,0,259,247,0,32,0.0,0.0,0,0,0.0,0.0,0,0,BruteForce
76,1,1,0,0,0,0,0.0,0.0,0,0,0.0,0.0,0.0,26315.78947,76.0,0.0,76,76,0,0.0,0.0,0,0,0,0.0,0.0,0,0,0,0,0,0,32,32,13157.89474,13157.89474,0,0,0.0,0.0,0.0,0,0,0,0,1,1,0,0,1,0.0,0.0,0.0,32,0,0,0,0,0,0,1,0,1,0,259,247,0,32,0.0,0.0,0,0,0.0,0.0,0,0,BruteForce
11793701,21,32,2008,2745,640,0,95.61904762,140.0451628,976,0,85.78125,220.240592,403.0117433,4.4939243410000005,226801.9423,618076.961,2431693,4,9319575,465978.75,825536.1284,2274792,513,11800000,380436.5484,767550.2159,2431693,4,0,0,0,0,680,1032,1.7806115319999998,2.71331281,0,976,88.01851852,189.5902723,35944.47135,0,0,0,1,0,0,0,0,1,89.67924528,95.61904762,85.78125,680,0,0,0,0,0,0,21,2008,32,2745,29200,247,16,32,0.0,0.0,0,0,0.0,0.0,0,0,BruteForce
12002660,21,32,2008,2745,640,0,95.61904762,140.0451628,976,0,85.78125,220.240592,395.9955543,4.415687856,230820.3846,619351.7468,2218127,3,9743667,487183.35,850961.3520000002,2036819,536,12000000,387177.129,767888.7559,2218127,3,0,0,0,0,680,1032,1.7496121690000002,2.6660756869999997,0,976,88.01851852,189.5902723,35944.47135,0,0,0,1,0,0,0,0,1,89.67924528,95.61904762,85.78125,680,0,0,0,0,0,0,21,2008,32,2745,29200,247,16,32,0.0,0.0,0,0,0.0,0.0,0,0,BruteForce
100,1,1,0,0,0,0,0.0,0.0,0,0,0.0,0.0,0.0,20000.0,100.0,0.0,100,100,0,0.0,0.0,0,0,0,0.0,0.0,0,0,0,0,0,0,32,32,10000.0,10000.0,0,0,0.0,0.0,0.0,0,0,0,0,1,1,0,0,1,0.0,0.0,0.0,32,0,0,0,0,0,0,1,0,1,0,259,247,0,32,0.0,0.0,0,0,0.0,0.0,0,0,BruteForce
11875303,21,32,2008,2745,640,0,95.61904762,140.0451628,976,0,85.78125,220.240592,400.2424191,4.463044017,228371.2115,614730.8749,2239967,3,10200000,510984.0,895075.5292,2291688,505,11900000,383069.9677,762416.6867,2239967,3,0,0,0,0,680,1032,1.768375931,2.694668086,0,976,88.01851852,189.5902723,35944.47135,0,0,0,1,0,0,0,0,1,89.67924528,95.61904762,85.78125,680,0,0,0,0,0,0,21,2008,32,2745,29200,247,16,32,0.0,0.0,0,0,0.0,0.0,0,0,BruteForce
55,1,1,0,0,0,0,0.0,0.0,0,0,0.0,0.0,0.0,36363.63636,55.0,0.0,55,55,0,0.0,0.0,0,0,0,0.0,0.0,0,0,0,0,0,0,32,32,18181.81818,18181.81818,0,0,0.0,0.0,0.0,0,0,0,0,1,1,0,0,1,0.0,0.0,0.0,32,0,0,0,0,0,0,1,0,1,0,259,247,0,32,0.0,0.0,0,0,0.0,0.0,0,0,BruteForce
12574630,21,32,2008,2745,640,0,95.61904762,140.0451628,976,0,85.78125,220.240592,377.9832886,4.214835745,241819.8077,668326.0232,2704289,3,11200000,560018.35,996065.7139,2751191,365,12600000,405628.9677,831113.7447,2704289,3,0,0,0,0,680,1032,1.670029257,2.544806487,0,976,88.01851852,189.5902723,35944.47135,0,0,0,1,0,0,0,0,1,89.67924528,95.61904762,85.78125,680,0,0,0,0,0,0,21,2008,32,2745,29200,247,16,32,0.0,0.0,0,0,0.0,0.0,0,0,BruteForce
12342857,19,31,2008,2745,640,0,105.6842105,143.76719319999995,976,0,88.5483871,223.315,385.081023,4.050925973,251895.0408,654842.0866,2261658,3,10500000,585334.7778,960189.989,2325255,487,12300000,411425.8,801241.1677,2261658,3,0,0,0,0,616,1000,1.53935187,2.511574103,0,976,93.19607843,193.9302988,37608.96078,0,0,0,1,0,0,0,0,1,95.06,105.6842105,88.5483871,616,0,0,0,0,0,0,19,2008,31,2745,29200,247,16,32,0.0,0.0,0,0,0.0,0.0,0,0,BruteForce
12207679,19,31,2008,2745,640,0,105.6842105,143.76719319999995,976,0,88.5483871,223.315,389.3450999,4.0957826630000005,249136.3061,649155.8818,2267831,4,10500000,585349.1111,958638.5875,2321408,490,12200000,406918.9667,794496.3896,2267831,4,0,0,0,0,616,1000,1.556397412,2.539385251,0,976,93.19607843,193.9302988,37608.96078,0,0,0,1,0,0,0,0,1,95.06,105.6842105,88.5483871,616,0,0,0,0,0,0,19,2008,31,2745,29200,247,16,32,0.0,0.0,0,0,0.0,0.0,0,0,BruteForce
111,1,1,0,0,0,0,0.0,0.0,0,0,0.0,0.0,0.0,18018.01802,111.0,0.0,111,111,0,0.0,0.0,0,0,0,0.0,0.0,0,0,0,0,0,0,32,32,9009.009009,9009.009009,0,0,0.0,0.0,0.0,0,0,0,0,1,1,0,0,1,0.0,0.0,0.0,32,0,0,0,0,0,0,1,0,1,0,259,247,0,32,0.0,0.0,0,0,0.0,0.0,0,0,BruteForce
71,1,1,0,0,0,0,0.0,0.0,0,0,0.0,0.0,0.0,28169.01408,71.0,0.0,71,71,0,0.0,0.0,0,0,0,0.0,0.0,0,0,0,0,0,0,32,32,14084.50704,14084.50704,0,0,0.0,0.0,0.0,0,0,0,0,1,1,0,0,1,0.0,0.0,0.0,32,0,0,0,0,0,0,1,0,1,0,259,247,0,32,0.0,0.0,0,0,0.0,0.0,0,0,BruteForce
49,1,1,0,0,0,0,0.0,0.0,0,0,0.0,0.0,0.0,40816.32653,49.0,0.0,49,49,0,0.0,0.0,0,0,0,0.0,0.0,0,0,0,0,0,0,32,32,20408.163269999997,20408.163269999997,0,0,0.0,0.0,0.0,0,0,0,0,1,1,0,0,1,0.0,0.0,0.0,32,0,0,0,0,0,0,1,0,1,0,259,247,0,32,0.0,0.0,0,0,0.0,0.0,0,0,BruteForce
12967986,21,31,2008,2745,640,0,95.61904762,140.0451628,976,0,88.5483871,223.315,366.5179774,4.009874779,254274.2353,681228.2038,2433781,3,11100000,554075.1,978383.5646,2500797,372,13000000,432263.5,848949.3946,2433781,3,0,0,0,0,680,1000,1.6193725069999998,2.390502272,0,976,89.67924528,191.0076291,36483.91437,0,0,0,1,0,0,0,0,1,91.40384615,95.61904762,88.5483871,680,0,0,0,0,0,0,21,2008,31,2745,29200,247,16,32,0.0,0.0,0,0,0.0,0.0,0,0,BruteForce
13760548,23,32,2024,2745,640,0,88.0,136.51240369999996,976,0,85.78125,220.240592,346.5705,3.996933843,254824.963,704064.0215,2588212,13,11300000,513004.2273,964013.8012,2669182,229,13800000,443884.6129,888387.2145,2588212,13,0,0,0,0,744,1032,1.671445062,2.325488781,0,976,85.16071429,186.8941146,34929.41006,0,0,0,1,0,0,0,0,1,86.70909091,88.0,85.78125,744,0,0,0,0,0,0,23,2024,32,2745,29200,257,16,32,0.0,0.0,0,0,0.0,0.0,0,0,BruteForce
50,1,1,0,0,0,0,0.0,0.0,0,0,0.0,0.0,0.0,40000.0,50.0,0.0,50,50,0,0.0,0.0,0,0,0,0.0,0.0,0,0,0,0,0,0,32,32,20000.0,20000.0,0,0,0.0,0.0,0.0,0,0,0,0,1,1,0,0,1,0.0,0.0,0.0,32,0,0,0,0,0,0,1,0,1,0,259,247,0,32,0.0,0.0,0,0,0.0,0.0,0,0,BruteForce
43,1,1,0,0,0,0,0.0,0.0,0,0,0.0,0.0,0.0,46511.62791,43.0,0.0,43,43,0,0.0,0.0,0,0,0,0.0,0.0,0,0,0,0,0,0,32,32,23255.81395,23255.81395,0,0,0.0,0.0,0.0,0,0,0,0,1,1,0,0,1,0.0,0.0,0.0,32,0,0,0,0,0,0,1,0,1,0,259,247,0,32,0.0,0.0,0,0,0.0,0.0,0,0,BruteForce
12283171,23,32,2008,2745,640,0,87.30434783,136.3399611,976,0,85.78125,220.240592,386.9521966,4.477671116000001,227466.1296,620000.1112,2208152,3,10500000,477143.3182,885868.6602,2264606,619,12300000,396229.0323,781102.8488,2208152,3,0,0,0,0,744,1032,1.872480649,2.605190468,0,976,84.875,186.8396554,34909.05682,0,0,0,1,0,0,0,0,1,86.41818182,87.30434783,85.78125,744,0,0,0,0,0,0,23,2008,32,2745,29200,247,16,32,0.0,0.0,0,0,0.0,0.0,0,0,BruteForce
84,1,1,0,0,0,0,0.0,0.0,0,0,0.0,0.0,0.0,23809.52381,84.0,0.0,84,84,0,0.0,0.0,0,0,0,0.0,0.0,0,0,0,0,0,0,32,32,11904.7619,11904.7619,0,0,0.0,0.0,0.0,0,0,0,0,1,1,0,0,1,0.0,0.0,0.0,32,0,0,0,0,0,0,1,0,1,0,259,247,0,32,0.0,0.0,0,0,0.0,0.0,0,0,BruteForce
12478573,21,32,2008,2745,640,0,95.61904762,140.0451628,976,0,85.78125,220.240592,380.8929114,4.247280518,239972.5577,650252.226,2464104,15,10700000,534634.05,947248.0127,2516936,314,12500000,402530.7097,807023.3043,2464104,47,0,0,0,0,680,1032,1.6828847340000002,2.564395785,0,976,88.01851852,189.5902723,35944.47135,0,0,0,1,0,0,0,0,1,89.67924528,95.61904762,85.78125,680,0,0,0,0,0,0,21,2008,32,2745,29200,247,16,32,0.0,0.0,0,0,0.0,0.0,0,0,BruteForce
13449248,21,32,2008,2745,640,0,95.61904762,140.0451628,976,0,85.78125,220.240592,353.4026586,3.940740776,258639.3846,706001.7525,2628231,1,11200000,560056.2,1000130.674,2699351,451,13400000,433846.0,876861.0461,2628231,1,0,0,0,0,680,1032,1.56142559,2.379315186,0,976,88.01851852,189.5902723,35944.47135,0,0,0,1,0,0,0,0,1,89.67924528,95.61904762,85.78125,680,0,0,0,0,0,0,21,2008,32,2745,29200,247,16,32,0.0,0.0,0,0,0.0,0.0,0,0,BruteForce
44,1,1,0,0,0,0,0.0,0.0,0,0,0.0,0.0,0.0,45454.54545,44.0,0.0,44,44,0,0.0,0.0,0,0,0,0.0,0.0,0,0,0,0,0,0,32,32,22727.27273,22727.27273,0,0,0.0,0.0,0.0,0,0,0,0,1,1,0,0,1,0.0,0.0,0.0,32,0,0,0,0,0,0,1,0,1,0,259,247,0,32,0.0,0.0,0,0,0.0,0.0,0,0,BruteForce
75,1,1,0,0,0,0,0.0,0.0,0,0,0.0,0.0,0.0,26666.66667,75.0,0.0,75,75,0,0.0,0.0,0,0,0,0.0,0.0,0,0,0,0,0,0,32,32,13333.33333,13333.33333,0,0,0.0,0.0,0.0,0,0,0,0,1,1,0,0,1,0.0,0.0,0.0,32,0,0,0,0,0,0,1,0,1,0,259,247,0,32,0.0,0.0,0,0,0.0,0.0,0,0,BruteForce
60,1,1,0,0,0,0,0.0,0.0,0,0,0.0,0.0,0.0,33333.33333,60.0,0.0,60,60,0,0.0,0.0,0,0,0,0.0,0.0,0,0,0,0,0,0,32,32,16666.66667,16666.66667,0,0,0.0,0.0,0.0,0,0,0,0,1,1,0,0,1,0.0,0.0,0.0,32,0,0,0,0,0,0,1,0,1,0,259,247,0,32,0.0,0.0,0,0,0.0,0.0,0,0,BruteForce
13206106,21,32,2008,2745,640,0,95.61904762,140.0451628,976,0,85.78125,220.240592,359.9092723,4.013295062,253963.5769,681578.4021,2372320,3,10900000,547390.0,957422.762,2421711,604,13200000,425999.6452,845047.3437,2372320,3,0,0,0,0,680,1032,1.590173515,2.423121547,0,976,88.01851852,189.5902723,35944.47135,0,0,0,1,0,0,0,0,1,89.67924528,95.61904762,85.78125,680,0,0,0,0,0,0,21,2008,32,2745,29200,247,16,32,0.0,0.0,0,0,0.0,0.0,0,0,BruteForce
13218309,21,32,2008,2745,640,0,95.61904762,140.0451628,976,0,85.78125,220.240592,359.5770079,4.009590032,254198.25,684533.0068,2412438,20,11000000,548020.45,960493.3452,2464107,273,13200000,426392.6129,849011.3957,2412438,20,0,0,0,0,680,1032,1.588705484,2.420884547,0,976,88.01851852,189.5902723,35944.47135,0,0,0,1,0,0,0,0,1,89.67924528,95.61904762,85.78125,680,0,0,0,0,0,0,21,2008,32,2745,29200,247,16,32,0.0,0.0,0,0,0.0,0.0,0,0,BruteForce
79,1,1,0,0,0,0,0.0,0.0,0,0,0.0,0.0,0.0,25316.4557,79.0,0.0,79,79,0,0.0,0.0,0,0,0,0.0,0.0,0,0,0,0,0,0,32,32,12658.22785,12658.22785,0,0,0.0,0.0,0.0,0,0,0,0,1,1,0,0,1,0.0,0.0,0.0,32,0,0,0,0,0,0,1,0,1,0,259,247,0,32,0.0,0.0,0,0,0.0,0.0,0,0,BruteForce
13367138,19,31,2008,2745,640,0,105.6842105,143.76719319999995,976,0,88.5483871,223.315,355.5734967,3.740516482,272798.7347,714539.2469,2436233,30,11400000,632483.0,1036409.497,2480984,248,13400000,445569.1,874955.9921,2436233,48,0,0,0,0,616,1000,1.421396263,2.319120219,0,976,93.19607843,193.9302988,37608.96078,0,0,0,1,0,0,0,0,1,95.06,105.6842105,88.5483871,616,0,0,0,0,0,0,19,2008,31,2745,29200,247,16,32,0.0,0.0,0,0,0.0,0.0,0,0,BruteForce
13452304,21,32,2008,2745,640,0,95.61904762,140.0451628,976,0,85.78125,220.240592,353.3223751000001,3.939845546,258698.1538,697123.2874,2443591,3,11500000,573574.35,1006467.673,2500271,476,13500000,433942.0,864694.5436,2443591,3,0,0,0,0,680,1032,1.561070877,2.378774669,0,976,88.01851852,189.5902723,35944.47135,0,0,0,1,0,0,0,0,1,89.67924528,95.61904762,85.78125,680,0,0,0,0,0,0,21,2008,32,2745,29200,247,16,32,0.0,0.0,0,0,0.0,0.0,0,0,BruteForce
75,1,1,0,0,0,0,0.0,0.0,0,0,0.0,0.0,0.0,26666.66667,75.0,0.0,75,75,0,0.0,0.0,0,0,0,0.0,0.0,0,0,0,0,0,0,32,32,13333.33333,13333.33333,0,0,0.0,0.0,0.0,0,0,0,0,1,1,0,0,1,0.0,0.0,0.0,32,0,0,0,0,0,0,1,0,1,0,259,247,0,32,0.0,0.0,0,0,0.0,0.0,0,0,BruteForce
62,1,1,0,0,0,0,0.0,0.0,0,0,0.0,0.0,0.0,32258.06452,62.0,0.0,62,62,0,0.0,0.0,0,0,0,0.0,0.0,0,0,0,0,0,0,32,32,16129.03226,16129.03226,0,0,0.0,0.0,0.0,0,0,0,0,1,1,0,0,1,0.0,0.0,0.0,32,0,0,0,0,0,0,1,0,1,0,259,247,0,32,0.0,0.0,0,0,0.0,0.0,0,0,BruteForce
72,1,1,0,0,0,0,0.0,0.0,0,0,0.0,0.0,0.0,27777.77778,72.0,0.0,72,72,0,0.0,0.0,0,0,0,0.0,0.0,0,0,0,0,0,0,32,32,13888.88889,13888.88889,0,0,0.0,0.0,0.0,0,0,0,0,1,1,0,0,1,0.0,0.0,0.0,32,0,0,0,0,0,0,1,0,1,0,259,247,0,32,0.0,0.0,0,0,0.0,0.0,0,0,BruteForce
74,1,1,0,0,0,0,0.0,0.0,0,0,0.0,0.0,0.0,27027.02703,74.0,0.0,74,74,0,0.0,0.0,0,0,0,0.0,0.0,0,0,0,0,0,0,32,32,13513.51351,13513.51351,0,0,0.0,0.0,0.0,0,0,0,0,1,1,0,0,1,0.0,0.0,0.0,32,0,0,0,0,0,0,1,0,1,0,259,247,0,32,0.0,0.0,0,0,0.0,0.0,0,0,BruteForce
14033432,21,32,2008,2745,640,0,95.61904762,140.0451628,976,0,85.78125,220.240592,338.69120539999994,3.776695537,269873.6923,731001.9642,2548267,4,11800000,589790.3,1039164.916,2603095,257,14000000,452687.1613,907191.4634,2548267,4,0,0,0,0,680,1032,1.4964265330000002,2.280269003,0,976,88.01851852,189.5902723,35944.47135,0,0,0,1,0,0,0,0,1,89.67924528,95.61904762,85.78125,680,0,0,0,0,0,0,21,2008,32,2745,29200,247,16,32,0.0,0.0,0,0,0.0,0.0,0,0,BruteForce
13581830,20,33,2008,2745,640,0,100.4,141.91413269999995,976,0,83.18181818,217.2857356,349.9528414,3.902272374,261189.0385,707568.9904,2544253,3,11600000,611587.1053,1043257.195,2601352,276,13600000,424429.5938,867339.9904,2544253,3,0,0,0,0,648,1064,1.4725556130000002,2.429716761,0,976,88.01851852,189.5902723,35944.47135,0,0,0,1,0,0,0,0,1,89.67924528,100.4,83.18181818,648,0,0,0,0,0,0,20,2008,33,2745,29200,247,16,32,0.0,0.0,0,0,0.0,0.0,0,0,BruteForce
13595130,21,32,2008,2745,640,0,95.61904762,140.0451628,976,0,85.78125,220.240592,349.6104855,3.898454814,261444.8077,710281.6016,2544207,3,11600000,581613.9,1027811.07,2601301,313,13600000,438547.8387,881748.4611,2544207,3,0,0,0,0,680,1032,1.544670775,2.353784039,0,976,88.01851852,189.5902723,35944.47135,0,0,0,1,0,0,0,0,1,89.67924528,95.61904762,85.78125,680,0,0,0,0,0,0,21,2008,32,2745,29200,247,16,32,0.0,0.0,0,0,0.0,0.0,0,0,BruteForce
74,1,1,0,0,0,0,0.0,0.0,0,0,0.0,0.0,0.0,27027.02703,74.0,0.0,74,74,0,0.0,0.0,0,0,0,0.0,0.0,0,0,0,0,0,0,32,32,13513.51351,13513.51351,0,0,0.0,0.0,0.0,0,0,0,0,1,1,0,0,1,0.0,0.0,0.0,32,0,0,0,0,0,0,1,0,1,0,259,247,0,32,0.0,0.0,0,0,0.0,0.0,0,0,BruteForce
13399375,21,32,2008,2745,640,0,95.61904762,140.0451628,976,0,85.78125,220.240592,354.7180372,3.955408368,257680.2885,699034.0404,2566610,3,10900000,542510.4,960531.3834,2617211,373,13400000,432234.8065,867659.3335,2566610,3,0,0,0,0,680,1032,1.567237278,2.38817109,0,976,88.01851852,189.5902723,35944.47135,0,0,0,1,0,0,0,0,1,89.67924528,95.61904762,85.78125,680,0,0,0,0,0,0,21,2008,32,2745,29200,247,16,32,0.0,0.0,0,0,0.0,0.0,0,0,BruteForce
79,1,1,0,0,0,0,0.0,0.0,0,0,0.0,0.0,0.0,25316.4557,79.0,0.0,79,79,0,0.0,0.0,0,0,0,0.0,0.0,0,0,0,0,0,0,32,32,12658.22785,12658.22785,0,0,0.0,0.0,0.0,0,0,0,0,1,1,0,0,1,0.0,0.0,0.0,32,0,0,0,0,0,0,1,0,1,0,259,247,0,32,0.0,0.0,0,0,0.0,0.0,0,0,BruteForce
72,1,1,0,0,0,0,0.0,0.0,0,0,0.0,0.0,0.0,27777.77778,72.0,0.0,72,72,0,0.0,0.0,0,0,0,0.0,0.0,0,0,0,0,0,0,32,32,13888.88889,13888.88889,0,0,0.0,0.0,0.0,0,0,0,0,1,1,0,0,1,0.0,0.0,0.0,32,0,0,0,0,0,0,1,0,1,0,259,247,0,32,0.0,0.0,0,0,0.0,0.0,0,0,BruteForce
12784836,21,32,2008,2745,640,0,95.61904762,140.0451628,976,0,85.78125,220.240592,371.7685546,4.145536165,245862.2308,664654.0933,2368375,8,11100000,553947.2,973788.0531,2416603,330,12800000,412409.6774,824693.2477,2368375,8,0,0,0,0,680,1032,1.642570933,2.502965232,0,976,88.01851852,189.5902723,35944.47135,0,0,0,1,0,0,0,0,1,89.67924528,95.61904762,85.78125,680,0,0,0,0,0,0,21,2008,32,2745,29200,247,16,32,0.0,0.0,0,0,0.0,0.0,0,0,BruteForce
76,1,1,0,0,0,0,0.0,0.0,0,0,0.0,0.0,0.0,26315.78947,76.0,0.0,76,76,0,0.0,0.0,0,0,0,0.0,0.0,0,0,0,0,0,0,32,32,13157.89474,13157.89474,0,0,0.0,0.0,0.0,0,0,0,0,1,1,0,0,1,0.0,0.0,0.0,32,0,0,0,0,0,0,1,0,1,0,259,247,0,32,0.0,0.0,0,0,0.0,0.0,0,0,BruteForce
74,1,1,0,0,0,0,0.0,0.0,0,0,0.0,0.0,0.0,27027.02703,74.0,0.0,74,74,0,0.0,0.0,0,0,0,0.0,0.0,0,0,0,0,0,0,32,32,13513.51351,13513.51351,0,0,0.0,0.0,0.0,0,0,0,0,1,1,0,0,1,0.0,0.0,0.0,32,0,0,0,0,0,0,1,0,1,0,259,247,0,32,0.0,0.0,0,0,0.0,0.0,0,0,BruteForce
12767262,21,32,2008,2745,640,0,95.61904762,140.0451628,976,0,85.78125,220.240592,372.28029,4.151242451,245524.2692,662452.4334,2292763,3,10600000,529497.8,934013.8249,2339781,192,12800000,411846.0323,821786.6635,2292763,3,0,0,0,0,680,1032,1.644831915,2.506410537,0,976,88.01851852,189.5902723,35944.47135,0,0,0,1,0,0,0,0,1,89.67924528,95.61904762,85.78125,680,0,0,0,0,0,0,21,2008,32,2745,29200,247,16,32,0.0,0.0,0,0,0.0,0.0,0,0,BruteForce
60,1,1,0,0,0,0,0.0,0.0,0,0,0.0,0.0,0.0,33333.33333,60.0,0.0,60,60,0,0.0,0.0,0,0,0,0.0,0.0,0,0,0,0,0,0,32,32,16666.66667,16666.66667,0,0,0.0,0.0,0.0,0,0,0,0,1,1,0,0,1,0.0,0.0,0.0,32,0,0,0,0,0,0,1,0,1,0,259,247,0,32,0.0,0.0,0,0,0.0,0.0,0,0,BruteForce
83,1,1,0,0,0,0,0.0,0.0,0,0,0.0,0.0,0.0,24096.38554,83.0,0.0,83,83,0,0.0,0.0,0,0,0,0.0,0.0,0,0,0,0,0,0,32,32,12048.19277,12048.19277,0,0,0.0,0.0,0.0,0,0,0,0,1,1,0,0,1,0.0,0.0,0.0,32,0,0,0,0,0,0,1,0,1,0,259,247,0,32,0.0,0.0,0,0,0.0,0.0,0,0,BruteForce
44,1,1,0,0,0,0,0.0,0.0,0,0,0.0,0.0,0.0,45454.54545,44.0,0.0,44,44,0,0.0,0.0,0,0,0,0.0,0.0,0,0,0,0,0,0,32,32,22727.27273,22727.27273,0,0,0.0,0.0,0.0,0,0,0,0,1,1,0,0,1,0.0,0.0,0.0,32,0,0,0,0,0,0,1,0,1,0,259,247,0,32,0.0,0.0,0,0,0.0,0.0,0,0,BruteForce
12473795,21,32,2008,2745,640,0,95.61904762,140.0451628,976,0,85.78125,220.240592,381.0388098,4.248907409,239880.6731,657515.8632,2742349,3,10700000,537368.65,962218.9633,2801899,523,12500000,402377.1613,816995.7694,2742349,3,0,0,0,0,680,1032,1.683529351,2.565378059,0,976,88.01851852,189.5902723,35944.47135,0,0,0,1,0,0,0,0,1,89.67924528,95.61904762,85.78125,680,0,0,0,0,0,0,21,2008,32,2745,29200,247,16,32,0.0,0.0,0,0,0.0,0.0,0,0,BruteForce
80,1,1,0,0,0,0,0.0,0.0,0,0,0.0,0.0,0.0,25000.0,80.0,0.0,80,80,0,0.0,0.0,0,0,0,0.0,0.0,0,0,0,0,0,0,32,32,12500.0,12500.0,0,0,0.0,0.0,0.0,0,0,0,0,1,1,0,0,1,0.0,0.0,0.0,32,0,0,0,0,0,0,1,0,1,0,259,247,0,32,0.0,0.0,0,0,0.0,0.0,0,0,BruteForce
11365656,21,32,2008,2745,640,0,95.61904762,140.0451628,976,0,85.78125,220.240592,418.189676,4.663171224,218570.3077,586454.6788,2020270,3,9453410,472670.5,829012.3001,2064574,343,11400000,366630.4839,727098.8504,2020270,3,0,0,0,0,680,1032,1.847671617,2.815499607,0,976,88.01851852,189.5902723,35944.47135,0,0,0,1,0,0,0,0,1,89.67924528,95.61904762,85.78125,680,0,0,0,0,0,0,21,2008,32,2745,29200,247,16,32,0.0,0.0,0,0,0.0,0.0,0,0,BruteForce
12705000,21,32,2008,2745,640,0,95.61904762,140.0451628,976,0,85.78125,220.240592,374.1046832,4.17158599,244326.9231,659249.0064,2470917,3,10300000,517364.6,916766.6441,2530525,412,12700000,409835.4516,817850.0856,2470917,3,0,0,0,0,680,1032,1.652892562,2.518693428,0,976,88.01851852,189.5902723,35944.47135,0,0,0,1,0,0,0,0,1,89.67924528,95.61904762,85.78125,680,0,0,0,0,0,0,21,2008,32,2745,29200,247,16,32,0.0,0.0,0,0,0.0,0.0,0,0,BruteForce
11835144,21,32,2008,2745,640,0,95.61904762,140.0451628,976,0,85.78125,220.240592,401.6005213,4.478188014,227598.9231,612392.0588,2330928,4,9838498,491924.9,871588.479,2401692,320,11800000,381775.5806,759480.1469,2330928,4,0,0,0,0,680,1032,1.774376383,2.703811631,0,976,88.01851852,189.5902723,35944.47135,0,0,0,1,0,0,0,0,1,89.67924528,95.61904762,85.78125,680,0,0,0,0,0,0,21,2008,32,2745,29200,247,16,32,0.0,0.0,0,0,0.0,0.0,0,0,BruteForce
12000673,21,32,2008,2745,640,0,95.61904762,140.0451628,976,0,85.78125,220.240592,396.0611209,4.4164189789999995,230782.1731,622941.989,2330586,4,10000000,500093.3,886607.6823,2401503,354,12000000,387115.9032,772821.2124,2330586,4,0,0,0,0,680,1032,1.74990186,2.666517119,0,976,88.01851852,189.5902723,35944.47135,0,0,0,1,0,0,0,0,1,89.67924528,95.61904762,85.78125,680,0,0,0,0,0,0,21,2008,32,2745,29200,247,16,32,0.0,0.0,0,0,0.0,0.0,0,0,BruteForce
11636270,21,32,2008,2745,640,0,95.61904762,140.0451628,976,0,85.78125,220.240592,408.4642244,4.554724151,223774.4231,598867.2473,2028202,3,9736166,486808.3,853440.5895,2101792,215,11600000,375360.0968,742277.3429,2028202,3,0,0,0,0,680,1032,1.804702022,2.750022129,0,976,88.01851852,189.5902723,35944.47135,0,0,0,1,0,0,0,0,1,89.67924528,95.61904762,85.78125,680,0,0,0,0,0,0,21,2008,32,2745,29200,247,16,32,0.0,0.0,0,0,0.0,0.0,0,0,BruteForce
76,1,1,0,0,0,0,0.0,0.0,0,0,0.0,0.0,0.0,26315.78947,76.0,0.0,76,76,0,0.0,0.0,0,0,0,0.0,0.0,0,0,0,0,0,0,32,32,13157.89474,13157.89474,0,0,0.0,0.0,0.0,0,0,0,0,1,1,0,0,1,0.0,0.0,0.0,32,0,0,0,0,0,0,1,0,1,0,259,247,0,32,0.0,0.0,0,0,0.0,0.0,0,0,BruteForce
102,1,1,0,0,0,0,0.0,0.0,0,0,0.0,0.0,0.0,19607.84314,102.0,0.0,102,102,0,0.0,0.0,0,0,0,0.0,0.0,0,0,0,0,0,0,32,32,9803.921569,9803.921569,0,0,0.0,0.0,0.0,0,0,0,0,1,1,0,0,1,0.0,0.0,0.0,32,0,0,0,0,0,0,1,0,1,0,259,247,0,32,0.0,0.0,0,0,0.0,0.0,0,0,BruteForce
109,1,1,0,0,0,0,0.0,0.0,0,0,0.0,0.0,0.0,18348.62385,109.0,0.0,109,109,0,0.0,0.0,0,0,0,0.0,0.0,0,0,0,0,0,0,32,32,9174.311927,9174.311927,0,0,0.0,0.0,0.0,0,0,0,0,1,1,0,0,1,0.0,0.0,0.0,32,0,0,0,0,0,0,1,0,1,0,259,247,0,32,0.0,0.0,0,0,0.0,0.0,0,0,BruteForce
11733525,21,32,2008,2745,640,0,95.61904762,140.0451628,976,0,85.78125,220.240592,405.0786102,4.516971669,225644.7115,605410.4771,2052172,3,9812081,490604.05,859748.2847,2100972,625,11700000,378497.0,750591.2965,2052172,3,0,0,0,0,680,1032,1.789743491,2.727228177,0,976,88.01851852,189.5902723,35944.47135,0,0,0,1,0,0,0,0,1,89.67924528,95.61904762,85.78125,680,0,0,0,0,0,0,21,2008,32,2745,29200,247,16,32,0.0,0.0,0,0,0.0,0.0,0,0,BruteForce
68,1,1,0,0,0,0,0.0,0.0,0,0,0.0,0.0,0.0,29411.764710000003,68.0,0.0,68,68,0,0.0,0.0,0,0,0,0.0,0.0,0,0,0,0,0,0,32,32,14705.88235,14705.88235,0,0,0.0,0.0,0.0,0,0,0,0,1,1,0,0,1,0.0,0.0,0.0,32,0,0,0,0,0,0,1,0,1,0,259,247,0,32,0.0,0.0,0,0,0.0,0.0,0,0,BruteForce
74,1,1,0,0,0,0,0.0,0.0,0,0,0.0,0.0,0.0,27027.02703,74.0,0.0,74,74,0,0.0,0.0,0,0,0,0.0,0.0,0,0,0,0,0,0,32,32,13513.51351,13513.51351,0,0,0.0,0.0,0.0,0,0,0,0,1,1,0,0,1,0.0,0.0,0.0,32,0,0,0,0,0,0,1,0,1,0,259,247,0,32,0.0,0.0,0,0,0.0,0.0,0,0,BruteForce
12285135,22,32,2008,2745,640,0,91.27272727,138.1821372,976,0,85.78125,220.240592,386.8903354,4.395556093,231795.0,635613.2926,2536428,3,10300000,489600.7143,897648.5956,2605836,411,12300000,396289.2581,795644.4673,2536428,3,0,0,0,0,712,1032,1.7907821119999998,2.604773981,0,976,86.41818182,188.2012015,35419.69226,0,0,0,1,0,0,0,0,1,88.01851852,91.27272727,85.78125,712,0,0,0,0,0,0,22,2008,32,2745,29200,247,16,32,0.0,0.0,0,0,0.0,0.0,0,0,BruteForce
105,1,1,0,0,0,0,0.0,0.0,0,0,0.0,0.0,0.0,19047.61905,105.0,0.0,105,105,0,0.0,0.0,0,0,0,0.0,0.0,0,0,0,0,0,0,32,32,9523.809524,9523.809524,0,0,0.0,0.0,0.0,0,0,0,0,1,1,0,0,1,0.0,0.0,0.0,32,0,0,0,0,0,0,1,0,1,0,259,247,0,32,0.0,0.0,0,0,0.0,0.0,0,0,BruteForce
12531389,21,32,2008,2745,640,0,95.61904762,140.0451628,976,0,85.78125,220.240592,379.2875633999999,4.22937952,240988.25,654632.3229,2544663,3,9945313,497265.65,869448.6572,2101281,511,12500000,404231.7097,812666.2571,2544663,3,0,0,0,0,680,1032,1.675791885,2.553587635,0,976,88.01851852,189.5902723,35944.47135,0,0,0,1,0,0,0,0,1,89.67924528,95.61904762,85.78125,680,0,0,0,0,0,0,21,2008,32,2745,29200,247,16,32,0.0,0.0,0,0,0.0,0.0,0,0,BruteForce
107,1,1,0,0,0,0,0.0,0.0,0,0,0.0,0.0,0.0,18691.58879,107.0,0.0,107,107,0,0.0,0.0,0,0,0,0.0,0.0,0,0,0,0,0,0,32,32,9345.794393,9345.794393,0,0,0.0,0.0,0.0,0,0,0,0,1,1,0,0,1,0.0,0.0,0.0,32,0,0,0,0,0,0,1,0,1,0,259,247,0,32,0.0,0.0,0,0,0.0,0.0,0,0,BruteForce
100,1,1,0,0,0,0,0.0,0.0,0,0,0.0,0.0,0.0,20000.0,100.0,0.0,100,100,0,0.0,0.0,0,0,0,0.0,0.0,0,0,0,0,0,0,32,32,10000.0,10000.0,0,0,0.0,0.0,0.0,0,0,0,0,1,1,0,0,1,0.0,0.0,0.0,32,0,0,0,0,0,0,1,0,1,0,259,247,0,32,0.0,0.0,0,0,0.0,0.0,0,0,BruteForce
81,1,1,0,0,0,0,0.0,0.0,0,0,0.0,0.0,0.0,24691.35802,81.0,0.0,81,81,0,0.0,0.0,0,0,0,0.0,0.0,0,0,0,0,0,0,32,32,12345.67901,12345.67901,0,0,0.0,0.0,0.0,0,0,0,0,1,1,0,0,1,0.0,0.0,0.0,32,0,0,0,0,0,0,1,0,1,0,259,247,0,32,0.0,0.0,0,0,0.0,0.0,0,0,BruteForce
11661581,21,32,2008,2745,640,0,95.61904762,140.0451628,976,0,85.78125,220.240592,407.5776689,4.544838303,224261.1731,607577.0598,2262215,26,9405770,470288.5,830432.7181,2304272,321,11700000,376175.9677,754081.7325,2262215,26,0,0,0,0,680,1032,1.8007849880000002,2.744053315,0,976,88.01851852,189.5902723,35944.47135,0,0,0,1,0,0,0,0,1,89.67924528,95.61904762,85.78125,680,0,0,0,0,0,0,21,2008,32,2745,29200,247,16,32,0.0,0.0,0,0,0.0,0.0,0,0,BruteForce
11871722,21,32,2008,2745,640,0,95.61904762,140.0451628,976,0,85.78125,220.240592,400.3631486999999,4.464390254,228302.3462,616694.8015,2390741,3,9888073,494403.65,874335.0027,2439984,401,11900000,382954.9032,765130.1439,2390741,3,0,0,0,0,680,1032,1.768909346,2.695480908,0,976,88.01851852,189.5902723,35944.47135,0,0,0,1,0,0,0,0,1,89.67924528,95.61904762,85.78125,680,0,0,0,0,0,0,21,2008,32,2745,29200,247,16,32,0.0,0.0,0,0,0.0,0.0,0,0,BruteForce
11712588,21,32,2008,2745,640,0,95.61904762,140.0451628,976,0,85.78125,220.240592,405.8027141,4.525046044,225242.0769,611225.2169,2403498,4,10300000,517136.2,908783.0101,2464242,494,11700000,377820.871,758712.5503,2403498,4,0,0,0,0,680,1032,1.792942772,2.732103272,0,976,88.01851852,189.5902723,35944.47135,0,0,0,1,0,0,0,0,1,89.67924528,95.61904762,85.78125,680,0,0,0,0,0,0,21,2008,32,2745,29200,247,16,32,0.0,0.0,0,0,0.0,0.0,0,0,BruteForce
82,1,1,0,0,0,0,0.0,0.0,0,0,0.0,0.0,0.0,24390.2439,82.0,0.0,82,82,0,0.0,0.0,0,0,0,0.0,0.0,0,0,0,0,0,0,32,32,12195.12195,12195.12195,0,0,0.0,0.0,0.0,0,0,0,0,1,1,0,0,1,0.0,0.0,0.0,32,0,0,0,0,0,0,1,0,1,0,259,247,0,32,0.0,0.0,0,0,0.0,0.0,0,0,BruteForce
11293313,21,32,2008,2745,640,0,95.61904762,140.0451628,976,0,85.78125,220.240592,420.8685263999999,4.693042688,217179.0962,592811.5284,2415432,3,9216585,460829.25,824795.4465,2464583,351,11300000,364294.5161,736298.3202,2415432,3,0,0,0,0,680,1032,1.85950748,2.833535208,0,976,88.01851852,189.5902723,35944.47135,0,0,0,1,0,0,0,0,1,89.67924528,95.61904762,85.78125,680,0,0,0,0,0,0,21,2008,32,2745,29200,247,16,32,0.0,0.0,0,0,0.0,0.0,0,0,BruteForce
43,1,1,0,0,0,0,0.0,0.0,0,0,0.0,0.0,0.0,46511.62791,43.0,0.0,43,43,0,0.0,0.0,0,0,0,0.0,0.0,0,0,0,0,0,0,32,32,23255.81395,23255.81395,0,0,0.0,0.0,0.0,0,0,0,0,1,1,0,0,1,0.0,0.0,0.0,32,0,0,0,0,0,0,1,0,1,0,259,247,0,32,0.0,0.0,0,0,0.0,0.0,0,0,BruteForce
75,1,1,0,0,0,0,0.0,0.0,0,0,0.0,0.0,0.0,26666.66667,75.0,0.0,75,75,0,0.0,0.0,0,0,0,0.0,0.0,0,0,0,0,0,0,32,32,13333.33333,13333.33333,0,0,0.0,0.0,0.0,0,0,0,0,1,1,0,0,1,0.0,0.0,0.0,32,0,0,0,0,0,0,1,0,1,0,259,247,0,32,0.0,0.0,0,0,0.0,0.0,0,0,BruteForce
77,1,1,0,0,0,0,0.0,0.0,0,0,0.0,0.0,0.0,25974.02597,77.0,0.0,77,77,0,0.0,0.0,0,0,0,0.0,0.0,0,0,0,0,0,0,32,32,12987.01299,12987.01299,0,0,0.0,0.0,0.0,0,0,0,0,1,1,0,0,1,0.0,0.0,0.0,32,0,0,0,0,0,0,1,0,1,0,259,247,0,32,0.0,0.0,0,0,0.0,0.0,0,0,BruteForce
11310201,19,31,2008,2745,640,0,105.6842105,143.76719319999995,976,0,88.5483871,223.315,420.2401001,4.420787924,230820.4286,600849.8234,2113799,3,9777773,543209.6111,891496.5302,2182947,314,11300000,377000.6667,735277.1682,2113799,3,0,0,0,0,616,1000,1.6798994109999998,2.740888513,0,976,93.19607843,193.9302988,37608.96078,0,0,0,1,0,0,0,0,1,95.06,105.6842105,88.5483871,616,0,0,0,0,0,0,19,2008,31,2745,29200,247,16,32,0.0,0.0,0,0,0.0,0.0,0,0,BruteForce
11390138,21,32,2008,2745,640,0,95.61904762,140.0451628,976,0,85.78125,220.240592,417.2908177,4.653148188,219041.1154,589446.4022,2114812,4,9628800,481440.0,846255.3662,2167660,273,11400000,367380.7742,731058.3582,2114812,4,0,0,0,0,680,1032,1.843700226,2.809447963,0,976,88.01851852,189.5902723,35944.47135,0,0,0,1,0,0,0,0,1,89.67924528,95.61904762,85.78125,680,0,0,0,0,0,0,21,2008,32,2745,29200,247,16,32,0.0,0.0,0,0,0.0,0.0,0,0,BruteForce
89,1,1,0,0,0,0,0.0,0.0,0,0,0.0,0.0,0.0,22471.91011,89.0,0.0,89,89,0,0.0,0.0,0,0,0,0.0,0.0,0,0,0,0,0,0,32,32,11235.95506,11235.95506,0,0,0.0,0.0,0.0,0,0,0,0,1,1,0,0,1,0.0,0.0,0.0,32,0,0,0,0,0,0,1,0,1,0,259,247,0,32,0.0,0.0,0,0,0.0,0.0,0,0,BruteForce
107,1,1,0,0,0,0,0.0,0.0,0,0,0.0,0.0,0.0,18691.58879,107.0,0.0,107,107,0,0.0,0.0,0,0,0,0.0,0.0,0,0,0,0,0,0,32,32,9345.794393,9345.794393,0,0,0.0,0.0,0.0,0,0,0,0,1,1,0,0,1,0.0,0.0,0.0,32,0,0,0,0,0,0,1,0,1,0,259,247,0,32,0.0,0.0,0,0,0.0,0.0,0,0,BruteForce
44,1,1,0,0,0,0,0.0,0.0,0,0,0.0,0.0,0.0,45454.54545,44.0,0.0,44,44,0,0.0,0.0,0,0,0,0.0,0.0,0,0,0,0,0,0,32,32,22727.27273,22727.27273,0,0,0.0,0.0,0.0,0,0,0,0,1,1,0,0,1,0.0,0.0,0.0,32,0,0,0,0,0,0,1,0,1,0,259,247,0,32,0.0,0.0,0,0,0.0,0.0,0,0,BruteForce
11542258,22,32,2008,2745,640,0,91.27272727,138.1821372,976,0,85.78125,220.240592,411.7911764,4.678460662,217778.4528,598589.0594,2450611,3,9800932,466711.0476,860965.7903,2501233,406,11500000,372326.7742,749499.5172,2450611,3,0,0,0,0,712,1032,1.906039529,2.772421133,0,976,86.41818182,188.2012015,35419.69226,0,0,0,1,0,0,0,0,1,88.01851852,91.27272727,85.78125,712,0,0,0,0,0,0,22,2008,32,2745,29200,247,16,32,0.0,0.0,0,0,0.0,0.0,0,0,BruteForce
120,1,1,0,0,0,0,0.0,0.0,0,0,0.0,0.0,0.0,16666.66667,120.0,0.0,120,120,0,0.0,0.0,0,0,0,0.0,0.0,0,0,0,0,0,0,32,32,8333.333333,8333.333333,0,0,0.0,0.0,0.0,0,0,0,0,1,1,0,0,1,0.0,0.0,0.0,32,0,0,0,0,0,0,1,0,1,0,259,247,0,32,0.0,0.0,0,0,0.0,0.0,0,0,BruteForce
75,1,1,0,0,0,0,0.0,0.0,0,0,0.0,0.0,0.0,26666.66667,75.0,0.0,75,75,0,0.0,0.0,0,0,0,0.0,0.0,0,0,0,0,0,0,32,32,13333.33333,13333.33333,0,0,0.0,0.0,0.0,0,0,0,0,1,1,0,0,1,0.0,0.0,0.0,32,0,0,0,0,0,0,1,0,1,0,259,247,0,32,0.0,0.0,0,0,0.0,0.0,0,0,BruteForce
75,1,1,0,0,0,0,0.0,0.0,0,0,0.0,0.0,0.0,26666.66667,75.0,0.0,75,75,0,0.0,0.0,0,0,0,0.0,0.0,0,0,0,0,0,0,32,32,13333.33333,13333.33333,0,0,0.0,0.0,0.0,0,0,0,0,1,1,0,0,1,0.0,0.0,0.0,32,0,0,0,0,0,0,1,0,1,0,259,247,0,32,0.0,0.0,0,0,0.0,0.0,0,0,BruteForce
84,1,1,0,0,0,0,0.0,0.0,0,0,0.0,0.0,0.0,23809.52381,84.0,0.0,84,84,0,0.0,0.0,0,0,0,0.0,0.0,0,0,0,0,0,0,32,32,11904.7619,11904.7619,0,0,0.0,0.0,0.0,0,0,0,0,1,1,0,0,1,0.0,0.0,0.0,32,0,0,0,0,0,0,1,0,1,0,259,247,0,32,0.0,0.0,0,0,0.0,0.0,0,0,BruteForce
79,1,1,0,0,0,0,0.0,0.0,0,0,0.0,0.0,0.0,25316.4557,79.0,0.0,79,79,0,0.0,0.0,0,0,0,0.0,0.0,0,0,0,0,0,0,32,32,12658.22785,12658.22785,0,0,0.0,0.0,0.0,0,0,0,0,1,1,0,0,1,0.0,0.0,0.0,32,0,0,0,0,0,0,1,0,1,0,259,247,0,32,0.0,0.0,0,0,0.0,0.0,0,0,BruteForce
76,1,1,0,0,0,0,0.0,0.0,0,0,0.0,0.0,0.0,26315.78947,76.0,0.0,76,76,0,0.0,0.0,0,0,0,0.0,0.0,0,0,0,0,0,0,32,32,13157.89474,13157.89474,0,0,0.0,0.0,0.0,0,0,0,0,1,1,0,0,1,0.0,0.0,0.0,32,0,0,0,0,0,0,1,0,1,0,259,257,0,32,0.0,0.0,0,0,0.0,0.0,0,0,BruteForce
43,1,1,0,0,0,0,0.0,0.0,0,0,0.0,0.0,0.0,46511.62791,43.0,0.0,43,43,0,0.0,0.0,0,0,0,0.0,0.0,0,0,0,0,0,0,32,32,23255.81395,23255.81395,0,0,0.0,0.0,0.0,0,0,0,0,1,1,0,0,1,0.0,0.0,0.0,32,0,0,0,0,0,0,1,0,1,0,259,247,0,32,0.0,0.0,0,0,0.0,0.0,0,0,BruteForce
74,1,1,0,0,0,0,0.0,0.0,0,0,0.0,0.0,0.0,27027.02703,74.0,0.0,74,74,0,0.0,0.0,0,0,0,0.0,0.0,0,0,0,0,0,0,32,32,13513.51351,13513.51351,0,0,0.0,0.0,0.0,0,0,0,0,1,1,0,0,1,0.0,0.0,0.0,32,0,0,0,0,0,0,1,0,1,0,259,247,0,32,0.0,0.0,0,0,0.0,0.0,0,0,BruteForce
10267491,21,32,2008,2745,640,0,95.61904762,140.0451628,976,0,85.78125,220.240592,462.9173768,5.1619232,197451.75,532821.1623,2036045,3,8760903,438045.15,774739.8925,2089712,231,10300000,331206.0323,661012.5688,2036045,3,0,0,0,0,680,1032,2.045290325,3.116632876,0,976,88.01851852,189.5902723,35944.47135,0,0,0,1,0,0,0,0,1,89.67924528,95.61904762,85.78125,680,0,0,0,0,0,0,21,2008,32,2745,29200,247,16,32,0.0,0.0,0,0,0.0,0.0,0,0,BruteForce
11250629,21,32,2008,2745,640,0,95.61904762,140.0451628,976,0,85.78125,220.240592,422.4652684,4.710847722,216358.25,582675.1805,2168224,3,9353787,467689.35,828619.2688,2216436,374,11300000,362921.9355,722698.6345,2168224,3,0,0,0,0,680,1032,1.866562305,2.844285417,0,976,88.01851852,189.5902723,35944.47135,0,0,0,1,0,0,0,0,1,89.67924528,95.61904762,85.78125,680,0,0,0,0,0,0,21,2008,32,2745,29200,247,16,32,0.0,0.0,0,0,0.0,0.0,0,0,BruteForce
70,1,1,0,0,0,0,0.0,0.0,0,0,0.0,0.0,0.0,28571.42857,70.0,0.0,70,70,0,0.0,0.0,0,0,0,0.0,0.0,0,0,0,0,0,0,32,32,14285.71429,14285.71429,0,0,0.0,0.0,0.0,0,0,0,0,1,1,0,0,1,0.0,0.0,0.0,32,0,0,0,0,0,0,1,0,1,0,259,247,0,32,0.0,0.0,0,0,0.0,0.0,0,0,BruteForce
84,1,1,0,0,0,0,0.0,0.0,0,0,0.0,0.0,0.0,23809.52381,84.0,0.0,84,84,0,0.0,0.0,0,0,0,0.0,0.0,0,0,0,0,0,0,32,32,11904.7619,11904.7619,0,0,0.0,0.0,0.0,0,0,0,0,1,1,0,0,1,0.0,0.0,0.0,32,0,0,0,0,0,0,1,0,1,0,259,247,0,32,0.0,0.0,0,0,0.0,0.0,0,0,BruteForce
10855181,21,32,2008,2745,640,0,95.61904762,140.0451628,976,0,85.78125,220.240592,437.8554351,4.882461195,208753.4808,557646.4876,1935543,2,8931431,446571.55,782194.3753,2001016,272,10900000,350163.8387,691098.9134,1935543,2,0,0,0,0,680,1032,1.934560096,2.9479010989999996,0,976,88.01851852,189.5902723,35944.47135,0,0,0,1,0,0,0,0,1,89.67924528,95.61904762,85.78125,680,0,0,0,0,0,0,21,2008,32,2745,29200,247,16,32,0.0,0.0,0,0,0.0,0.0,0,0,BruteForce
107,1,1,0,0,0,0,0.0,0.0,0,0,0.0,0.0,0.0,18691.58879,107.0,0.0,107,107,0,0.0,0.0,0,0,0,0.0,0.0,0,0,0,0,0,0,32,32,9345.794393,9345.794393,0,0,0.0,0.0,0.0,0,0,0,0,1,1,0,0,1,0.0,0.0,0.0,32,0,0,0,0,0,0,1,0,1,0,259,247,0,32,0.0,0.0,0,0,0.0,0.0,0,0,BruteForce
9973467,21,32,2008,2745,640,0,95.61904762,140.0451628,976,0,85.78125,220.240592,476.5644685,5.3140999010000005,191797.4423,517220.6516,1955170,24,8351872,417593.6,743006.7035,2001136,524,9973348,321720.9032,641620.6236,1955170,37,0,0,0,0,680,1032,2.1055867530000003,3.208513148,0,976,88.01851852,189.5902723,35944.47135,0,0,0,1,0,0,0,0,1,89.67924528,95.61904762,85.78125,680,0,0,0,0,0,0,21,2008,32,2745,29200,247,16,32,0.0,0.0,0,0,0.0,0.0,0,0,BruteForce
10021783,20,33,2008,2745,640,0,100.4,141.91413269999995,976,0,83.18181818,217.2857356,474.2669044,5.288480104,192726.5962,517682.2131,1955538,4,8399701,442089.5263,757273.2573,2001039,312,10000000,313178.1875,634108.1591,1955538,4,0,0,0,0,648,1064,1.995652869,3.292827234,0,976,88.01851852,189.5902723,35944.47135,0,0,0,1,0,0,0,0,1,89.67924528,100.4,83.18181818,648,0,0,0,0,0,0,20,2008,33,2745,29200,247,16,32,0.0,0.0,0,0,0.0,0.0,0,0,BruteForce
10309378,21,32,2008,2745,640,0,95.61904762,140.0451628,976,0,85.78125,220.240592,461.0365436000001,5.140950308,198257.2692,534792.8107,1954036,18,8824520,441226.0,784154.1163,2000689,277,10300000,332555.87100000004,663437.2465,1954036,18,0,0,0,0,680,1032,2.036980311,3.103969997,0,976,88.01851852,189.5902723,35944.47135,0,0,0,1,0,0,0,0,1,89.67924528,95.61904762,85.78125,680,0,0,0,0,0,0,21,2008,32,2745,29200,247,16,32,0.0,0.0,0,0,0.0,0.0,0,0,BruteForce
11007306,21,32,2008,2745,640,0,95.61904762,140.0451628,976,0,85.78125,220.240592,431.8041127,4.814983793,211678.9615,576088.1091,2070014,4,9797555,489877.75,861628.8506,2113306,404,11000000,355070.8710000001,715312.9555,2070014,4,0,0,0,0,680,1032,1.907823767,2.907160026,0,976,88.01851852,189.5902723,35944.47135,0,0,0,1,0,0,0,0,1,89.67924528,95.61904762,85.78125,680,0,0,0,0,0,0,21,2008,32,2745,29200,247,16,32,0.0,0.0,0,0,0.0,0.0,0,0,BruteForce
92,1,1,0,0,0,0,0.0,0.0,0,0,0.0,0.0,0.0,21739.13043,92.0,0.0,92,92,0,0.0,0.0,0,0,0,0.0,0.0,0,0,0,0,0,0,32,32,10869.56522,10869.56522,0,0,0.0,0.0,0.0,0,0,0,0,1,1,0,0,1,0.0,0.0,0.0,32,0,0,0,0,0,0,1,0,1,0,259,247,0,32,0.0,0.0,0,0,0.0,0.0,0,0,BruteForce
48,1,1,0,0,0,0,0.0,0.0,0,0,0.0,0.0,0.0,41666.66667,48.0,0.0,48,48,0,0.0,0.0,0,0,0,0.0,0.0,0,0,0,0,0,0,32,32,20833.33333,20833.33333,0,0,0.0,0.0,0.0,0,0,0,0,1,1,0,0,1,0.0,0.0,0.0,32,0,0,0,0,0,0,1,0,1,0,259,247,0,32,0.0,0.0,0,0,0.0,0.0,0,0,BruteForce
10562395,22,32,2008,2745,640,0,91.27272727,138.1821372,976,0,85.78125,220.240592,449.99263899999994,5.112476858,199290.4717,542237.16,2071483,3,8450107,402386.0476,728020.6322,1964484,528,10600000,340718.6774,678231.2951,2071483,3,0,0,0,0,712,1032,2.082860942,3.029615916,0,976,86.41818182,188.2012015,35419.69226,0,0,0,1,0,0,0,0,1,88.01851852,91.27272727,85.78125,712,0,0,0,0,0,0,22,2008,32,2745,29200,247,16,32,0.0,0.0,0,0,0.0,0.0,0,0,BruteForce
10531177,20,33,2008,2745,640,0,100.4,141.91413269999995,976,0,83.18181818,217.2857356,451.3265706,5.032675835,202522.6346,546964.3074,2072582,3,8418540,443081.0526,752537.4521,1964518,519,10500000,329097.625,670315.2637,2072582,3,0,0,0,0,648,1064,1.899122957,3.133552878,0,976,88.01851852,189.5902723,35944.47135,0,0,0,1,0,0,0,0,1,89.67924528,100.4,83.18181818,648,0,0,0,0,0,0,20,2008,33,2745,29200,247,16,32,0.0,0.0,0,0,0.0,0.0,0,0,BruteForce
11928997,21,32,2008,2745,640,0,95.61904762,140.0451628,976,0,85.78125,220.240592,398.4408748,4.442955263,229403.7885,622240.7804,2384126,11,10000000,500196.5,885240.0728,2432580,431,11900000,384803.2258,772339.5742,2384126,43,0,0,0,0,680,1032,1.760416236,2.682539027,0,976,88.01851852,189.5902723,35944.47135,0,0,0,1,0,0,0,0,1,89.67924528,95.61904762,85.78125,680,0,0,0,0,0,0,21,2008,32,2745,29200,247,16,32,0.0,0.0,0,0,0.0,0.0,0,0,BruteForce
12103604,21,32,2008,2745,640,0,95.61904762,140.0451628,976,0,85.78125,220.240592,392.69295330000006,4.37886104,232761.6154,629873.476,2380153,4,9676213,483810.65,855096.5124,2165293,374,12100000,390435.0,781629.0642,2380153,4,0,0,0,0,680,1032,1.735020412,2.643840628,0,976,88.01851852,189.5902723,35944.47135,0,0,0,1,0,0,0,0,1,89.67924528,95.61904762,85.78125,680,0,0,0,0,0,0,21,2008,32,2745,29200,247,16,32,0.0,0.0,0,0,0.0,0.0,0,0,BruteForce
71,1,1,0,0,0,0,0.0,0.0,0,0,0.0,0.0,0.0,28169.01408,71.0,0.0,71,71,0,0.0,0.0,0,0,0,0.0,0.0,0,0,0,0,0,0,32,32,14084.50704,14084.50704,0,0,0.0,0.0,0.0,0,0,0,0,1,1,0,0,1,0.0,0.0,0.0,32,0,0,0,0,0,0,1,0,1,0,259,247,0,32,0.0,0.0,0,0,0.0,0.0,0,0,BruteForce
10965074,21,32,2008,2745,640,0,95.61904762,140.0451628,976,0,85.78125,220.240592,433.4672069,4.8335287110000005,210866.8077,571616.055,2091856,38,8832254,441612.7,783098.9317,2043624,479,11000000,353708.2581,709469.1159999998,2091856,47,0,0,0,0,680,1032,1.915171754,2.918356958,0,976,88.01851852,189.5902723,35944.47135,0,0,0,1,0,0,0,0,1,89.67924528,95.61904762,85.78125,680,0,0,0,0,0,0,21,2008,32,2745,29200,247,16,32,0.0,0.0,0,0,0.0,0.0,0,0,BruteForce
74,1,1,0,0,0,0,0.0,0.0,0,0,0.0,0.0,0.0,27027.02703,74.0,0.0,74,74,0,0.0,0.0,0,0,0,0.0,0.0,0,0,0,0,0,0,32,32,13513.51351,13513.51351,0,0,0.0,0.0,0.0,0,0,0,0,1,1,0,0,1,0.0,0.0,0.0,32,0,0,0,0,0,0,1,0,1,0,259,247,0,32,0.0,0.0,0,0,0.0,0.0,0,0,BruteForce
108,1,1,0,0,0,0,0.0,0.0,0,0,0.0,0.0,0.0,18518.51852,108.0,0.0,108,108,0,0.0,0.0,0,0,0,0.0,0.0,0,0,0,0,0,0,32,32,9259.259259,9259.259259,0,0,0.0,0.0,0.0,0,0,0,0,1,1,0,0,1,0.0,0.0,0.0,32,0,0,0,0,0,0,1,0,1,0,259,247,0,32,0.0,0.0,0,0,0.0,0.0,0,0,BruteForce
11504207,21,32,2008,2745,640,0,95.61904762,140.0451628,976,0,85.78125,220.240592,413.1532056,4.607010288,221234.75,600797.2276,2291587,24,10100000,503953.6,894441.2823,2364701,500,11500000,371099.2903,745818.9904,2291587,24,0,0,0,0,680,1032,1.825419171,2.781591117,0,976,88.01851852,189.5902723,35944.47135,0,0,0,1,0,0,0,0,1,89.67924528,95.61904762,85.78125,680,0,0,0,0,0,0,21,2008,32,2745,29200,247,16,32,0.0,0.0,0,0,0.0,0.0,0,0,BruteForce
11480099,21,32,2008,2745,640,0,95.61904762,140.0451628,976,0,85.78125,220.240592,414.02081989999994,4.6166849260000005,220771.1346,610497.7571,2479578,20,9327595,466379.75,849656.9097,2526324,498,11500000,370322.5161,759251.6902,2479578,41,0,0,0,0,680,1032,1.829252518,2.787432408,0,976,88.01851852,189.5902723,35944.47135,0,0,0,1,0,0,0,0,1,89.67924528,95.61904762,85.78125,680,0,0,0,0,0,0,21,2008,32,2745,29200,247,16,32,0.0,0.0,0,0,0.0,0.0,0,0,BruteForce
12992222,21,32,2008,2745,640,0,95.61904762,140.0451628,976,0,85.78125,220.240592,365.8342661,4.079363792,249850.4231,676249.2511,2481655,15,10700000,534948.15,946306.3944,2532866,454,13000000,419102.2903,839179.2839,2481655,48,0,0,0,0,680,1032,1.616351691,2.463012101,0,976,88.01851852,189.5902723,35944.47135,0,0,0,1,0,0,0,0,1,89.67924528,95.61904762,85.78125,680,0,0,0,0,0,0,21,2008,32,2745,29200,247,16,32,0.0,0.0,0,0,0.0,0.0,0,0,BruteForce
10554739,19,31,2008,2745,640,0,105.6842105,143.76719319999995,976,0,88.5483871,223.315,450.3190463,4.7372085660000005,215402.8367,569361.9733,2284287,18,9148711,508261.7222,852287.6448,2341875,377,10600000,351819.7333,697879.8693,2284287,18,0,0,0,0,616,1000,1.800139255,2.937069311,0,976,93.19607843,193.9302988,37608.96078,0,0,0,1,0,0,0,0,1,95.06,105.6842105,88.5483871,616,0,0,0,0,0,0,19,2008,31,2745,29200,247,16,32,0.0,0.0,0,0,0.0,0.0,0,0,BruteForce
103,1,1,0,0,0,0,0.0,0.0,0,0,0.0,0.0,0.0,19417.47573,103.0,0.0,103,103,0,0.0,0.0,0,0,0,0.0,0.0,0,0,0,0,0,0,32,32,9708.737864,9708.737864,0,0,0.0,0.0,0.0,0,0,0,0,1,1,0,0,1,0.0,0.0,0.0,32,0,0,0,0,0,0,1,0,1,0,259,257,0,32,0.0,0.0,0,0,0.0,0.0,0,0,BruteForce
11907084,21,32,2008,2745,640,0,95.61904762,140.0451628,976,0,85.78125,220.240592,399.1741387,4.45113178,228982.3846,625468.7605,2304203,20,10600000,531864.3,935871.1582,2366302,360,11900000,384096.0968,776911.6575,2304203,48,0,0,0,0,680,1032,1.7636559880000002,2.687475792,0,976,88.01851852,189.5902723,35944.47135,0,0,0,1,0,0,0,0,1,89.67924528,95.61904762,85.78125,680,0,0,0,0,0,0,21,2008,32,2745,29200,247,16,32,0.0,0.0,0,0,0.0,0.0,0,0,BruteForce
11974899,21,32,2008,2745,640,0,95.61904762,140.0451628,976,0,85.78125,220.240592,396.9135773,4.425924594,230286.5192,625173.0504,2292160,22,10700000,535287.0,940835.17,2364391,386,12000000,386284.0968,776053.4856,2292160,41,0,0,0,0,680,1032,1.753668236,2.672256359,0,976,88.01851852,189.5902723,35944.47135,0,0,0,1,0,0,0,0,1,89.67924528,95.61904762,85.78125,680,0,0,0,0,0,0,21,2008,32,2745,29200,247,16,32,0.0,0.0,0,0,0.0,0.0,0,0,BruteForce
79,1,1,0,0,0,0,0.0,0.0,0,0,0.0,0.0,0.0,25316.4557,79.0,0.0,79,79,0,0.0,0.0,0,0,0,0.0,0.0,0,0,0,0,0,0,32,32,12658.22785,12658.22785,0,0,0.0,0.0,0.0,0,0,0,0,1,1,0,0,1,0.0,0.0,0.0,32,0,0,0,0,0,0,1,0,1,0,259,247,0,32,0.0,0.0,0,0,0.0,0.0,0,0,BruteForce
54,1,1,0,0,0,0,0.0,0.0,0,0,0.0,0.0,0.0,37037.03704,54.0,0.0,54,54,0,0.0,0.0,0,0,0,0.0,0.0,0,0,0,0,0,0,32,32,18518.51852,18518.51852,0,0,0.0,0.0,0.0,0,0,0,0,1,1,0,0,1,0.0,0.0,0.0,32,0,0,0,0,0,0,1,0,1,0,259,247,0,32,0.0,0.0,0,0,0.0,0.0,0,0,BruteForce
74,1,1,0,0,0,0,0.0,0.0,0,0,0.0,0.0,0.0,27027.02703,74.0,0.0,74,74,0,0.0,0.0,0,0,0,0.0,0.0,0,0,0,0,0,0,32,32,13513.51351,13513.51351,0,0,0.0,0.0,0.0,0,0,0,0,1,1,0,0,1,0.0,0.0,0.0,32,0,0,0,0,0,0,1,0,1,0,259,247,0,32,0.0,0.0,0,0,0.0,0.0,0,0,BruteForce
11745600,21,32,2008,2745,640,0,95.61904762,140.0451628,976,0,85.78125,220.240592,404.6621714,4.512328021,225876.9231,618050.59,2638929,3,9909468,495473.4,892603.4557,2697921,331,11700000,378886.0645,767827.6159999998,2638929,3,0,0,0,0,680,1032,1.787903555,2.724424465,0,976,88.01851852,189.5902723,35944.47135,0,0,0,1,0,0,0,0,1,89.67924528,95.61904762,85.78125,680,0,0,0,0,0,0,21,2008,32,2745,29200,247,16,32,0.0,0.0,0,0,0.0,0.0,0,0,BruteForce
11987549,21,32,2008,2745,640,0,95.61904762,140.0451628,976,0,85.78125,220.240592,396.4947297,4.421254086,230529.7885,630042.6418,2500190,3,9680756,484037.8,869844.4472,2576033,585,12000000,386692.4839,782632.583,2500190,3,0,0,0,0,680,1032,1.751817657,2.669436429,0,976,88.01851852,189.5902723,35944.47135,0,0,0,1,0,0,0,0,1,89.67924528,95.61904762,85.78125,680,0,0,0,0,0,0,21,2008,32,2745,29200,247,16,32,0.0,0.0,0,0,0.0,0.0,0,0,BruteForce
79,1,1,0,0,0,0,0.0,0.0,0,0,0.0,0.0,0.0,25316.4557,79.0,0.0,79,79,0,0.0,0.0,0,0,0,0.0,0.0,0,0,0,0,0,0,32,32,12658.22785,12658.22785,0,0,0.0,0.0,0.0,0,0,0,0,1,1,0,0,1,0.0,0.0,0.0,32,0,0,0,0,0,0,1,0,1,0,259,247,0,32,0.0,0.0,0,0,0.0,0.0,0,0,BruteForce
73,1,1,0,0,0,0,0.0,0.0,0,0,0.0,0.0,0.0,27397.26027,73.0,0.0,73,73,0,0.0,0.0,0,0,0,0.0,0.0,0,0,0,0,0,0,32,32,13698.63014,13698.63014,0,0,0.0,0.0,0.0,0,0,0,0,1,1,0,0,1,0.0,0.0,0.0,32,0,0,0,0,0,0,1,0,1,0,259,247,0,32,0.0,0.0,0,0,0.0,0.0,0,0,BruteForce
70,1,1,0,0,0,0,0.0,0.0,0,0,0.0,0.0,0.0,28571.42857,70.0,0.0,70,70,0,0.0,0.0,0,0,0,0.0,0.0,0,0,0,0,0,0,32,32,14285.71429,14285.71429,0,0,0.0,0.0,0.0,0,0,0,0,1,1,0,0,1,0.0,0.0,0.0,32,0,0,0,0,0,0,1,0,1,0,259,247,0,32,0.0,0.0,0,0,0.0,0.0,0,0,BruteForce
11536083,23,32,2008,2745,640,0,87.30434783,136.3399611,976,0,85.78125,220.240592,412.0115987,4.76764947,213631.1667,598503.1368,2473620,3,10400000,473044.4091,888477.0974,2533378,335,11500000,372128.7419,756319.7483,2473620,3,0,0,0,0,744,1032,1.993744324,2.773905146,0,976,84.875,186.8396554,34909.05682,0,0,0,1,0,0,0,0,1,86.41818182,87.30434783,85.78125,744,0,0,0,0,0,0,23,2008,32,2745,29200,247,16,32,0.0,0.0,0,0,0.0,0.0,0,0,BruteForce
66,1,1,0,0,0,0,0.0,0.0,0,0,0.0,0.0,0.0,30303.0303,66.0,0.0,66,66,0,0.0,0.0,0,0,0,0.0,0.0,0,0,0,0,0,0,32,32,15151.51515,15151.51515,0,0,0.0,0.0,0.0,0,0,0,0,1,1,0,0,1,0.0,0.0,0.0,32,0,0,0,0,0,0,1,0,1,0,259,247,0,32,0.0,0.0,0,0,0.0,0.0,0,0,BruteForce
76,1,1,0,0,0,0,0.0,0.0,0,0,0.0,0.0,0.0,26315.78947,76.0,0.0,76,76,0,0.0,0.0,0,0,0,0.0,0.0,0,0,0,0,0,0,32,32,13157.89474,13157.89474,0,0,0.0,0.0,0.0,0,0,0,0,1,1,0,0,1,0.0,0.0,0.0,32,0,0,0,0,0,0,1,0,1,0,259,247,0,32,0.0,0.0,0,0,0.0,0.0,0,0,BruteForce
82,1,1,0,0,0,0,0.0,0.0,0,0,0.0,0.0,0.0,24390.2439,82.0,0.0,82,82,0,0.0,0.0,0,0,0,0.0,0.0,0,0,0,0,0,0,32,32,12195.12195,12195.12195,0,0,0.0,0.0,0.0,0,0,0,0,1,1,0,0,1,0.0,0.0,0.0,32,0,0,0,0,0,0,1,0,1,0,259,247,0,32,0.0,0.0,0,0,0.0,0.0,0,0,BruteForce
11685478,21,32,2008,2745,640,0,95.61904762,140.0451628,976,0,85.78125,220.240592,406.74416569999994,4.535544032,224720.7308,606268.2413,2204320,3,10000000,500195.85,884434.9861,2264484,453,11700000,376946.871,752094.8164,2204320,3,0,0,0,0,680,1032,1.7971023519999998,2.7384416789999997,0,976,88.01851852,189.5902723,35944.47135,0,0,0,1,0,0,0,0,1,89.67924528,95.61904762,85.78125,680,0,0,0,0,0,0,21,2008,32,2745,29200,247,16,32,0.0,0.0,0,0,0.0,0.0,0,0,BruteForce
1275,2,2,0,0,0,0,0.0,0.0,0,0,0.0,0.0,0.0,3137.254902,425.0,276.2987514,589,106,695,695.0,0.0,695,695,1169,1169.0,0.0,1169,1169,0,0,0,0,72,72,1568.627451,1568.627451,0,0,0.0,0.0,0.0,0,0,0,1,0,0,0,0,1,0.0,0.0,0.0,72,0,0,0,0,0,0,2,0,2,0,29200,227,0,32,0.0,0.0,0,0,0.0,0.0,0,0,BruteForce
70,1,1,0,0,0,0,0.0,0.0,0,0,0.0,0.0,0.0,28571.42857,70.0,0.0,70,70,0,0.0,0.0,0,0,0,0.0,0.0,0,0,0,0,0,0,32,32,14285.71429,14285.71429,0,0,0.0,0.0,0.0,0,0,0,0,1,1,0,0,1,0.0,0.0,0.0,32,0,0,0,0,0,0,1,0,1,0,259,247,0,32,0.0,0.0,0,0,0.0,0.0,0,0,BruteForce
77,1,1,0,0,0,0,0.0,0.0,0,0,0.0,0.0,0.0,25974.02597,77.0,0.0,77,77,0,0.0,0.0,0,0,0,0.0,0.0,0,0,0,0,0,0,32,32,12987.01299,12987.01299,0,0,0.0,0.0,0.0,0,0,0,0,1,1,0,0,1,0.0,0.0,0.0,32,0,0,0,0,0,0,1,0,1,0,259,247,0,32,0.0,0.0,0,0,0.0,0.0,0,0,BruteForce
12294545,21,32,2008,2745,640,0,95.61904762,140.0451628,976,0,85.78125,220.240592,386.5942172,4.310854936,236433.5577,635256.2368,2203738,3,10100000,505117.45,887263.1451,2264409,496,12300000,396593.6774,787724.6842,2203738,3,0,0,0,0,680,1032,1.708074597,2.602780339,0,976,88.01851852,189.5902723,35944.47135,0,0,0,1,0,0,0,0,1,89.67924528,95.61904762,85.78125,680,0,0,0,0,0,0,21,2008,32,2745,29200,247,16,32,0.0,0.0,0,0,0.0,0.0,0,0,BruteForce
38,1,1,0,0,0,0,0.0,0.0,0,0,0.0,0.0,0.0,52631.57895,38.0,0.0,38,38,0,0.0,0.0,0,0,0,0.0,0.0,0,0,0,0,0,0,32,32,26315.78947,26315.78947,0,0,0.0,0.0,0.0,0,0,0,0,1,1,0,0,1,0.0,0.0,0.0,32,0,0,0,0,0,0,1,0,1,0,259,247,0,32,0.0,0.0,0,0,0.0,0.0,0,0,BruteForce
12055936,21,32,2008,2745,640,0,95.61904762,140.0451628,976,0,85.78125,220.240592,394.2456231,4.396174631,231844.9231,626893.7646,2216186,3,9797312,489865.6,863010.4371,2212081,518,12100000,388896.8387,777862.1512,2216186,3,0,0,0,0,680,1032,1.741880514,2.654294117,0,976,88.01851852,189.5902723,35944.47135,0,0,0,1,0,0,0,0,1,89.67924528,95.61904762,85.78125,680,0,0,0,0,0,0,21,2008,32,2745,29200,247,16,32,0.0,0.0,0,0,0.0,0.0,0,0,BruteForce
73,1,1,0,0,0,0,0.0,0.0,0,0,0.0,0.0,0.0,27397.26027,73.0,0.0,73,73,0,0.0,0.0,0,0,0,0.0,0.0,0,0,0,0,0,0,32,32,13698.63014,13698.63014,0,0,0.0,0.0,0.0,0,0,0,0,1,1,0,0,1,0.0,0.0,0.0,32,0,0,0,0,0,0,1,0,1,0,259,247,0,32,0.0,0.0,0,0,0.0,0.0,0,0,BruteForce
78,1,1,0,0,0,0,0.0,0.0,0,0,0.0,0.0,0.0,25641.02564,78.0,0.0,78,78,0,0.0,0.0,0,0,0,0.0,0.0,0,0,0,0,0,0,32,32,12820.51282,12820.51282,0,0,0.0,0.0,0.0,0,0,0,0,1,1,0,0,1,0.0,0.0,0.0,32,0,0,0,0,0,0,1,0,1,0,259,247,0,32,0.0,0.0,0,0,0.0,0.0,0,0,BruteForce
12605892,21,32,2008,2745,640,0,95.61904762,140.0451628,976,0,85.78125,220.240592,377.0459084,4.204383157,242421.0,658122.2307,2384391,3,10300000,517023.2,922001.8205,2448199,405,12600000,406636.9677,816943.6165,2384391,3,0,0,0,0,680,1032,1.665887666,2.538495491,0,976,88.01851852,189.5902723,35944.47135,0,0,0,1,0,0,0,0,1,89.67924528,95.61904762,85.78125,680,0,0,0,0,0,0,21,2008,32,2745,29200,247,16,32,0.0,0.0,0,0,0.0,0.0,0,0,BruteForce
11695389,19,31,2008,2745,640,0,105.6842105,143.76719319999995,976,0,88.5483871,223.315,406.3994793,4.275189137,238681.4082,638751.9424,2248397,3,10400000,576172.3889,968101.8281,2292637,470,11700000,389841.7667,783869.0874,2248397,3,0,0,0,0,616,1000,1.624571872,2.650617265,0,976,93.19607843,193.9302988,37608.96078,0,0,0,1,0,0,0,0,1,95.06,105.6842105,88.5483871,616,0,0,0,0,0,0,19,2008,31,2745,29200,247,16,32,0.0,0.0,0,0,0.0,0.0,0,0,BruteForce
11716543,21,32,2008,2745,640,0,95.61904762,140.0451628,976,0,85.78125,220.240592,405.6657326,4.523518584,225318.1346,621516.4462,2244265,20,10500000,526281.35,937607.5223,2304641,514,11700000,377948.3871,772761.1488,2244265,20,0,0,0,0,680,1032,1.7923375519999998,2.731181032,0,976,88.01851852,189.5902723,35944.47135,0,0,0,1,0,0,0,0,1,89.67924528,95.61904762,85.78125,680,0,0,0,0,0,0,21,2008,32,2745,29200,247,16,32,0.0,0.0,0,0,0.0,0.0,0,0,BruteForce
11823422,21,32,2008,2745,640,0,95.61904762,140.0451628,976,0,85.78125,220.240592,401.9986769,4.482627787,227373.5,617602.5229,2246582,3,9574561,478728.05,853550.9474,2301889,332,11800000,381396.5806,766698.9048,2246582,3,0,0,0,0,680,1032,1.776135538,2.7064922489999996,0,976,88.01851852,189.5902723,35944.47135,0,0,0,1,0,0,0,0,1,89.67924528,95.61904762,85.78125,680,0,0,0,0,0,0,21,2008,32,2745,29200,247,16,32,0.0,0.0,0,0,0.0,0.0,0,0,BruteForce
112,1,1,0,0,0,0,0.0,0.0,0,0,0.0,0.0,0.0,17857.14286,112.0,0.0,112,112,0,0.0,0.0,0,0,0,0.0,0.0,0,0,0,0,0,0,32,32,8928.571429000001,8928.571429000001,0,0,0.0,0.0,0.0,0,0,0,0,1,1,0,0,1,0.0,0.0,0.0,32,0,0,0,0,0,0,1,0,1,0,259,247,0,32,0.0,0.0,0,0,0.0,0.0,0,0,BruteForce
12154611,21,32,2008,2745,640,0,95.61904762,140.0451628,976,0,85.78125,220.240592,391.04501160000007,4.360485087,233742.5192,650014.14,2600078,3,10900000,545999.9,979022.6898,2648707,349,12200000,392081.129,808841.3304,2600078,3,0,0,0,0,680,1032,1.727739374,2.6327457130000003,0,976,88.01851852,189.5902723,35944.47135,0,0,0,1,0,0,0,0,1,89.67924528,95.61904762,85.78125,680,0,0,0,0,0,0,21,2008,32,2745,29200,247,16,32,0.0,0.0,0,0,0.0,0.0,0,0,BruteForce
12770268,21,32,2008,2745,640,0,95.61904762,140.0451628,976,0,85.78125,220.240592,372.1926588,4.150265288,245582.0769,667479.454,2596221,3,10500000,524967.0,931270.2127,2638477,522,12800000,411940.4839,828660.6118,2596221,3,0,0,0,0,680,1032,1.644444737,2.505820551,0,976,88.01851852,189.5902723,35944.47135,0,0,0,1,0,0,0,0,1,89.67924528,95.61904762,85.78125,680,0,0,0,0,0,0,21,2008,32,2745,29200,247,16,32,0.0,0.0,0,0,0.0,0.0,0,0,BruteForce
58,1,1,0,0,0,0,0.0,0.0,0,0,0.0,0.0,0.0,34482.75862,58.0,0.0,58,58,0,0.0,0.0,0,0,0,0.0,0.0,0,0,0,0,0,0,32,32,17241.37931,17241.37931,0,0,0.0,0.0,0.0,0,0,0,0,1,1,0,0,1,0.0,0.0,0.0,32,0,0,0,0,0,0,1,0,1,0,259,247,0,32,0.0,0.0,0,0,0.0,0.0,0,0,BruteForce
11823588,21,32,2008,2745,640,0,95.61904762,140.0451628,976,0,85.78125,220.240592,401.9930329,4.482564853,227376.6923,616809.0656,2420338,4,9811940,490597.0,873970.7316,2483373,319,11800000,381402.0968,765607.5877,2420338,4,0,0,0,0,680,1032,1.776110602,2.7064542510000003,0,976,88.01851852,189.5902723,35944.47135,0,0,0,1,0,0,0,0,1,89.67924528,95.61904762,85.78125,680,0,0,0,0,0,0,21,2008,32,2745,29200,247,16,32,0.0,0.0,0,0,0.0,0.0,0,0,BruteForce
12313844,22,33,2008,2745,640,0,91.27272727,138.1821372,976,0,83.18181818,217.2857356,385.9883234,4.466517523,228034.1481,632254.0031,2443466,3,9943830,473515.7143,866106.8414,2508475,209,12300000,384805.4375,788216.1458,2443466,3,0,0,0,0,712,1064,1.786607009,2.679910514,0,976,84.875,186.8396554,34909.05682,0,0,0,1,0,0,0,0,1,86.41818182,91.27272727,83.18181818,712,0,0,0,0,0,0,22,2008,33,2745,29200,247,16,32,0.0,0.0,0,0,0.0,0.0,0,0,BruteForce
104,1,1,0,0,0,0,0.0,0.0,0,0,0.0,0.0,0.0,19230.76923,104.0,0.0,104,104,0,0.0,0.0,0,0,0,0.0,0.0,0,0,0,0,0,0,32,32,9615.384615,9615.384615,0,0,0.0,0.0,0.0,0,0,0,0,1,1,0,0,1,0.0,0.0,0.0,32,0,0,0,0,0,0,1,0,1,0,259,247,0,32,0.0,0.0,0,0,0.0,0.0,0,0,BruteForce
11587433,21,32,2008,2745,640,0,95.61904762,140.0451628,976,0,85.78125,220.240592,410.185759,4.573920729,222835.25,608845.8023,2342863,4,10000000,502022.4,894448.3047,2388514,425,11600000,373783.4516,756280.9976,2342863,4,0,0,0,0,680,1032,1.812308214,2.761612516,0,976,88.01851852,189.5902723,35944.47135,0,0,0,1,0,0,0,0,1,89.67924528,95.61904762,85.78125,680,0,0,0,0,0,0,21,2008,32,2745,29200,247,16,32,0.0,0.0,0,0,0.0,0.0,0,0,BruteForce
78,1,1,0,0,0,0,0.0,0.0,0,0,0.0,0.0,0.0,25641.02564,78.0,0.0,78,78,0,0.0,0.0,0,0,0,0.0,0.0,0,0,0,0,0,0,32,32,12820.51282,12820.51282,0,0,0.0,0.0,0.0,0,0,0,0,1,1,0,0,1,0.0,0.0,0.0,32,0,0,0,0,0,0,1,0,1,0,259,247,0,32,0.0,0.0,0,0,0.0,0.0,0,0,BruteForce
14168130,21,32,2008,2745,640,0,95.61904762,140.0451628,976,0,85.78125,220.240592,335.47123010000007,3.740790069,272464.0385,734122.5355,2596246,3,11800000,588159.85,1034929.146,2664806,442,14200000,457033.0,910554.0578,2596246,3,0,0,0,0,680,1032,1.482199839,2.25859023,0,976,88.01851852,189.5902723,35944.47135,0,0,0,1,0,0,0,0,1,89.67924528,95.61904762,85.78125,680,0,0,0,0,0,0,21,2008,32,2745,29200,247,16,32,0.0,0.0,0,0,0.0,0.0,0,0,BruteForce
68,1,1,0,0,0,0,0.0,0.0,0,0,0.0,0.0,0.0,29411.764710000003,68.0,0.0,68,68,0,0.0,0.0,0,0,0,0.0,0.0,0,0,0,0,0,0,32,32,14705.88235,14705.88235,0,0,0.0,0.0,0.0,0,0,0,0,1,1,0,0,1,0.0,0.0,0.0,32,0,0,0,0,0,0,1,0,1,0,259,267,0,32,0.0,0.0,0,0,0.0,0.0,0,0,BruteForce
13947560,21,32,2008,2745,640,0,95.61904762,140.0451628,976,0,85.78125,220.240592,340.7764512,3.799947804,268222.3077,725511.2572,2620250,3,11800000,591240.9,1040739.403,2668440,303,13900000,449916.2258,900247.435,2620250,3,0,0,0,0,680,1032,1.505639696,2.294308108,0,976,88.01851852,189.5902723,35944.47135,0,0,0,1,0,0,0,0,1,89.67924528,95.61904762,85.78125,680,0,0,0,0,0,0,21,2008,32,2745,29200,247,16,32,0.0,0.0,0,0,0.0,0.0,0,0,BruteForce
67,1,1,0,0,0,0,0.0,0.0,0,0,0.0,0.0,0.0,29850.74627,67.0,0.0,67,67,0,0.0,0.0,0,0,0,0.0,0.0,0,0,0,0,0,0,32,32,14925.373130000002,14925.373130000002,0,0,0.0,0.0,0.0,0,0,0,0,1,1,0,0,1,0.0,0.0,0.0,32,0,0,0,0,0,0,1,0,1,0,259,247,0,32,0.0,0.0,0,0,0.0,0.0,0,0,BruteForce
76,1,1,0,0,0,0,0.0,0.0,0,0,0.0,0.0,0.0,26315.78947,76.0,0.0,76,76,0,0.0,0.0,0,0,0,0.0,0.0,0,0,0,0,0,0,32,32,13157.89474,13157.89474,0,0,0.0,0.0,0.0,0,0,0,0,1,1,0,0,1,0.0,0.0,0.0,32,0,0,0,0,0,0,1,0,1,0,259,257,0,32,0.0,0.0,0,0,0.0,0.0,0,0,BruteForce
107,1,1,0,0,0,0,0.0,0.0,0,0,0.0,0.0,0.0,18691.58879,107.0,0.0,107,107,0,0.0,0.0,0,0,0,0.0,0.0,0,0,0,0,0,0,32,32,9345.794393,9345.794393,0,0,0.0,0.0,0.0,0,0,0,0,1,1,0,0,1,0.0,0.0,0.0,32,0,0,0,0,0,0,1,0,1,0,259,247,0,32,0.0,0.0,0,0,0.0,0.0,0,0,BruteForce
77,1,1,0,0,0,0,0.0,0.0,0,0,0.0,0.0,0.0,25974.02597,77.0,0.0,77,77,0,0.0,0.0,0,0,0,0.0,0.0,0,0,0,0,0,0,32,32,12987.01299,12987.01299,0,0,0.0,0.0,0.0,0,0,0,0,1,1,0,0,1,0.0,0.0,0.0,32,0,0,0,0,0,0,1,0,1,0,259,247,0,32,0.0,0.0,0,0,0.0,0.0,0,0,BruteForce
113,1,1,0,0,0,0,0.0,0.0,0,0,0.0,0.0,0.0,17699.11504,113.0,0.0,113,113,0,0.0,0.0,0,0,0,0.0,0.0,0,0,0,0,0,0,32,32,8849.557522,8849.557522,0,0,0.0,0.0,0.0,0,0,0,0,1,1,0,0,1,0.0,0.0,0.0,32,0,0,0,0,0,0,1,0,1,0,259,247,0,32,0.0,0.0,0,0,0.0,0.0,0,0,BruteForce
13092580,21,32,2008,2745,640,0,95.61904762,140.0451628,976,0,85.78125,220.240592,363.0300521,4.048094417,251780.3846,681694.9116,2399987,3,10600000,532443.55,940558.0458,2409050,272,13100000,422337.7419,845968.8659,2399987,3,0,0,0,0,680,1032,1.6039619390000002,2.444132478,0,976,88.01851852,189.5902723,35944.47135,0,0,0,1,0,0,0,0,1,89.67924528,95.61904762,85.78125,680,0,0,0,0,0,0,21,2008,32,2745,29200,247,16,32,0.0,0.0,0,0,0.0,0.0,0,0,BruteForce
68,1,1,0,0,0,0,0.0,0.0,0,0,0.0,0.0,0.0,29411.764710000003,68.0,0.0,68,68,0,0.0,0.0,0,0,0,0.0,0.0,0,0,0,0,0,0,32,32,14705.88235,14705.88235,0,0,0.0,0.0,0.0,0,0,0,0,1,1,0,0,1,0.0,0.0,0.0,32,0,0,0,0,0,0,1,0,1,0,259,257,0,32,0.0,0.0,0,0,0.0,0.0,0,0,BruteForce
13963043,21,32,2008,2745,640,0,95.61904762,140.0451628,976,0,85.78125,220.240592,340.3985793,3.795734211,268520.0577,728419.6133,2558844,3,11700000,583613.9,1029131.286,2601468,312,14000000,450416.6774,904120.7867,2558844,3,0,0,0,0,680,1032,1.503970159,2.291764052,0,976,88.01851852,189.5902723,35944.47135,0,0,0,1,0,0,0,0,1,89.67924528,95.61904762,85.78125,680,0,0,0,0,0,0,21,2008,32,2745,29200,247,16,32,0.0,0.0,0,0,0.0,0.0,0,0,BruteForce
113,1,1,0,0,0,0,0.0,0.0,0,0,0.0,0.0,0.0,17699.11504,113.0,0.0,113,113,0,0.0,0.0,0,0,0,0.0,0.0,0,0,0,0,0,0,32,32,8849.557522,8849.557522,0,0,0.0,0.0,0.0,0,0,0,0,1,1,0,0,1,0.0,0.0,0.0,32,0,0,0,0,0,0,1,0,1,0,259,247,0,32,0.0,0.0,0,0,0.0,0.0,0,0,BruteForce
74,1,1,0,0,0,0,0.0,0.0,0,0,0.0,0.0,0.0,27027.02703,74.0,0.0,74,74,0,0.0,0.0,0,0,0,0.0,0.0,0,0,0,0,0,0,32,32,13513.51351,13513.51351,0,0,0.0,0.0,0.0,0,0,0,0,1,1,0,0,1,0.0,0.0,0.0,32,0,0,0,0,0,0,1,0,1,0,259,247,0,32,0.0,0.0,0,0,0.0,0.0,0,0,BruteForce
13258571,21,32,2008,2745,640,0,95.61904762,140.0451628,976,0,85.78125,220.240592,358.48508860000004,3.997414201,254972.5192,688315.7745,2536081,26,11300000,563354.05,989675.1986,2601976,311,13300000,427691.3548,853922.5515,2536081,42,0,0,0,0,680,1032,1.5838810980000002,2.4135331019999997,0,976,88.01851852,189.5902723,35944.47135,0,0,0,1,0,0,0,0,1,89.67924528,95.61904762,85.78125,680,0,0,0,0,0,0,21,2008,32,2745,29200,247,16,32,0.0,0.0,0,0,0.0,0.0,0,0,BruteForce
72,1,1,0,0,0,0,0.0,0.0,0,0,0.0,0.0,0.0,27777.77778,72.0,0.0,72,72,0,0.0,0.0,0,0,0,0.0,0.0,0,0,0,0,0,0,32,32,13888.88889,13888.88889,0,0,0.0,0.0,0.0,0,0,0,0,1,1,0,0,1,0.0,0.0,0.0,32,0,0,0,0,0,0,1,0,1,0,259,247,0,32,0.0,0.0,0,0,0.0,0.0,0,0,BruteForce
78,1,1,0,0,0,0,0.0,0.0,0,0,0.0,0.0,0.0,25641.02564,78.0,0.0,78,78,0,0.0,0.0,0,0,0,0.0,0.0,0,0,0,0,0,0,32,32,12820.51282,12820.51282,0,0,0.0,0.0,0.0,0,0,0,0,1,1,0,0,1,0.0,0.0,0.0,32,0,0,0,0,0,0,1,0,1,0,259,247,0,32,0.0,0.0,0,0,0.0,0.0,0,0,BruteForce
13397569,21,32,2024,2745,640,0,96.38095238,140.1821944,976,0,85.78125,220.240592,355.9600999,3.955941559,257645.5577,694686.9805,2528313,3,11300000,564465.8,994003.4119,2601140,326,13400000,432176.129,861715.6568,2528313,3,0,0,0,0,680,1032,1.567448542,2.388493017,0,976,88.31481481,189.6409541,35963.69147,0,0,0,1,0,0,0,0,1,89.98113208,96.38095238,85.78125,680,0,0,0,0,0,0,21,2024,32,2745,29200,257,16,32,0.0,0.0,0,0,0.0,0.0,0,0,BruteForce
84,1,1,0,0,0,0,0.0,0.0,0,0,0.0,0.0,0.0,23809.52381,84.0,0.0,84,84,0,0.0,0.0,0,0,0,0.0,0.0,0,0,0,0,0,0,32,32,11904.7619,11904.7619,0,0,0.0,0.0,0.0,0,0,0,0,1,1,0,0,1,0.0,0.0,0.0,32,0,0,0,0,0,0,1,0,1,0,259,247,0,32,0.0,0.0,0,0,0.0,0.0,0,0,BruteForce
13276253,21,32,2008,2745,640,0,95.61904762,140.0451628,976,0,85.78125,220.240592,358.00763969999997,3.992090238,255312.5577,690263.3425,2544773,4,11200000,559530.25,986999.3139,2593058,392,13300000,428261.5161,856471.6457,2544773,4,0,0,0,0,680,1032,1.581771604,2.410318634,0,976,88.01851852,189.5902723,35944.47135,0,0,0,1,0,0,0,0,1,89.67924528,95.61904762,85.78125,680,0,0,0,0,0,0,21,2008,32,2745,29200,247,16,32,0.0,0.0,0,0,0.0,0.0,0,0,BruteForce
68,1,1,0,0,0,0,0.0,0.0,0,0,0.0,0.0,0.0,29411.764710000003,68.0,0.0,68,68,0,0.0,0.0,0,0,0,0.0,0.0,0,0,0,0,0,0,32,32,14705.88235,14705.88235,0,0,0.0,0.0,0.0,0,0,0,0,1,1,0,0,1,0.0,0.0,0.0,32,0,0,0,0,0,0,1,0,1,0,259,247,0,32,0.0,0.0,0,0,0.0,0.0,0,0,BruteForce
74,1,1,0,0,0,0,0.0,0.0,0,0,0.0,0.0,0.0,27027.02703,74.0,0.0,74,74,0,0.0,0.0,0,0,0,0.0,0.0,0,0,0,0,0,0,32,32,13513.51351,13513.51351,0,0,0.0,0.0,0.0,0,0,0,0,1,1,0,0,1,0.0,0.0,0.0,32,0,0,0,0,0,0,1,0,1,0,259,247,0,32,0.0,0.0,0,0,0.0,0.0,0,0,BruteForce
13489724,21,32,2008,2745,640,0,95.61904762,140.0451628,976,0,85.78125,220.240592,352.34227180000005,3.928916559,259417.7692,700606.8556,2538707,3,11200000,560874.5,989232.3683,2616772,316,13500000,435148.0323,869202.3115,2538707,3,0,0,0,0,680,1032,1.5567405230000002,2.372176036,0,976,88.01851852,189.5902723,35944.47135,0,0,0,1,0,0,0,0,1,89.67924528,95.61904762,85.78125,680,0,0,0,0,0,0,21,2008,32,2745,29200,247,16,32,0.0,0.0,0,0,0.0,0.0,0,0,BruteForce
13360560,23,32,2008,2745,640,0,87.30434783,136.3399611,976,0,85.78125,220.240592,355.74856139999997,4.116593915,247417.7778,679269.9872,2535598,4,11500000,522962.0,972953.4851,2601422,519,13400000,430981.4194,856494.6539,2535598,4,0,0,0,0,744,1032,1.721484728,2.395109187,0,976,84.875,186.8396554,34909.05682,0,0,0,1,0,0,0,0,1,86.41818182,87.30434783,85.78125,744,0,0,0,0,0,0,23,2008,32,2745,29200,247,16,32,0.0,0.0,0,0,0.0,0.0,0,0,BruteForce
13330054,21,32,2008,2745,640,0,95.61904762,140.0451628,976,0,85.78125,220.240592,356.5626966,3.975977892,256347.1923,688329.647,2302333,4,11200000,558131.25,980822.5166,2373516,330,13300000,429998.7419,853457.3477,2302333,4,0,0,0,0,680,1032,1.575387467,2.400590425,0,976,88.01851852,189.5902723,35944.47135,0,0,0,1,0,0,0,0,1,89.67924528,95.61904762,85.78125,680,0,0,0,0,0,0,21,2008,32,2745,29200,247,16,32,0.0,0.0,0,0,0.0,0.0,0,0,BruteForce
72,1,1,0,0,0,0,0.0,0.0,0,0,0.0,0.0,0.0,27777.77778,72.0,0.0,72,72,0,0.0,0.0,0,0,0,0.0,0.0,0,0,0,0,0,0,32,32,13888.88889,13888.88889,0,0,0.0,0.0,0.0,0,0,0,0,1,1,0,0,1,0.0,0.0,0.0,32,0,0,0,0,0,0,1,0,1,0,259,247,0,32,0.0,0.0,0,0,0.0,0.0,0,0,BruteForce
74,1,1,0,0,0,0,0.0,0.0,0,0,0.0,0.0,0.0,27027.02703,74.0,0.0,74,74,0,0.0,0.0,0,0,0,0.0,0.0,0,0,0,0,0,0,32,32,13513.51351,13513.51351,0,0,0.0,0.0,0.0,0,0,0,0,1,1,0,0,1,0.0,0.0,0.0,32,0,0,0,0,0,0,1,0,1,0,259,247,0,32,0.0,0.0,0,0,0.0,0.0,0,0,BruteForce
57,1,1,0,0,0,0,0.0,0.0,0,0,0.0,0.0,0.0,35087.7193,57.0,0.0,57,57,0,0.0,0.0,0,0,0,0.0,0.0,0,0,0,0,0,0,32,32,17543.85965,17543.85965,0,0,0.0,0.0,0.0,0,0,0,0,1,1,0,0,1,0.0,0.0,0.0,32,0,0,0,0,0,0,1,0,1,0,259,247,0,32,0.0,0.0,0,0,0.0,0.0,0,0,BruteForce
73,1,1,0,0,0,0,0.0,0.0,0,0,0.0,0.0,0.0,27397.26027,73.0,0.0,73,73,0,0.0,0.0,0,0,0,0.0,0.0,0,0,0,0,0,0,32,32,13698.63014,13698.63014,0,0,0.0,0.0,0.0,0,0,0,0,1,1,0,0,1,0.0,0.0,0.0,32,0,0,0,0,0,0,1,0,1,0,259,247,0,32,0.0,0.0,0,0,0.0,0.0,0,0,BruteForce
13290619,21,32,2008,2745,640,0,95.61904762,140.0451628,976,0,85.78125,220.240592,357.6206646,3.987775137,255588.8269,688726.3849,2318916,4,11000000,548174.6,960303.5946,2364610,322,13300000,428725.7097,854268.1231,2318916,4,0,0,0,0,680,1032,1.580061847,2.40771329,0,976,88.01851852,189.5902723,35944.47135,0,0,0,1,0,0,0,0,1,89.67924528,95.61904762,85.78125,680,0,0,0,0,0,0,21,2008,32,2745,29200,247,16,32,0.0,0.0,0,0,0.0,0.0,0,0,BruteForce
12986173,21,32,2008,2745,640,0,95.61904762,140.0451628,976,0,85.78125,220.240592,366.0046728,4.0812639719999995,249734.0962,671246.5055,2287253,3,10700000,532743.05,934900.4907,2335872,333,13000000,418904.4194,832365.8609999998,2287253,3,0,0,0,0,680,1032,1.617104593,2.4641593790000003,0,976,88.01851852,189.5902723,35944.47135,0,0,0,1,0,0,0,0,1,89.67924528,95.61904762,85.78125,680,0,0,0,0,0,0,21,2008,32,2745,29200,247,16,32,0.0,0.0,0,0,0.0,0.0,0,0,BruteForce
12410420,21,32,2008,2745,640,0,95.61904762,140.0451628,976,0,85.78125,220.240592,382.984621,4.270604863,238661.9231,642613.7407,2259436,3,10100000,505371.05,890903.3237,2228864,471,12400000,400331.5484,797015.0453,2259436,3,0,0,0,0,680,1032,1.692126455,2.578478408,0,976,88.01851852,189.5902723,35944.47135,0,0,0,1,0,0,0,0,1,89.67924528,95.61904762,85.78125,680,0,0,0,0,0,0,21,2008,32,2745,29200,247,16,32,0.0,0.0,0,0,0.0,0.0,0,0,BruteForce
83,1,1,0,0,0,0,0.0,0.0,0,0,0.0,0.0,0.0,24096.38554,83.0,0.0,83,83,0,0.0,0.0,0,0,0,0.0,0.0,0,0,0,0,0,0,32,32,12048.19277,12048.19277,0,0,0.0,0.0,0.0,0,0,0,0,1,1,0,0,1,0.0,0.0,0.0,32,0,0,0,0,0,0,1,0,1,0,259,247,0,32,0.0,0.0,0,0,0.0,0.0,0,0,BruteForce
74,1,1,0,0,0,0,0.0,0.0,0,0,0.0,0.0,0.0,27027.02703,74.0,0.0,74,74,0,0.0,0.0,0,0,0,0.0,0.0,0,0,0,0,0,0,32,32,13513.51351,13513.51351,0,0,0.0,0.0,0.0,0,0,0,0,1,1,0,0,1,0.0,0.0,0.0,32,0,0,0,0,0,0,1,0,1,0,259,247,0,32,0.0,0.0,0,0,0.0,0.0,0,0,BruteForce
74,1,1,0,0,0,0,0.0,0.0,0,0,0.0,0.0,0.0,27027.02703,74.0,0.0,74,74,0,0.0,0.0,0,0,0,0.0,0.0,0,0,0,0,0,0,32,32,13513.51351,13513.51351,0,0,0.0,0.0,0.0,0,0,0,0,1,1,0,0,1,0.0,0.0,0.0,32,0,0,0,0,0,0,1,0,1,0,259,247,0,32,0.0,0.0,0,0,0.0,0.0,0,0,BruteForce
12672742,19,31,2008,2745,640,0,105.6842105,143.76719319999995,976,0,88.5483871,223.315,375.05695289999994,3.945476046000001,258627.3878,674766.7576,2303359,3,10600000,586956.0,968182.475,2364568,369,12700000,422420.6333,825931.6051,2303359,3,0,0,0,0,616,1000,1.499280898,2.446195149,0,976,93.19607843,193.9302988,37608.96078,0,0,0,1,0,0,0,0,1,95.06,105.6842105,88.5483871,616,0,0,0,0,0,0,19,2008,31,2745,29200,247,16,32,0.0,0.0,0,0,0.0,0.0,0,0,BruteForce
13195754,21,32,2008,2745,640,0,95.61904762,140.0451628,976,0,85.78125,220.240592,360.1916192,4.0164434710000005,253764.5,683580.9977,2430798,3,11200000,558281.6,979878.344,2501265,498,13200000,425666.3226,847857.2791,2430798,3,0,0,0,0,680,1032,1.591420998,2.4250224730000003,0,976,88.01851852,189.5902723,35944.47135,0,0,0,1,0,0,0,0,1,89.67924528,95.61904762,85.78125,680,0,0,0,0,0,0,21,2008,32,2745,29200,247,16,32,0.0,0.0,0,0,0.0,0.0,0,0,BruteForce
13284602,21,32,2008,2745,640,0,95.61904762,140.0451628,976,0,85.78125,220.240592,357.7826419,3.989581321,255473.1154,686899.4687,2303792,3,11200000,559948.35,981222.2031,2369693,313,13300000,428531.3548,851804.3235,2303792,3,0,0,0,0,680,1032,1.580777505,2.408803817,0,976,88.01851852,189.5902723,35944.47135,0,0,0,1,0,0,0,0,1,89.67924528,95.61904762,85.78125,680,0,0,0,0,0,0,21,2008,32,2745,29200,247,16,32,0.0,0.0,0,0,0.0,0.0,0,0,BruteForce
59,1,1,0,0,0,0,0.0,0.0,0,0,0.0,0.0,0.0,33898.30508,59.0,0.0,59,59,0,0.0,0.0,0,0,0,0.0,0.0,0,0,0,0,0,0,32,32,16949.15254,16949.15254,0,0,0.0,0.0,0.0,0,0,0,0,1,1,0,0,1,0.0,0.0,0.0,32,0,0,0,0,0,0,1,0,1,0,259,247,0,32,0.0,0.0,0,0,0.0,0.0,0,0,BruteForce
107,1,1,0,0,0,0,0.0,0.0,0,0,0.0,0.0,0.0,18691.58879,107.0,0.0,107,107,0,0.0,0.0,0,0,0,0.0,0.0,0,0,0,0,0,0,32,32,9345.794393,9345.794393,0,0,0.0,0.0,0.0,0,0,0,0,1,1,0,0,1,0.0,0.0,0.0,32,0,0,0,0,0,0,1,0,1,0,259,247,0,32,0.0,0.0,0,0,0.0,0.0,0,0,BruteForce
86,1,1,0,0,0,0,0.0,0.0,0,0,0.0,0.0,0.0,23255.81395,86.0,0.0,86,86,0,0.0,0.0,0,0,0,0.0,0.0,0,0,0,0,0,0,32,32,11627.90698,11627.90698,0,0,0.0,0.0,0.0,0,0,0,0,1,1,0,0,1,0.0,0.0,0.0,32,0,0,0,0,0,0,1,0,1,0,259,247,0,32,0.0,0.0,0,0,0.0,0.0,0,0,BruteForce
77,1,1,0,0,0,0,0.0,0.0,0,0,0.0,0.0,0.0,25974.02597,77.0,0.0,77,77,0,0.0,0.0,0,0,0,0.0,0.0,0,0,0,0,0,0,32,32,12987.01299,12987.01299,0,0,0.0,0.0,0.0,0,0,0,0,1,1,0,0,1,0.0,0.0,0.0,32,0,0,0,0,0,0,1,0,1,0,259,247,0,32,0.0,0.0,0,0,0.0,0.0,0,0,BruteForce
65,1,1,0,0,0,0,0.0,0.0,0,0,0.0,0.0,0.0,30769.23077,65.0,0.0,65,65,0,0.0,0.0,0,0,0,0.0,0.0,0,0,0,0,0,0,32,32,15384.61538,15384.61538,0,0,0.0,0.0,0.0,0,0,0,0,1,1,0,0,1,0.0,0.0,0.0,32,0,0,0,0,0,0,1,0,1,0,259,247,0,32,0.0,0.0,0,0,0.0,0.0,0,0,BruteForce
44,1,1,0,0,0,0,0.0,0.0,0,0,0.0,0.0,0.0,45454.54545,44.0,0.0,44,44,0,0.0,0.0,0,0,0,0.0,0.0,0,0,0,0,0,0,32,32,22727.27273,22727.27273,0,0,0.0,0.0,0.0,0,0,0,0,1,1,0,0,1,0.0,0.0,0.0,32,0,0,0,0,0,0,1,0,1,0,259,247,0,32,0.0,0.0,0,0,0.0,0.0,0,0,BruteForce
11832391,21,32,2008,2745,640,0,95.61904762,140.0451628,976,0,85.78125,220.240592,401.6939602,4.4792299380000005,227545.9808,613198.7131,2224210,3,9865156,493257.8,868470.0343,2282188,487,11800000,381686.5806,760609.7637,2224210,3,0,0,0,0,680,1032,1.774789221,2.704440717,0,976,88.01851852,189.5902723,35944.47135,0,0,0,1,0,0,0,0,1,89.67924528,95.61904762,85.78125,680,0,0,0,0,0,0,21,2008,32,2745,29200,247,16,32,0.0,0.0,0,0,0.0,0.0,0,0,BruteForce
81,1,1,0,0,0,0,0.0,0.0,0,0,0.0,0.0,0.0,24691.35802,81.0,0.0,81,81,0,0.0,0.0,0,0,0,0.0,0.0,0,0,0,0,0,0,32,32,12345.67901,12345.67901,0,0,0.0,0.0,0.0,0,0,0,0,1,1,0,0,1,0.0,0.0,0.0,32,0,0,0,0,0,0,1,0,1,0,259,247,0,32,0.0,0.0,0,0,0.0,0.0,0,0,BruteForce
11797398,21,32,2008,2745,640,0,95.61904762,140.0451628,976,0,85.78125,220.240592,402.8854498,4.492516062,226873.0385,624252.8926,2492303,3,10300000,515109.9,924098.4993,2551883,324,11800000,380557.8387,775971.4048,2492303,3,0,0,0,0,680,1032,1.780053534,2.712462528,0,976,88.01851852,189.5902723,35944.47135,0,0,0,1,0,0,0,0,1,89.67924528,95.61904762,85.78125,680,0,0,0,0,0,0,21,2008,32,2745,29200,247,16,32,0.0,0.0,0,0,0.0,0.0,0,0,BruteForce
72,1,1,0,0,0,0,0.0,0.0,0,0,0.0,0.0,0.0,27777.77778,72.0,0.0,72,72,0,0.0,0.0,0,0,0,0.0,0.0,0,0,0,0,0,0,32,32,13888.88889,13888.88889,0,0,0.0,0.0,0.0,0,0,0,0,1,1,0,0,1,0.0,0.0,0.0,32,0,0,0,0,0,0,1,0,1,0,259,247,0,32,0.0,0.0,0,0,0.0,0.0,0,0,BruteForce
11722357,25,32,2008,2745,640,0,80.32,132.7550125,976,0,85.78125,220.240592,405.46453239999994,4.8625033339999995,209327.8036,591383.1357,2344450,3,9968970,415373.75,828994.2506,2388890,4,11700000,378136.6774,758512.5478,2344450,3,0,0,0,0,808,1032,2.132676901,2.729826433,0,976,81.94827586,184.19616,33928.22535,0,0,0,1,0,0,0,0,1,83.38596491,80.32,85.78125,808,0,0,0,0,0,0,25,2008,32,2745,29200,247,16,32,0.0,0.0,0,0,0.0,0.0,0,0,BruteForce
64,1,1,0,0,0,0,0.0,0.0,0,0,0.0,0.0,0.0,31250.0,64.0,0.0,64,64,0,0.0,0.0,0,0,0,0.0,0.0,0,0,0,0,0,0,32,32,15625.0,15625.0,0,0,0.0,0.0,0.0,0,0,0,0,1,1,0,0,1,0.0,0.0,0.0,32,0,0,0,0,0,0,1,0,1,0,259,247,0,32,0.0,0.0,0,0,0.0,0.0,0,0,BruteForce
84,1,1,0,0,0,0,0.0,0.0,0,0,0.0,0.0,0.0,23809.52381,84.0,0.0,84,84,0,0.0,0.0,0,0,0,0.0,0.0,0,0,0,0,0,0,32,32,11904.7619,11904.7619,0,0,0.0,0.0,0.0,0,0,0,0,1,1,0,0,1,0.0,0.0,0.0,32,0,0,0,0,0,0,1,0,1,0,259,247,0,32,0.0,0.0,0,0,0.0,0.0,0,0,BruteForce
65,1,1,0,0,0,0,0.0,0.0,0,0,0.0,0.0,0.0,30769.23077,65.0,0.0,65,65,0,0.0,0.0,0,0,0,0.0,0.0,0,0,0,0,0,0,32,32,15384.61538,15384.61538,0,0,0.0,0.0,0.0,0,0,0,0,1,1,0,0,1,0.0,0.0,0.0,32,0,0,0,0,0,0,1,0,1,0,259,247,0,32,0.0,0.0,0,0,0.0,0.0,0,0,BruteForce
58,1,1,0,0,0,0,0.0,0.0,0,0,0.0,0.0,0.0,34482.75862,58.0,0.0,58,58,0,0.0,0.0,0,0,0,0.0,0.0,0,0,0,0,0,0,32,32,17241.37931,17241.37931,0,0,0.0,0.0,0.0,0,0,0,0,1,1,0,0,1,0.0,0.0,0.0,32,0,0,0,0,0,0,1,0,1,0,259,247,0,32,0.0,0.0,0,0,0.0,0.0,0,0,BruteForce
85,1,1,0,0,0,0,0.0,0.0,0,0,0.0,0.0,0.0,23529.41176,85.0,0.0,85,85,0,0.0,0.0,0,0,0,0.0,0.0,0,0,0,0,0,0,32,32,11764.70588,11764.70588,0,0,0.0,0.0,0.0,0,0,0,0,1,1,0,0,1,0.0,0.0,0.0,32,0,0,0,0,0,0,1,0,1,0,259,247,0,32,0.0,0.0,0,0,0.0,0.0,0,0,BruteForce
11792015,20,33,2008,2745,640,0,100.4,141.91413269999995,976,0,83.18181818,217.2857356,403.0693652,4.494566873999999,226769.5192,612156.1332,2232983,4,10300000,542731.9474,924005.9859,2307617,664,11800000,368496.4062,750159.2579999998,2232983,4,0,0,0,0,648,1064,1.696062971,2.7985039030000003,0,976,88.01851852,189.5902723,35944.47135,0,0,0,1,0,0,0,0,1,89.67924528,100.4,83.18181818,648,0,0,0,0,0,0,20,2008,33,2745,29200,247,16,32,0.0,0.0,0,0,0.0,0.0,0,0,BruteForce
43,1,1,0,0,0,0,0.0,0.0,0,0,0.0,0.0,0.0,46511.62791,43.0,0.0,43,43,0,0.0,0.0,0,0,0,0.0,0.0,0,0,0,0,0,0,32,32,23255.81395,23255.81395,0,0,0.0,0.0,0.0,0,0,0,0,1,1,0,0,1,0.0,0.0,0.0,32,0,0,0,0,0,0,1,0,1,0,259,247,0,32,0.0,0.0,0,0,0.0,0.0,0,0,BruteForce
73,1,1,0,0,0,0,0.0,0.0,0,0,0.0,0.0,0.0,27397.26027,73.0,0.0,73,73,0,0.0,0.0,0,0,0,0.0,0.0,0,0,0,0,0,0,32,32,13698.63014,13698.63014,0,0,0.0,0.0,0.0,0,0,0,0,1,1,0,0,1,0.0,0.0,0.0,32,0,0,0,0,0,0,1,0,1,0,259,247,0,32,0.0,0.0,0,0,0.0,0.0,0,0,BruteForce
11617126,21,31,2008,2745,640,0,95.61904762,140.0451628,976,0,88.5483871,223.315,409.1373374,4.476150125,227786.7843,608468.6003,2210208,4,9363910,468195.5,823953.8972,2021168,540,11600000,387233.6667,758003.0207,2210208,4,0,0,0,0,680,1000,1.807676012,2.6684741130000003,0,976,89.67924528,191.0076291,36483.91437,0,0,0,1,0,0,0,0,1,91.40384615,95.61904762,88.5483871,680,0,0,0,0,0,0,21,2008,31,2745,29200,247,16,32,0.0,0.0,0,0,0.0,0.0,0,0,BruteForce
12200757,21,32,2008,2745,640,0,95.61904762,140.0451628,976,0,85.78125,220.240592,389.5659917,4.343992753999999,234629.9423,635040.1764,2381069,3,10200000,511412.95,907252.2155,2433037,332,12200000,393568.5161,788048.6884,2381069,3,0,0,0,0,680,1032,1.721204676,2.622788078,0,976,88.01851852,189.5902723,35944.47135,0,0,0,1,0,0,0,0,1,89.67924528,95.61904762,85.78125,680,0,0,0,0,0,0,21,2008,32,2745,29200,247,16,32,0.0,0.0,0,0,0.0,0.0,0,0,BruteForce
69,1,1,0,0,0,0,0.0,0.0,0,0,0.0,0.0,0.0,28985.50725,69.0,0.0,69,69,0,0.0,0.0,0,0,0,0.0,0.0,0,0,0,0,0,0,32,32,14492.75362,14492.75362,0,0,0.0,0.0,0.0,0,0,0,0,1,1,0,0,1,0.0,0.0,0.0,32,0,0,0,0,0,0,1,0,1,0,259,247,0,32,0.0,0.0,0,0,0.0,0.0,0,0,BruteForce
76,1,1,0,0,0,0,0.0,0.0,0,0,0.0,0.0,0.0,26315.78947,76.0,0.0,76,76,0,0.0,0.0,0,0,0,0.0,0.0,0,0,0,0,0,0,32,32,13157.89474,13157.89474,0,0,0.0,0.0,0.0,0,0,0,0,1,1,0,0,1,0.0,0.0,0.0,32,0,0,0,0,0,0,1,0,1,0,259,247,0,32,0.0,0.0,0,0,0.0,0.0,0,0,BruteForce
11584764,21,32,2008,2745,640,0,95.61904762,140.0451628,976,0,85.78125,220.240592,410.2802612,4.57497451,222783.9231,599181.261,2167794,4,9775425,488771.25,859324.5969,2215578,498,11600000,373697.9355,743067.6233,2167794,4,0,0,0,0,680,1032,1.812725749,2.7622487610000004,0,976,88.01851852,189.5902723,35944.47135,0,0,0,1,0,0,0,0,1,89.67924528,95.61904762,85.78125,680,0,0,0,0,0,0,21,2008,32,2745,29200,247,16,32,0.0,0.0,0,0,0.0,0.0,0,0,BruteForce
78,1,1,0,0,0,0,0.0,0.0,0,0,0.0,0.0,0.0,25641.02564,78.0,0.0,78,78,0,0.0,0.0,0,0,0,0.0,0.0,0,0,0,0,0,0,32,32,12820.51282,12820.51282,0,0,0.0,0.0,0.0,0,0,0,0,1,1,0,0,1,0.0,0.0,0.0,32,0,0,0,0,0,0,1,0,1,0,259,247,0,32,0.0,0.0,0,0,0.0,0.0,0,0,BruteForce
73,1,1,0,0,0,0,0.0,0.0,0,0,0.0,0.0,0.0,27397.26027,73.0,0.0,73,73,0,0.0,0.0,0,0,0,0.0,0.0,0,0,0,0,0,0,32,32,13698.63014,13698.63014,0,0,0.0,0.0,0.0,0,0,0,0,1,1,0,0,1,0.0,0.0,0.0,32,0,0,0,0,0,0,1,0,1,0,259,247,0,32,0.0,0.0,0,0,0.0,0.0,0,0,BruteForce
11645315,19,31,2008,2745,640,0,105.6842105,143.76719319999995,976,0,88.5483871,223.315,408.1469673,4.293572136,237659.4898,622838.8093,2179860,3,9479560,526642.2222,875051.8716,2248112,258,11600000,388172.9667,762739.2821,2179860,3,0,0,0,0,616,1000,1.6315574119999998,2.662014724,0,976,93.19607843,193.9302988,37608.96078,0,0,0,1,0,0,0,0,1,95.06,105.6842105,88.5483871,616,0,0,0,0,0,0,19,2008,31,2745,29200,247,16,32,0.0,0.0,0,0,0.0,0.0,0,0,BruteForce
84,1,1,0,0,0,0,0.0,0.0,0,0,0.0,0.0,0.0,23809.52381,84.0,0.0,84,84,0,0.0,0.0,0,0,0,0.0,0.0,0,0,0,0,0,0,32,32,11904.7619,11904.7619,0,0,0.0,0.0,0.0,0,0,0,0,1,1,0,0,1,0.0,0.0,0.0,32,0,0,0,0,0,0,1,0,1,0,259,257,0,32,0.0,0.0,0,0,0.0,0.0,0,0,BruteForce
73,1,1,0,0,0,0,0.0,0.0,0,0,0.0,0.0,0.0,27397.26027,73.0,0.0,73,73,0,0.0,0.0,0,0,0,0.0,0.0,0,0,0,0,0,0,32,32,13698.63014,13698.63014,0,0,0.0,0.0,0.0,0,0,0,0,1,1,0,0,1,0.0,0.0,0.0,32,0,0,0,0,0,0,1,0,1,0,259,257,0,32,0.0,0.0,0,0,0.0,0.0,0,0,BruteForce
74,1,1,0,0,0,0,0.0,0.0,0,0,0.0,0.0,0.0,27027.02703,74.0,0.0,74,74,0,0.0,0.0,0,0,0,0.0,0.0,0,0,0,0,0,0,32,32,13513.51351,13513.51351,0,0,0.0,0.0,0.0,0,0,0,0,1,1,0,0,1,0.0,0.0,0.0,32,0,0,0,0,0,0,1,0,1,0,259,247,0,32,0.0,0.0,0,0,0.0,0.0,0,0,BruteForce
72,1,1,0,0,0,0,0.0,0.0,0,0,0.0,0.0,0.0,27777.77778,72.0,0.0,72,72,0,0.0,0.0,0,0,0,0.0,0.0,0,0,0,0,0,0,32,32,13888.88889,13888.88889,0,0,0.0,0.0,0.0,0,0,0,0,1,1,0,0,1,0.0,0.0,0.0,32,0,0,0,0,0,0,1,0,1,0,259,247,0,32,0.0,0.0,0,0,0.0,0.0,0,0,BruteForce
76,1,1,0,0,0,0,0.0,0.0,0,0,0.0,0.0,0.0,26315.78947,76.0,0.0,76,76,0,0.0,0.0,0,0,0,0.0,0.0,0,0,0,0,0,0,32,32,13157.89474,13157.89474,0,0,0.0,0.0,0.0,0,0,0,0,1,1,0,0,1,0.0,0.0,0.0,32,0,0,0,0,0,0,1,0,1,0,259,247,0,32,0.0,0.0,0,0,0.0,0.0,0,0,BruteForce
72,1,1,0,0,0,0,0.0,0.0,0,0,0.0,0.0,0.0,27777.77778,72.0,0.0,72,72,0,0.0,0.0,0,0,0,0.0,0.0,0,0,0,0,0,0,32,32,13888.88889,13888.88889,0,0,0.0,0.0,0.0,0,0,0,0,1,1,0,0,1,0.0,0.0,0.0,32,0,0,0,0,0,0,1,0,1,0,259,247,0,32,0.0,0.0,0,0,0.0,0.0,0,0,BruteForce
11633353,22,32,2008,2745,640,0,91.27272727,138.1821372,976,0,85.78125,220.240592,408.5666445,4.641825964,219497.2264,603690.7497,2260298,4,9329347,444254.619,811665.0373,2212323,404,11600000,375268.6774,755939.566,2260298,4,0,0,0,0,712,1032,1.891114281,2.750711682,0,976,86.41818182,188.2012015,35419.69226,0,0,0,1,0,0,0,0,1,88.01851852,91.27272727,85.78125,712,0,0,0,0,0,0,22,2008,32,2745,29200,247,16,32,0.0,0.0,0,0,0.0,0.0,0,0,BruteForce
11035494,21,32,2008,2745,640,0,95.61904762,140.0451628,976,0,85.78125,220.240592,430.7011539,4.802684864,212221.0385,579322.2874,2279591,0,9143647,457182.35,822602.4678,2337355,337,11000000,355978.4516,719552.4758,2279591,0,0,0,0,0,680,1032,1.902950606,2.899734257,0,976,88.01851852,189.5902723,35944.47135,0,0,0,1,0,0,0,0,1,89.67924528,95.61904762,85.78125,680,0,0,0,0,0,0,21,2008,32,2745,29200,247,16,32,0.0,0.0,0,0,0.0,0.0,0,0,BruteForce
74,1,1,0,0,0,0,0.0,0.0,0,0,0.0,0.0,0.0,27027.02703,74.0,0.0,74,74,0,0.0,0.0,0,0,0,0.0,0.0,0,0,0,0,0,0,32,32,13513.51351,13513.51351,0,0,0.0,0.0,0.0,0,0,0,0,1,1,0,0,1,0.0,0.0,0.0,32,0,0,0,0,0,0,1,0,1,0,259,247,0,32,0.0,0.0,0,0,0.0,0.0,0,0,BruteForce
10848349,21,32,2024,2745,640,0,96.38095238,140.1821944,976,0,85.78125,220.240592,439.6060636,4.885536039,208622.0962,571072.9214,2292038,2,8903044,445152.2,801104.3746,2351775,422,10800000,349944.1613,709510.5346,2292038,2,0,0,0,0,680,1032,1.93577843,2.949757608,0,976,88.31481481,189.6409541,35963.69147,0,0,0,1,0,0,0,0,1,89.98113208,96.38095238,85.78125,680,0,0,0,0,0,0,21,2024,32,2745,29200,257,16,32,0.0,0.0,0,0,0.0,0.0,0,0,BruteForce
67,1,1,0,0,0,0,0.0,0.0,0,0,0.0,0.0,0.0,29850.74627,67.0,0.0,67,67,0,0.0,0.0,0,0,0,0.0,0.0,0,0,0,0,0,0,32,32,14925.373130000002,14925.373130000002,0,0,0.0,0.0,0.0,0,0,0,0,1,1,0,0,1,0.0,0.0,0.0,32,0,0,0,0,0,0,1,0,1,0,259,247,0,32,0.0,0.0,0,0,0.0,0.0,0,0,BruteForce
11378423,21,32,2008,2745,640,0,95.61904762,140.0451628,976,0,85.78125,220.240592,417.7204521000001,4.657938978,218815.8269,595076.7161,2296130,4,10100000,505968.65,893367.2249,2371646,481,11400000,367041.7742,738827.7274,2296130,4,0,0,0,0,680,1032,1.845598463,2.812340515,0,976,88.01851852,189.5902723,35944.47135,0,0,0,1,0,0,0,0,1,89.67924528,95.61904762,85.78125,680,0,0,0,0,0,0,21,2008,32,2745,29200,247,16,32,0.0,0.0,0,0,0.0,0.0,0,0,BruteForce
11758102,22,32,2008,2745,640,0,91.27272727,138.1821372,976,0,85.78125,220.240592,404.2319075,4.592577952,221850.9811,602720.8119,2296362,3,9418917,448519.8571,804509.8571,2164553,382,11800000,379289.1613,753794.105,2296362,3,0,0,0,0,712,1032,1.871050277,2.721527675,0,976,86.41818182,188.2012015,35419.69226,0,0,0,1,0,0,0,0,1,88.01851852,91.27272727,85.78125,712,0,0,0,0,0,0,22,2008,32,2745,29200,247,16,32,0.0,0.0,0,0,0.0,0.0,0,0,BruteForce
11788562,21,33,2008,2745,640,0,95.61904762,140.0451628,976,0,83.18181818,217.2857356,403.1874286,4.5807113710000005,222425.6981,603258.2763,2304057,4,10100000,503925.8,883526.5267,2361277,4,11800000,368388.5,745060.5221,2304057,4,0,0,0,0,680,1064,1.781387755,2.799323616,0,976,86.41818182,188.2012015,35419.69226,0,0,0,1,0,0,0,0,1,88.01851852,95.61904762,83.18181818,680,0,0,0,0,0,0,21,2008,33,2745,29200,247,16,32,0.0,0.0,0,0,0.0,0.0,0,0,BruteForce
11773634,21,33,2008,2745,640,0,95.61904762,140.0451628,976,0,83.18181818,217.2857356,403.6986371,4.586519336,222144.0377,599582.1167,2312744,3,10200000,508060.75,888974.8609,2370662,808,11800000,367921.6563,740226.0558,2312744,3,0,0,0,0,680,1064,1.7836464090000002,2.802872928,0,976,86.41818182,188.2012015,35419.69226,0,0,0,1,0,0,0,0,1,88.01851852,95.61904762,83.18181818,680,0,0,0,0,0,0,21,2008,33,2745,29200,247,16,32,0.0,0.0,0,0,0.0,0.0,0,0,BruteForce
95,1,1,0,0,0,0,0.0,0.0,0,0,0.0,0.0,0.0,21052.63158,95.0,0.0,95,95,0,0.0,0.0,0,0,0,0.0,0.0,0,0,0,0,0,0,32,32,10526.31579,10526.31579,0,0,0.0,0.0,0.0,0,0,0,0,1,1,0,0,1,0.0,0.0,0.0,32,0,0,0,0,0,0,1,0,1,0,259,247,0,32,0.0,0.0,0,0,0.0,0.0,0,0,BruteForce
11460942,21,32,2008,2745,640,0,95.61904762,140.0451628,976,0,85.78125,220.240592,414.7128569,4.624401729,220402.7308,589523.2356,2140218,4,9280574,464028.7,810298.2645,1959138,512,11500000,369703.3226,730738.0648,2140218,4,0,0,0,0,680,1032,1.832310119,2.79209161,0,976,88.01851852,189.5902723,35944.47135,0,0,0,1,0,0,0,0,1,89.67924528,95.61904762,85.78125,680,0,0,0,0,0,0,21,2008,32,2745,29200,247,16,32,0.0,0.0,0,0,0.0,0.0,0,0,BruteForce
84,1,1,0,0,0,0,0.0,0.0,0,0,0.0,0.0,0.0,23809.52381,84.0,0.0,84,84,0,0.0,0.0,0,0,0,0.0,0.0,0,0,0,0,0,0,32,32,11904.7619,11904.7619,0,0,0.0,0.0,0.0,0,0,0,0,1,1,0,0,1,0.0,0.0,0.0,32,0,0,0,0,0,0,1,0,1,0,259,247,0,32,0.0,0.0,0,0,0.0,0.0,0,0,BruteForce
77,1,1,0,0,0,0,0.0,0.0,0,0,0.0,0.0,0.0,25974.02597,77.0,0.0,77,77,0,0.0,0.0,0,0,0,0.0,0.0,0,0,0,0,0,0,32,32,12987.01299,12987.01299,0,0,0.0,0.0,0.0,0,0,0,0,1,1,0,0,1,0.0,0.0,0.0,32,0,0,0,0,0,0,1,0,1,0,259,247,0,32,0.0,0.0,0,0,0.0,0.0,0,0,BruteForce
86,1,1,0,0,0,0,0.0,0.0,0,0,0.0,0.0,0.0,23255.81395,86.0,0.0,86,86,0,0.0,0.0,0,0,0,0.0,0.0,0,0,0,0,0,0,32,32,11627.90698,11627.90698,0,0,0.0,0.0,0.0,0,0,0,0,1,1,0,0,1,0.0,0.0,0.0,32,0,0,0,0,0,0,1,0,1,0,259,247,0,32,0.0,0.0,0,0,0.0,0.0,0,0,BruteForce
11621998,21,32,2008,2745,640,0,95.61904762,140.0451628,976,0,85.78125,220.240592,408.965825,4.560317426,223499.9615,595840.3267,2045036,3,9645654,482282.7,843461.8815,2120661,19,11600000,374897.5161,738243.8322,2045036,3,0,0,0,0,680,1032,1.806918225,2.7533992,0,976,88.01851852,189.5902723,35944.47135,0,0,0,1,0,0,0,0,1,89.67924528,95.61904762,85.78125,680,0,0,0,0,0,0,21,2008,32,2745,29200,247,16,32,0.0,0.0,0,0,0.0,0.0,0,0,BruteForce
53,1,1,0,0,0,0,0.0,0.0,0,0,0.0,0.0,0.0,37735.84906,53.0,0.0,53,53,0,0.0,0.0,0,0,0,0.0,0.0,0,0,0,0,0,0,32,32,18867.92453,18867.92453,0,0,0.0,0.0,0.0,0,0,0,0,1,1,0,0,1,0.0,0.0,0.0,32,0,0,0,0,0,0,1,0,1,0,259,247,0,32,0.0,0.0,0,0,0.0,0.0,0,0,BruteForce
92,1,1,0,0,0,0,0.0,0.0,0,0,0.0,0.0,0.0,21739.13043,92.0,0.0,92,92,0,0.0,0.0,0,0,0,0.0,0.0,0,0,0,0,0,0,32,32,10869.56522,10869.56522,0,0,0.0,0.0,0.0,0,0,0,0,1,1,0,0,1,0.0,0.0,0.0,32,0,0,0,0,0,0,1,0,1,0,259,247,0,32,0.0,0.0,0,0,0.0,0.0,0,0,BruteForce
98,1,1,0,0,0,0,0.0,0.0,0,0,0.0,0.0,0.0,20408.163269999997,98.0,0.0,98,98,0,0.0,0.0,0,0,0,0.0,0.0,0,0,0,0,0,0,32,32,10204.08163,10204.08163,0,0,0.0,0.0,0.0,0,0,0,0,1,1,0,0,1,0.0,0.0,0.0,32,0,0,0,0,0,0,1,0,1,0,259,247,0,32,0.0,0.0,0,0,0.0,0.0,0,0,BruteForce
100,1,1,0,0,0,0,0.0,0.0,0,0,0.0,0.0,0.0,20000.0,100.0,0.0,100,100,0,0.0,0.0,0,0,0,0.0,0.0,0,0,0,0,0,0,32,32,10000.0,10000.0,0,0,0.0,0.0,0.0,0,0,0,0,1,1,0,0,1,0.0,0.0,0.0,32,0,0,0,0,0,0,1,0,1,0,259,247,0,32,0.0,0.0,0,0,0.0,0.0,0,0,BruteForce
11455395,22,32,2008,2745,640,0,91.27272727,138.1821372,976,0,85.78125,220.240592,414.9136716999999,4.7139360969999995,216139.5283,585910.6779,2060313,4,9527548,453692.7619,818253.1874,2105177,221,11500000,369525.3871,732549.4820000002,2060313,4,0,0,0,0,712,1032,1.920492484,2.793443613,0,976,86.41818182,188.2012015,35419.69226,0,0,0,1,0,0,0,0,1,88.01851852,91.27272727,85.78125,712,0,0,0,0,0,0,22,2008,32,2745,29200,247,16,32,0.0,0.0,0,0,0.0,0.0,0,0,BruteForce
77,1,1,0,0,0,0,0.0,0.0,0,0,0.0,0.0,0.0,25974.02597,77.0,0.0,77,77,0,0.0,0.0,0,0,0,0.0,0.0,0,0,0,0,0,0,32,32,12987.01299,12987.01299,0,0,0.0,0.0,0.0,0,0,0,0,1,1,0,0,1,0.0,0.0,0.0,32,0,0,0,0,0,0,1,0,1,0,259,247,0,32,0.0,0.0,0,0,0.0,0.0,0,0,BruteForce
39,1,1,0,0,0,0,0.0,0.0,0,0,0.0,0.0,0.0,51282.05128,39.0,0.0,39,39,0,0.0,0.0,0,0,0,0.0,0.0,0,0,0,0,0,0,32,32,25641.02564,25641.02564,0,0,0.0,0.0,0.0,0,0,0,0,1,1,0,0,1,0.0,0.0,0.0,32,0,0,0,0,0,0,1,0,1,0,259,247,0,32,0.0,0.0,0,0,0.0,0.0,0,0,BruteForce
12052409,20,33,2008,2745,640,0,100.4,141.91413269999995,976,0,83.18181818,217.2857356,394.3609946,4.397461122,231777.0962,641229.5548,2883243,3,9774432,514443.7895,911473.349,2958935,493,12100000,376636.2813,787604.1253,2883243,3,0,0,0,0,648,1064,1.659419291,2.73804183,0,976,88.01851852,189.5902723,35944.47135,0,0,0,1,0,0,0,0,1,89.67924528,100.4,83.18181818,648,0,0,0,0,0,0,20,2008,33,2745,29200,247,16,32,0.0,0.0,0,0,0.0,0.0,0,0,BruteForce
12028885,20,33,2008,2745,640,0,100.4,141.91413269999995,976,0,83.18181818,217.2857356,395.1322172,4.406060911,231324.7115,641413.3969,2888264,3,9751611,513242.6842,909825.5786,2956942,352,12000000,375900.0313,787981.6754,2888264,3,0,0,0,0,648,1064,1.662664495,2.7433964160000004,0,976,88.01851852,189.5902723,35944.47135,0,0,0,1,0,0,0,0,1,89.67924528,100.4,83.18181818,648,0,0,0,0,0,0,20,2008,33,2745,29200,247,16,32,0.0,0.0,0,0,0.0,0.0,0,0,BruteForce
50,1,1,0,0,0,0,0.0,0.0,0,0,0.0,0.0,0.0,40000.0,50.0,0.0,50,50,0,0.0,0.0,0,0,0,0.0,0.0,0,0,0,0,0,0,32,32,20000.0,20000.0,0,0,0.0,0.0,0.0,0,0,0,0,1,1,0,0,1,0.0,0.0,0.0,32,0,0,0,0,0,0,1,0,1,0,259,247,0,32,0.0,0.0,0,0,0.0,0.0,0,0,BruteForce
12394028,21,33,2008,2745,640,0,95.61904762,140.0451628,976,0,83.18181818,217.2857356,383.4911459,4.356937067,233849.5849,653139.1654,2881547,4,9468697,473434.85,840736.2259999998,2305473,841,12400000,387308.875,808929.1815,2881547,4,0,0,0,0,680,1064,1.694364415,2.6625726519999997,0,976,86.41818182,188.2012015,35419.69226,0,0,0,1,0,0,0,0,1,88.01851852,95.61904762,83.18181818,680,0,0,0,0,0,0,21,2008,33,2745,29200,247,16,32,0.0,0.0,0,0,0.0,0.0,0,0,BruteForce
101,1,1,0,0,0,0,0.0,0.0,0,0,0.0,0.0,0.0,19801.9802,101.0,0.0,101,101,0,0.0,0.0,0,0,0,0.0,0.0,0,0,0,0,0,0,32,32,9900.990099,9900.990099,0,0,0.0,0.0,0.0,0,0,0,0,1,1,0,0,1,0.0,0.0,0.0,32,0,0,0,0,0,0,1,0,1,0,259,247,0,32,0.0,0.0,0,0,0.0,0.0,0,0,BruteForce
12043463,24,33,2008,2745,640,0,83.66666667,134.5286996,976,0,83.18181818,217.2857356,394.6539297,4.732857983,215061.8393,596008.356,2260165,3,9737368,423363.8261,800558.9394,2102005,16,12000000,376354.4688,753563.4843,2260165,3,0,0,0,0,776,1064,1.992782309,2.740075674,0,976,81.94827586,184.19616,33928.22535,0,0,0,1,0,0,0,0,1,83.38596491,83.66666667,83.18181818,776,0,0,0,0,0,0,24,2008,33,2745,29200,247,16,32,0.0,0.0,0,0,0.0,0.0,0,0,BruteForce
11476786,21,32,2008,2745,640,0,95.61904762,140.0451628,976,0,85.78125,220.240592,414.1403351,4.618017623,220707.4231,595171.9682,2278864,3,9610664,480533.2,849009.6775,2332907,247,11500000,370215.5484,738331.8766,2278864,3,0,0,0,0,680,1032,1.829780567,2.788237055,0,976,88.01851852,189.5902723,35944.47135,0,0,0,1,0,0,0,0,1,89.67924528,95.61904762,85.78125,680,0,0,0,0,0,0,21,2008,32,2745,29200,247,16,32,0.0,0.0,0,0,0.0,0.0,0,0,BruteForce
78,1,1,0,0,0,0,0.0,0.0,0,0,0.0,0.0,0.0,25641.02564,78.0,0.0,78,78,0,0.0,0.0,0,0,0,0.0,0.0,0,0,0,0,0,0,32,32,12820.51282,12820.51282,0,0,0.0,0.0,0.0,0,0,0,0,1,1,0,0,1,0.0,0.0,0.0,32,0,0,0,0,0,0,1,0,1,0,259,247,0,32,0.0,0.0,0,0,0.0,0.0,0,0,BruteForce
12546044,21,32,2008,2745,640,0,95.61904762,140.0451628,976,0,85.78125,220.240592,378.8445186,4.2244391939999995,241270.0769,652249.7636,2276253,3,10700000,533984.2,942028.0019,2334895,326,12500000,404707.0323,809332.0681,2276253,3,0,0,0,0,680,1032,1.673834398,2.550604796,0,976,88.01851852,189.5902723,35944.47135,0,0,0,1,0,0,0,0,1,89.67924528,95.61904762,85.78125,680,0,0,0,0,0,0,21,2008,32,2745,29200,247,16,32,0.0,0.0,0,0,0.0,0.0,0,0,BruteForce
71,1,1,0,0,0,0,0.0,0.0,0,0,0.0,0.0,0.0,28169.01408,71.0,0.0,71,71,0,0.0,0.0,0,0,0,0.0,0.0,0,0,0,0,0,0,32,32,14084.50704,14084.50704,0,0,0.0,0.0,0.0,0,0,0,0,1,1,0,0,1,0.0,0.0,0.0,32,0,0,0,0,0,0,1,0,1,0,259,247,0,32,0.0,0.0,0,0,0.0,0.0,0,0,BruteForce
81,1,1,0,0,0,0,0.0,0.0,0,0,0.0,0.0,0.0,24691.35802,81.0,0.0,81,81,0,0.0,0.0,0,0,0,0.0,0.0,0,0,0,0,0,0,32,32,12345.67901,12345.67901,0,0,0.0,0.0,0.0,0,0,0,0,1,1,0,0,1,0.0,0.0,0.0,32,0,0,0,0,0,0,1,0,1,0,259,247,0,32,0.0,0.0,0,0,0.0,0.0,0,0,BruteForce
94,1,1,0,0,0,0,0.0,0.0,0,0,0.0,0.0,0.0,21276.59574,94.0,0.0,94,94,0,0.0,0.0,0,0,0,0.0,0.0,0,0,0,0,0,0,32,32,10638.29787,10638.29787,0,0,0.0,0.0,0.0,0,0,0,0,1,1,0,0,1,0.0,0.0,0.0,32,0,0,0,0,0,0,1,0,1,0,259,247,0,32,0.0,0.0,0,0,0.0,0.0,0,0,BruteForce
83,1,1,0,0,0,0,0.0,0.0,0,0,0.0,0.0,0.0,24096.38554,83.0,0.0,83,83,0,0.0,0.0,0,0,0,0.0,0.0,0,0,0,0,0,0,32,32,12048.19277,12048.19277,0,0,0.0,0.0,0.0,0,0,0,0,1,1,0,0,1,0.0,0.0,0.0,32,0,0,0,0,0,0,1,0,1,0,259,247,0,32,0.0,0.0,0,0,0.0,0.0,0,0,BruteForce
107,1,1,0,0,0,0,0.0,0.0,0,0,0.0,0.0,0.0,18691.58879,107.0,0.0,107,107,0,0.0,0.0,0,0,0,0.0,0.0,0,0,0,0,0,0,32,32,9345.794393,9345.794393,0,0,0.0,0.0,0.0,0,0,0,0,1,1,0,0,1,0.0,0.0,0.0,32,0,0,0,0,0,0,1,0,1,0,259,247,0,32,0.0,0.0,0,0,0.0,0.0,0,0,BruteForce
75,1,1,0,0,0,0,0.0,0.0,0,0,0.0,0.0,0.0,26666.66667,75.0,0.0,75,75,0,0.0,0.0,0,0,0,0.0,0.0,0,0,0,0,0,0,32,32,13333.33333,13333.33333,0,0,0.0,0.0,0.0,0,0,0,0,1,1,0,0,1,0.0,0.0,0.0,32,0,0,0,0,0,0,1,0,1,0,259,247,0,32,0.0,0.0,0,0,0.0,0.0,0,0,BruteForce
12866358,21,32,2008,2745,640,0,95.61904762,140.0451628,976,0,85.78125,220.240592,369.4130072,4.119269804,247429.9615,673731.1885,2648565,3,10700000,533428.0,952628.9069,2692110,487,12900000,415039.5806,836613.9888,2648565,3,0,0,0,0,680,1032,1.6321635069999998,2.487106297,0,976,88.01851852,189.5902723,35944.47135,0,0,0,1,0,0,0,0,1,89.67924528,95.61904762,85.78125,680,0,0,0,0,0,0,21,2008,32,2745,29200,247,16,32,0.0,0.0,0,0,0.0,0.0,0,0,BruteForce
64,1,1,0,0,0,0,0.0,0.0,0,0,0.0,0.0,0.0,31250.0,64.0,0.0,64,64,0,0.0,0.0,0,0,0,0.0,0.0,0,0,0,0,0,0,32,32,15625.0,15625.0,0,0,0.0,0.0,0.0,0,0,0,0,1,1,0,0,1,0.0,0.0,0.0,32,0,0,0,0,0,0,1,0,1,0,259,247,0,32,0.0,0.0,0,0,0.0,0.0,0,0,BruteForce
50,1,1,0,0,0,0,0.0,0.0,0,0,0.0,0.0,0.0,40000.0,50.0,0.0,50,50,0,0.0,0.0,0,0,0,0.0,0.0,0,0,0,0,0,0,32,32,20000.0,20000.0,0,0,0.0,0.0,0.0,0,0,0,0,1,1,0,0,1,0.0,0.0,0.0,32,0,0,0,0,0,0,1,0,1,0,259,247,0,32,0.0,0.0,0,0,0.0,0.0,0,0,BruteForce
11987012,21,32,2008,2745,640,0,95.61904762,140.0451628,976,0,85.78125,220.240592,396.512492,4.421452152,230519.4615,634241.6657,2649093,3,10200000,510042.5,924873.8112,2708209,393,12000000,386674.129,788382.7735,2649093,3,0,0,0,0,680,1032,1.751896136,2.669556016,0,976,88.01851852,189.5902723,35944.47135,0,0,0,1,0,0,0,0,1,89.67924528,95.61904762,85.78125,680,0,0,0,0,0,0,21,2008,32,2745,29200,247,16,32,0.0,0.0,0,0,0.0,0.0,0,0,BruteForce
12454041,21,32,2008,2745,640,0,95.61904762,140.0451628,976,0,85.78125,220.240592,381.6431952,4.255646822,239500.7885,655117.1673,2648013,4,10800000,541144.0,964455.629,2723341,537,12500000,401739.6452,813851.5282,2648013,4,0,0,0,0,680,1032,1.686199684,2.569447138,0,976,88.01851852,189.5902723,35944.47135,0,0,0,1,0,0,0,0,1,89.67924528,95.61904762,85.78125,680,0,0,0,0,0,0,21,2008,32,2745,29200,247,16,32,0.0,0.0,0,0,0.0,0.0,0,0,BruteForce
73,1,1,0,0,0,0,0.0,0.0,0,0,0.0,0.0,0.0,27397.26027,73.0,0.0,73,73,0,0.0,0.0,0,0,0,0.0,0.0,0,0,0,0,0,0,32,32,13698.63014,13698.63014,0,0,0.0,0.0,0.0,0,0,0,0,1,1,0,0,1,0.0,0.0,0.0,32,0,0,0,0,0,0,1,0,1,0,259,247,0,32,0.0,0.0,0,0,0.0,0.0,0,0,BruteForce
89,1,1,0,0,0,0,0.0,0.0,0,0,0.0,0.0,0.0,22471.91011,89.0,0.0,89,89,0,0.0,0.0,0,0,0,0.0,0.0,0,0,0,0,0,0,32,32,11235.95506,11235.95506,0,0,0.0,0.0,0.0,0,0,0,0,1,1,0,0,1,0.0,0.0,0.0,32,0,0,0,0,0,0,1,0,1,0,259,247,0,32,0.0,0.0,0,0,0.0,0.0,0,0,BruteForce
93,1,1,0,0,0,0,0.0,0.0,0,0,0.0,0.0,0.0,21505.37634,93.0,0.0,93,93,0,0.0,0.0,0,0,0,0.0,0.0,0,0,0,0,0,0,32,32,10752.68817,10752.68817,0,0,0.0,0.0,0.0,0,0,0,0,1,1,0,0,1,0.0,0.0,0.0,32,0,0,0,0,0,0,1,0,1,0,259,247,0,32,0.0,0.0,0,0,0.0,0.0,0,0,BruteForce
83,1,1,0,0,0,0,0.0,0.0,0,0,0.0,0.0,0.0,24096.38554,83.0,0.0,83,83,0,0.0,0.0,0,0,0,0.0,0.0,0,0,0,0,0,0,32,32,12048.19277,12048.19277,0,0,0.0,0.0,0.0,0,0,0,0,1,1,0,0,1,0.0,0.0,0.0,32,0,0,0,0,0,0,1,0,1,0,259,247,0,32,0.0,0.0,0,0,0.0,0.0,0,0,BruteForce
71,1,1,0,0,0,0,0.0,0.0,0,0,0.0,0.0,0.0,28169.01408,71.0,0.0,71,71,0,0.0,0.0,0,0,0,0.0,0.0,0,0,0,0,0,0,32,32,14084.50704,14084.50704,0,0,0.0,0.0,0.0,0,0,0,0,1,1,0,0,1,0.0,0.0,0.0,32,0,0,0,0,0,0,1,0,1,0,259,247,0,32,0.0,0.0,0,0,0.0,0.0,0,0,BruteForce
96,1,1,0,0,0,0,0.0,0.0,0,0,0.0,0.0,0.0,20833.33333,96.0,0.0,96,96,0,0.0,0.0,0,0,0,0.0,0.0,0,0,0,0,0,0,32,32,10416.66667,10416.66667,0,0,0.0,0.0,0.0,0,0,0,0,1,1,0,0,1,0.0,0.0,0.0,32,0,0,0,0,0,0,1,0,1,0,259,247,0,32,0.0,0.0,0,0,0.0,0.0,0,0,BruteForce
106,1,1,0,0,0,0,0.0,0.0,0,0,0.0,0.0,0.0,18867.92453,106.0,0.0,106,106,0,0.0,0.0,0,0,0,0.0,0.0,0,0,0,0,0,0,32,32,9433.962264,9433.962264,0,0,0.0,0.0,0.0,0,0,0,0,1,1,0,0,1,0.0,0.0,0.0,32,0,0,0,0,0,0,1,0,1,0,259,247,0,32,0.0,0.0,0,0,0.0,0.0,0,0,BruteForce
12321208,21,32,2008,2745,640,0,95.61904762,140.0451628,976,0,85.78125,220.240592,385.7576303,4.301526279,236946.3077,642754.3172,2571418,3,10800000,540565.65,955220.5762,2632251,273,12300000,397454.7097,797847.0385,2571418,3,0,0,0,0,680,1032,1.704378337,2.597147942,0,976,88.01851852,189.5902723,35944.47135,0,0,0,1,0,0,0,0,1,89.67924528,95.61904762,85.78125,680,0,0,0,0,0,0,21,2008,32,2745,29200,247,16,32,0.0,0.0,0,0,0.0,0.0,0,0,BruteForce
34,1,1,0,0,0,0,0.0,0.0,0,0,0.0,0.0,0.0,58823.52941,34.0,0.0,34,34,0,0.0,0.0,0,0,0,0.0,0.0,0,0,0,0,0,0,32,32,29411.764710000003,29411.764710000003,0,0,0.0,0.0,0.0,0,0,0,0,1,1,0,0,1,0.0,0.0,0.0,32,0,0,0,0,0,0,1,0,1,0,259,247,0,32,0.0,0.0,0,0,0.0,0.0,0,0,BruteForce
13293047,21,32,2008,2745,640,0,95.61904762,140.0451628,976,0,85.78125,220.240592,357.5553445,3.987046762,255635.5192,696283.4847,2568078,4,10700000,534208.1,947309.3712,2591001,497,13300000,428804.1613,864610.9073,2568078,4,0,0,0,0,680,1032,1.579773245,2.4072735169999997,0,976,88.01851852,189.5902723,35944.47135,0,0,0,1,0,0,0,0,1,89.67924528,95.61904762,85.78125,680,0,0,0,0,0,0,21,2008,32,2745,29200,247,16,32,0.0,0.0,0,0,0.0,0.0,0,0,BruteForce
75,1,1,0,0,0,0,0.0,0.0,0,0,0.0,0.0,0.0,26666.66667,75.0,0.0,75,75,0,0.0,0.0,0,0,0,0.0,0.0,0,0,0,0,0,0,32,32,13333.33333,13333.33333,0,0,0.0,0.0,0.0,0,0,0,0,1,1,0,0,1,0.0,0.0,0.0,32,0,0,0,0,0,0,1,0,1,0,259,247,0,32,0.0,0.0,0,0,0.0,0.0,0,0,BruteForce
12525447,21,32,2008,2745,640,0,95.61904762,140.0451628,976,0,85.78125,220.240592,379.4674953,4.231385914,240873.9808,655381.055,2392202,3,10500000,523113.1,932438.3645,2454686,497,12500000,404043.5484,813732.37,2392202,3,0,0,0,0,680,1032,1.676586872,2.554799042,0,976,88.01851852,189.5902723,35944.47135,0,0,0,1,0,0,0,0,1,89.67924528,95.61904762,85.78125,680,0,0,0,0,0,0,21,2008,32,2745,29200,247,16,32,0.0,0.0,0,0,0.0,0.0,0,0,BruteForce
92,1,1,0,0,0,0,0.0,0.0,0,0,0.0,0.0,0.0,21739.13043,92.0,0.0,92,92,0,0.0,0.0,0,0,0,0.0,0.0,0,0,0,0,0,0,32,32,10869.56522,10869.56522,0,0,0.0,0.0,0.0,0,0,0,0,1,1,0,0,1,0.0,0.0,0.0,32,0,0,0,0,0,0,1,0,1,0,259,247,0,32,0.0,0.0,0,0,0.0,0.0,0,0,BruteForce
12248251,21,32,2008,2745,640,0,95.61904762,140.0451628,976,0,85.78125,220.240592,388.0554048,4.327148423,235543.2885,641563.208,2390759,4,9814620,490731.0,871875.5732,2203571,341,12200000,395101.7097,796669.8013,2390759,4,0,0,0,0,680,1032,1.714530507,2.612617916,0,976,88.01851852,189.5902723,35944.47135,0,0,0,1,0,0,0,0,1,89.67924528,95.61904762,85.78125,680,0,0,0,0,0,0,21,2008,32,2745,29200,247,16,32,0.0,0.0,0,0,0.0,0.0,0,0,BruteForce
76,1,1,0,0,0,0,0.0,0.0,0,0,0.0,0.0,0.0,26315.78947,76.0,0.0,76,76,0,0.0,0.0,0,0,0,0.0,0.0,0,0,0,0,0,0,32,32,13157.89474,13157.89474,0,0,0.0,0.0,0.0,0,0,0,0,1,1,0,0,1,0.0,0.0,0.0,32,0,0,0,0,0,0,1,0,1,0,259,247,0,32,0.0,0.0,0,0,0.0,0.0,0,0,BruteForce
13924841,21,32,2008,2745,640,0,95.61904762,140.0451628,976,0,85.78125,220.240592,341.3324432,3.806147589,267785.4038,736346.9423,2609852,3,11800000,588362.9,1060492.927,2664480,312,13900000,449184.2258,915231.4179,2609852,3,0,0,0,0,680,1032,1.508096215,2.298051375,0,976,88.01851852,189.5902723,35944.47135,0,0,0,1,0,0,0,0,1,89.67924528,95.61904762,85.78125,680,0,0,0,0,0,0,21,2008,32,2745,29200,247,16,32,0.0,0.0,0,0,0.0,0.0,0,0,BruteForce
12231626,21,32,2008,2745,640,0,95.61904762,140.0451628,976,0,85.78125,220.240592,388.5828425,4.3330298030000005,235223.5769,642075.4275,2604401,3,10000000,501785.6,900050.6182,2674524,511,12200000,394564.4194,797477.5259,2604401,3,0,0,0,0,680,1032,1.716860865,2.616168938,0,976,88.01851852,189.5902723,35944.47135,0,0,0,1,0,0,0,0,1,89.67924528,95.61904762,85.78125,680,0,0,0,0,0,0,21,2008,32,2745,29200,247,16,32,0.0,0.0,0,0,0.0,0.0,0,0,BruteForce
67,1,1,0,0,0,0,0.0,0.0,0,0,0.0,0.0,0.0,29850.74627,67.0,0.0,67,67,0,0.0,0.0,0,0,0,0.0,0.0,0,0,0,0,0,0,32,32,14925.373130000002,14925.373130000002,0,0,0.0,0.0,0.0,0,0,0,0,1,1,0,0,1,0.0,0.0,0.0,32,0,0,0,0,0,0,1,0,1,0,259,247,0,32,0.0,0.0,0,0,0.0,0.0,0,0,BruteForce
100,1,1,0,0,0,0,0.0,0.0,0,0,0.0,0.0,0.0,20000.0,100.0,0.0,100,100,0,0.0,0.0,0,0,0,0.0,0.0,0,0,0,0,0,0,32,32,10000.0,10000.0,0,0,0.0,0.0,0.0,0,0,0,0,1,1,0,0,1,0.0,0.0,0.0,32,0,0,0,0,0,0,1,0,1,0,259,247,0,32,0.0,0.0,0,0,0.0,0.0,0,0,BruteForce
12645117,21,31,2024,2745,640,0,96.38095238,140.1821944,976,0,88.5483871,223.315,377.1416271,4.112259301,247943.4706,662621.0186,2635300,3,10500000,523675.55,927387.2932,2703044,279,12600000,421501.5,825536.7847,2635300,3,0,0,0,0,680,1000,1.660720102,2.451539199,0,976,89.98113208,191.0562232,36502.48041,0,0,0,1,0,0,0,0,1,91.71153846,96.38095238,88.5483871,680,0,0,0,0,0,0,21,2024,31,2745,29200,257,16,32,0.0,0.0,0,0,0.0,0.0,0,0,BruteForce
48,1,1,0,0,0,0,0.0,0.0,0,0,0.0,0.0,0.0,41666.66667,48.0,0.0,48,48,0,0.0,0.0,0,0,0,0.0,0.0,0,0,0,0,0,0,32,32,20833.33333,20833.33333,0,0,0.0,0.0,0.0,0,0,0,0,1,1,0,0,1,0.0,0.0,0.0,32,0,0,0,0,0,0,1,0,1,0,259,247,0,32,0.0,0.0,0,0,0.0,0.0,0,0,BruteForce
65,1,1,0,0,0,0,0.0,0.0,0,0,0.0,0.0,0.0,30769.23077,65.0,0.0,65,65,0,0.0,0.0,0,0,0,0.0,0.0,0,0,0,0,0,0,32,32,15384.61538,15384.61538,0,0,0.0,0.0,0.0,0,0,0,0,1,1,0,0,1,0.0,0.0,0.0,32,0,0,0,0,0,0,1,0,1,0,259,247,0,32,0.0,0.0,0,0,0.0,0.0,0,0,BruteForce
13830035,22,32,2008,2745,640,0,91.27272727,138.1821372,976,0,85.78125,220.240592,343.6723045,3.904545433,260944.0566,716096.7184,2589992,3,11600000,553704.9524,1007298.058,2632625,371,13800000,446125.4839,896460.0857,2589992,3,0,0,0,0,712,1032,1.590740732,2.313804701,0,976,86.41818182,188.2012015,35419.69226,0,0,0,1,0,0,0,0,1,88.01851852,91.27272727,85.78125,712,0,0,0,0,0,0,22,2008,32,2745,29200,247,16,32,0.0,0.0,0,0,0.0,0.0,0,0,BruteForce
63,1,1,0,0,0,0,0.0,0.0,0,0,0.0,0.0,0.0,31746.03175,63.0,0.0,63,63,0,0.0,0.0,0,0,0,0.0,0.0,0,0,0,0,0,0,32,32,15873.01587,15873.01587,0,0,0.0,0.0,0.0,0,0,0,0,1,1,0,0,1,0.0,0.0,0.0,32,0,0,0,0,0,0,1,0,1,0,259,247,0,32,0.0,0.0,0,0,0.0,0.0,0,0,BruteForce
79,1,1,0,0,0,0,0.0,0.0,0,0,0.0,0.0,0.0,25316.4557,79.0,0.0,79,79,0,0.0,0.0,0,0,0,0.0,0.0,0,0,0,0,0,0,32,32,12658.22785,12658.22785,0,0,0.0,0.0,0.0,0,0,0,0,1,1,0,0,1,0.0,0.0,0.0,32,0,0,0,0,0,0,1,0,1,0,259,247,0,32,0.0,0.0,0,0,0.0,0.0,0,0,BruteForce
14018282,21,32,2008,2745,640,0,95.61904762,140.0451628,976,0,85.78125,220.240592,339.05723969999997,3.780777131,269582.3462,732811.9802,2781588,3,11800000,592067.85,1049530.165,2832927,537,14000000,452198.3226,909770.5042,2781588,3,0,0,0,0,680,1032,1.498043769,2.282733362,0,976,88.01851852,189.5902723,35944.47135,0,0,0,1,0,0,0,0,1,89.67924528,95.61904762,85.78125,680,0,0,0,0,0,0,21,2008,32,2745,29200,247,16,32,0.0,0.0,0,0,0.0,0.0,0,0,BruteForce
71,1,1,0,0,0,0,0.0,0.0,0,0,0.0,0.0,0.0,28169.01408,71.0,0.0,71,71,0,0.0,0.0,0,0,0,0.0,0.0,0,0,0,0,0,0,32,32,14084.50704,14084.50704,0,0,0.0,0.0,0.0,0,0,0,0,1,1,0,0,1,0.0,0.0,0.0,32,0,0,0,0,0,0,1,0,1,0,259,247,0,32,0.0,0.0,0,0,0.0,0.0,0,0,BruteForce
76,1,1,0,0,0,0,0.0,0.0,0,0,0.0,0.0,0.0,26315.78947,76.0,0.0,76,76,0,0.0,0.0,0,0,0,0.0,0.0,0,0,0,0,0,0,32,32,13157.89474,13157.89474,0,0,0.0,0.0,0.0,0,0,0,0,1,1,0,0,1,0.0,0.0,0.0,32,0,0,0,0,0,0,1,0,1,0,259,247,0,32,0.0,0.0,0,0,0.0,0.0,0,0,BruteForce
86,1,1,0,0,0,0,0.0,0.0,0,0,0.0,0.0,0.0,23255.81395,86.0,0.0,86,86,0,0.0,0.0,0,0,0,0.0,0.0,0,0,0,0,0,0,32,32,11627.90698,11627.90698,0,0,0.0,0.0,0.0,0,0,0,0,1,1,0,0,1,0.0,0.0,0.0,32,0,0,0,0,0,0,1,0,1,0,259,247,0,32,0.0,0.0,0,0,0.0,0.0,0,0,BruteForce
74,1,1,0,0,0,0,0.0,0.0,0,0,0.0,0.0,0.0,27027.02703,74.0,0.0,74,74,0,0.0,0.0,0,0,0,0.0,0.0,0,0,0,0,0,0,32,32,13513.51351,13513.51351,0,0,0.0,0.0,0.0,0,0,0,0,1,1,0,0,1,0.0,0.0,0.0,32,0,0,0,0,0,0,1,0,1,0,259,247,0,32,0.0,0.0,0,0,0.0,0.0,0,0,BruteForce
13620031,19,31,2008,2745,640,0,105.6842105,143.76719319999995,976,0,88.5483871,223.315,348.97130560000005,3.671063597,277959.8163,727839.2594,2469995,3,11300000,625937.9444,1026639.481,2529168,431,13600000,453999.4,891210.8198,2469995,3,0,0,0,0,616,1000,1.395004167,2.27605943,0,976,93.19607843,193.9302988,37608.96078,0,0,0,1,0,0,0,0,1,95.06,105.6842105,88.5483871,616,0,0,0,0,0,0,19,2008,31,2745,29200,247,16,32,0.0,0.0,0,0,0.0,0.0,0,0,BruteForce
81,1,1,0,0,0,0,0.0,0.0,0,0,0.0,0.0,0.0,24691.35802,81.0,0.0,81,81,0,0.0,0.0,0,0,0,0.0,0.0,0,0,0,0,0,0,32,32,12345.67901,12345.67901,0,0,0.0,0.0,0.0,0,0,0,0,1,1,0,0,1,0.0,0.0,0.0,32,0,0,0,0,0,0,1,0,1,0,259,247,0,32,0.0,0.0,0,0,0.0,0.0,0,0,BruteForce
68,1,1,0,0,0,0,0.0,0.0,0,0,0.0,0.0,0.0,29411.764710000003,68.0,0.0,68,68,0,0.0,0.0,0,0,0,0.0,0.0,0,0,0,0,0,0,32,32,14705.88235,14705.88235,0,0,0.0,0.0,0.0,0,0,0,0,1,1,0,0,1,0.0,0.0,0.0,32,0,0,0,0,0,0,1,0,1,0,259,247,0,32,0.0,0.0,0,0,0.0,0.0,0,0,BruteForce
11975253,23,32,2008,2745,640,0,87.30434783,136.3399611,976,0,85.78125,220.240592,396.9018442,4.592804845,221763.9444,608792.3729,2308222,3,9877767,448989.4091,840313.5682,2364680,379,12000000,386294.5806,767596.9542,2308222,3,0,0,0,0,744,1032,1.920627481,2.672177364,0,976,84.875,186.8396554,34909.05682,0,0,0,1,0,0,0,0,1,86.41818182,87.30434783,85.78125,744,0,0,0,0,0,0,23,2008,32,2745,29200,247,16,32,0.0,0.0,0,0,0.0,0.0,0,0,BruteForce
13438508,22,32,2008,2745,640,0,91.27272727,138.1821372,976,0,85.78125,220.240592,353.6850966,4.018303222,253556.7547,688283.3117,2244030,3,11300000,539983.4286,972574.3381,2301948,318,13400000,433496.0645,860639.4381,2244030,3,0,0,0,0,712,1032,1.6370864980000002,2.381216724,0,976,86.41818182,188.2012015,35419.69226,0,0,0,1,0,0,0,0,1,88.01851852,91.27272727,85.78125,712,0,0,0,0,0,0,22,2008,32,2745,29200,247,16,32,0.0,0.0,0,0,0.0,0.0,0,0,BruteForce
76,1,1,0,0,0,0,0.0,0.0,0,0,0.0,0.0,0.0,26315.78947,76.0,0.0,76,76,0,0.0,0.0,0,0,0,0.0,0.0,0,0,0,0,0,0,32,32,13157.89474,13157.89474,0,0,0.0,0.0,0.0,0,0,0,0,1,1,0,0,1,0.0,0.0,0.0,32,0,0,0,0,0,0,1,0,1,0,259,247,0,32,0.0,0.0,0,0,0.0,0.0,0,0,BruteForce
43,1,1,0,0,0,0,0.0,0.0,0,0,0.0,0.0,0.0,46511.62791,43.0,0.0,43,43,0,0.0,0.0,0,0,0,0.0,0.0,0,0,0,0,0,0,32,32,23255.81395,23255.81395,0,0,0.0,0.0,0.0,0,0,0,0,1,1,0,0,1,0.0,0.0,0.0,32,0,0,0,0,0,0,1,0,1,0,259,247,0,32,0.0,0.0,0,0,0.0,0.0,0,0,BruteForce
12768033,21,32,2008,2745,640,0,95.61904762,140.0451628,976,0,85.78125,220.240592,372.2578098,4.150991778,245539.0962,667402.3319,2624306,3,11100000,553373.5,978098.7426,2680233,396,12800000,411867.7742,828567.8011,2624306,3,0,0,0,0,680,1032,1.644732591,2.506259187,0,976,88.01851852,189.5902723,35944.47135,0,0,0,1,0,0,0,0,1,89.67924528,95.61904762,85.78125,680,0,0,0,0,0,0,21,2008,32,2745,29200,247,16,32,0.0,0.0,0,0,0.0,0.0,0,0,BruteForce
13177680,21,32,2008,2745,640,0,95.61904762,140.0451628,976,0,85.78125,220.240592,360.6856442,4.021952271,253416.9231,689885.0444,2582987,3,10600000,527536.4,933907.033,2498649,241,13200000,425083.7097,856613.3202,2582987,3,0,0,0,0,680,1032,1.59360373,2.428348541,0,976,88.01851852,189.5902723,35944.47135,0,0,0,1,0,0,0,0,1,89.67924528,95.61904762,85.78125,680,0,0,0,0,0,0,21,2008,32,2745,29200,247,16,32,0.0,0.0,0,0,0.0,0.0,0,0,BruteForce
69,1,1,0,0,0,0,0.0,0.0,0,0,0.0,0.0,0.0,28985.50725,69.0,0.0,69,69,0,0.0,0.0,0,0,0,0.0,0.0,0,0,0,0,0,0,32,32,14492.75362,14492.75362,0,0,0.0,0.0,0.0,0,0,0,0,1,1,0,0,1,0.0,0.0,0.0,32,0,0,0,0,0,0,1,0,1,0,259,247,0,32,0.0,0.0,0,0,0.0,0.0,0,0,BruteForce
13467873,21,32,2008,2745,640,0,95.61904762,140.0451628,976,0,85.78125,220.240592,352.9139308,3.935291044,258997.5577,702549.1901,2605191,3,11300000,565849.4,999243.5638,2656480,313,13500000,434443.5484,872013.4425,2605191,3,0,0,0,0,680,1032,1.559266263,2.376024781,0,976,88.01851852,189.5902723,35944.47135,0,0,0,1,0,0,0,0,1,89.67924528,95.61904762,85.78125,680,0,0,0,0,0,0,21,2008,32,2745,29200,247,16,32,0.0,0.0,0,0,0.0,0.0,0,0,BruteForce
13090300,21,32,2008,2745,640,0,95.61904762,140.0451628,976,0,85.78125,220.240592,363.0932828,4.048799493,251736.5385,685588.2579,2604151,3,10600000,531125.65,947900.8542,2667775,377,13100000,422263.8065,851315.8533,2604151,3,0,0,0,0,680,1032,1.6042413080000002,2.444558184,0,976,88.01851852,189.5902723,35944.47135,0,0,0,1,0,0,0,0,1,89.67924528,95.61904762,85.78125,680,0,0,0,0,0,0,21,2008,32,2745,29200,247,16,32,0.0,0.0,0,0,0.0,0.0,0,0,BruteForce
12939750,21,32,2008,2745,640,0,95.61904762,140.0451628,976,0,85.78125,220.240592,367.3177611999999,4.095906026000001,248841.3462,678539.0315,2602967,3,11100000,553713.1,985497.5616,2657032,456,12900000,417408.0,842668.2264,2602967,3,0,0,0,0,680,1032,1.622906161,2.472999865,0,976,88.01851852,189.5902723,35944.47135,0,0,0,1,0,0,0,0,1,89.67924528,95.61904762,85.78125,680,0,0,0,0,0,0,21,2008,32,2745,29200,247,16,32,0.0,0.0,0,0,0.0,0.0,0,0,BruteForce
69,1,1,0,0,0,0,0.0,0.0,0,0,0.0,0.0,0.0,28985.50725,69.0,0.0,69,69,0,0.0,0.0,0,0,0,0.0,0.0,0,0,0,0,0,0,32,32,14492.75362,14492.75362,0,0,0.0,0.0,0.0,0,0,0,0,1,1,0,0,1,0.0,0.0,0.0,32,0,0,0,0,0,0,1,0,1,0,259,247,0,32,0.0,0.0,0,0,0.0,0.0,0,0,BruteForce
85,1,1,0,0,0,0,0.0,0.0,0,0,0.0,0.0,0.0,23529.41176,85.0,0.0,85,85,0,0.0,0.0,0,0,0,0.0,0.0,0,0,0,0,0,0,32,32,11764.70588,11764.70588,0,0,0.0,0.0,0.0,0,0,0,0,1,1,0,0,1,0.0,0.0,0.0,32,0,0,0,0,0,0,1,0,1,0,259,247,0,32,0.0,0.0,0,0,0.0,0.0,0,0,BruteForce
12944797,21,32,2008,2745,640,0,95.61904762,140.0451628,976,0,85.78125,220.240592,367.174549,4.094309088,248938.4038,672234.8531,2472154,4,10900000,543115.15,956363.093,2516663,429,12900000,417569.4839,834004.2176,2472154,4,0,0,0,0,680,1032,1.622273412,2.472035676,0,976,88.01851852,189.5902723,35944.47135,0,0,0,1,0,0,0,0,1,89.67924528,95.61904762,85.78125,680,0,0,0,0,0,0,21,2008,32,2745,29200,247,16,32,0.0,0.0,0,0,0.0,0.0,0,0,BruteForce
51,1,1,0,0,0,0,0.0,0.0,0,0,0.0,0.0,0.0,39215.68627,51.0,0.0,51,51,0,0.0,0.0,0,0,0,0.0,0.0,0,0,0,0,0,0,32,32,19607.84314,19607.84314,0,0,0.0,0.0,0.0,0,0,0,0,1,1,0,0,1,0.0,0.0,0.0,32,0,0,0,0,0,0,1,0,1,0,259,247,0,32,0.0,0.0,0,0,0.0,0.0,0,0,BruteForce
13385319,21,31,2008,2745,640,0,95.61904762,140.0451628,976,0,88.5483871,223.315,355.0905287,3.884853249,262457.2353,700656.7490000001,2462782,3,11000000,549945.05,966230.0198,2508873,327,13400000,446173.8333,872838.3214,2462782,3,0,0,0,0,680,1000,1.568883043,2.315970206,0,976,89.67924528,191.0076291,36483.91437,0,0,0,1,0,0,0,0,1,91.40384615,95.61904762,88.5483871,680,0,0,0,0,0,0,21,2008,31,2745,29200,247,16,32,0.0,0.0,0,0,0.0,0.0,0,0,BruteForce
12175586,21,32,2008,2745,640,0,95.61904762,140.0451628,976,0,85.78125,220.240592,390.3713546,4.352973237,234145.8846,632423.5044,2368131,3,10200000,510788.8,900690.9755,2410958,273,12200000,392757.6129,784633.6936,2368131,3,0,0,0,0,680,1032,1.724762981,2.628210256,0,976,88.01851852,189.5902723,35944.47135,0,0,0,1,0,0,0,0,1,89.67924528,95.61904762,85.78125,680,0,0,0,0,0,0,21,2008,32,2745,29200,247,16,32,0.0,0.0,0,0,0.0,0.0,0,0,BruteForce
83,1,1,0,0,0,0,0.0,0.0,0,0,0.0,0.0,0.0,24096.38554,83.0,0.0,83,83,0,0.0,0.0,0,0,0,0.0,0.0,0,0,0,0,0,0,32,32,12048.19277,12048.19277,0,0,0.0,0.0,0.0,0,0,0,0,1,1,0,0,1,0.0,0.0,0.0,32,0,0,0,0,0,0,1,0,1,0,259,247,0,32,0.0,0.0,0,0,0.0,0.0,0,0,BruteForce
11208082,22,32,2008,2745,640,0,91.27272727,138.1821372,976,0,85.78125,220.240592,424.0689888,4.817951903,211473.2453,574337.3046,2068158,15,9267302,441300.0952,798890.2337,2113793,233,11200000,361546.5484,718247.332,2068158,24,0,0,0,0,712,1032,1.962869294,2.8550826089999997,0,976,86.41818182,188.2012015,35419.69226,0,0,0,1,0,0,0,0,1,88.01851852,91.27272727,85.78125,712,0,0,0,0,0,0,22,2008,32,2745,29200,247,16,32,0.0,0.0,0,0,0.0,0.0,0,0,BruteForce
100,1,1,0,0,0,0,0.0,0.0,0,0,0.0,0.0,0.0,20000.0,100.0,0.0,100,100,0,0.0,0.0,0,0,0,0.0,0.0,0,0,0,0,0,0,32,32,10000.0,10000.0,0,0,0.0,0.0,0.0,0,0,0,0,1,1,0,0,1,0.0,0.0,0.0,32,0,0,0,0,0,0,1,0,1,0,259,247,0,32,0.0,0.0,0,0,0.0,0.0,0,0,BruteForce
59,1,1,0,0,0,0,0.0,0.0,0,0,0.0,0.0,0.0,33898.30508,59.0,0.0,59,59,0,0.0,0.0,0,0,0,0.0,0.0,0,0,0,0,0,0,32,32,16949.15254,16949.15254,0,0,0.0,0.0,0.0,0,0,0,0,1,1,0,0,1,0.0,0.0,0.0,32,0,0,0,0,0,0,1,0,1,0,259,247,0,32,0.0,0.0,0,0,0.0,0.0,0,0,BruteForce
103,1,1,0,0,0,0,0.0,0.0,0,0,0.0,0.0,0.0,19417.47573,103.0,0.0,103,103,0,0.0,0.0,0,0,0,0.0,0.0,0,0,0,0,0,0,32,32,9708.737864,9708.737864,0,0,0.0,0.0,0.0,0,0,0,0,1,1,0,0,1,0.0,0.0,0.0,32,0,0,0,0,0,0,1,0,1,0,259,247,0,32,0.0,0.0,0,0,0.0,0.0,0,0,BruteForce
36,1,1,0,0,0,0,0.0,0.0,0,0,0.0,0.0,0.0,55555.55556,36.0,0.0,36,36,0,0.0,0.0,0,0,0,0.0,0.0,0,0,0,0,0,0,32,32,27777.77778,27777.77778,0,0,0.0,0.0,0.0,0,0,0,0,1,1,0,0,1,0.0,0.0,0.0,32,0,0,0,0,0,0,1,0,1,0,259,247,0,32,0.0,0.0,0,0,0.0,0.0,0,0,BruteForce
12679254,21,32,2008,2745,640,0,95.61904762,140.0451628,976,0,85.78125,220.240592,374.8643256,4.18005665,243831.8077,658499.1304,2544326,3,10700000,536111.55,947283.6578,2603331,533,12700000,409003.6452,816968.5852,2544326,3,0,0,0,0,680,1032,1.656248861,2.523807789,0,976,88.01851852,189.5902723,35944.47135,0,0,0,1,0,0,0,0,1,89.67924528,95.61904762,85.78125,680,0,0,0,0,0,0,21,2008,32,2745,29200,247,16,32,0.0,0.0,0,0,0.0,0.0,0,0,BruteForce
81,1,1,0,0,0,0,0.0,0.0,0,0,0.0,0.0,0.0,24691.35802,81.0,0.0,81,81,0,0.0,0.0,0,0,0,0.0,0.0,0,0,0,0,0,0,32,32,12345.67901,12345.67901,0,0,0.0,0.0,0.0,0,0,0,0,1,1,0,0,1,0.0,0.0,0.0,32,0,0,0,0,0,0,1,0,1,0,259,247,0,32,0.0,0.0,0,0,0.0,0.0,0,0,BruteForce
11555321,21,32,2024,2745,640,0,96.38095238,140.1821944,976,0,85.78125,220.240592,412.7103003,4.586631561,222217.7115,598694.9172,2091123,4,9422690,471134.5,825565.0953,2124316,328,11600000,372749.3226,742600.8345,2091123,4,0,0,0,0,680,1032,1.817344581,2.76928698,0,976,88.31481481,189.6409541,35963.69147,0,0,0,1,0,0,0,0,1,89.98113208,96.38095238,85.78125,680,0,0,0,0,0,0,21,2024,32,2745,29200,257,16,32,0.0,0.0,0,0,0.0,0.0,0,0,BruteForce
76,1,1,0,0,0,0,0.0,0.0,0,0,0.0,0.0,0.0,26315.78947,76.0,0.0,76,76,0,0.0,0.0,0,0,0,0.0,0.0,0,0,0,0,0,0,32,32,13157.89474,13157.89474,0,0,0.0,0.0,0.0,0,0,0,0,1,1,0,0,1,0.0,0.0,0.0,32,0,0,0,0,0,0,1,0,1,0,259,247,0,32,0.0,0.0,0,0,0.0,0.0,0,0,BruteForce
12271678,21,32,2008,2745,640,0,95.61904762,140.0451628,976,0,85.78125,220.240592,387.3145954,4.318887767,235993.8077,642111.0909,2560238,3,10100000,505937.15,900419.4786,2608355,374,12300000,395857.4194,797258.1893,2560238,3,0,0,0,0,680,1032,1.711257417,2.60763035,0,976,88.01851852,189.5902723,35944.47135,0,0,0,1,0,0,0,0,1,89.67924528,95.61904762,85.78125,680,0,0,0,0,0,0,21,2008,32,2745,29200,247,16,32,0.0,0.0,0,0,0.0,0.0,0,0,BruteForce
77,1,1,0,0,0,0,0.0,0.0,0,0,0.0,0.0,0.0,25974.02597,77.0,0.0,77,77,0,0.0,0.0,0,0,0,0.0,0.0,0,0,0,0,0,0,32,32,12987.01299,12987.01299,0,0,0.0,0.0,0.0,0,0,0,0,1,1,0,0,1,0.0,0.0,0.0,32,0,0,0,0,0,0,1,0,1,0,259,247,0,32,0.0,0.0,0,0,0.0,0.0,0,0,BruteForce
93,1,1,0,0,0,0,0.0,0.0,0,0,0.0,0.0,0.0,21505.37634,93.0,0.0,93,93,0,0.0,0.0,0,0,0,0.0,0.0,0,0,0,0,0,0,32,32,10752.68817,10752.68817,0,0,0.0,0.0,0.0,0,0,0,0,1,1,0,0,1,0.0,0.0,0.0,32,0,0,0,0,0,0,1,0,1,0,259,247,0,32,0.0,0.0,0,0,0.0,0.0,0,0,BruteForce
11864172,21,32,2008,2745,640,0,95.61904762,140.0451628,976,0,85.78125,220.240592,400.6179277,4.467231257,228157.1538,618354.2352,2263110,3,9557387,477869.35,844056.7949,2149488,369,11900000,382711.0645,767453.4236,2263110,3,0,0,0,0,680,1032,1.770035026,2.6971962310000004,0,976,88.01851852,189.5902723,35944.47135,0,0,0,1,0,0,0,0,1,89.67924528,95.61904762,85.78125,680,0,0,0,0,0,0,21,2008,32,2745,29200,247,16,32,0.0,0.0,0,0,0.0,0.0,0,0,BruteForce
11412128,22,32,2008,2745,640,0,91.27272727,138.1821372,976,0,85.78125,220.240592,416.4867411,4.731808126000001,215323.1698,585219.1528,2088207,19,9534376,454017.9048,824701.6367,2139572,419,11400000,368129.5161,731874.4424,2088207,19,0,0,0,0,712,1032,1.927773681,2.804034445,0,976,86.41818182,188.2012015,35419.69226,0,0,0,1,0,0,0,0,1,88.01851852,91.27272727,85.78125,712,0,0,0,0,0,0,22,2008,32,2745,29200,247,16,32,0.0,0.0,0,0,0.0,0.0,0,0,BruteForce
12086043,21,32,2008,2745,640,0,95.61904762,140.0451628,976,0,85.78125,220.240592,393.2635355,4.385223518,232423.9038,628359.5275,2443123,4,10200000,511359.85,904927.04,2499136,312,12100000,389868.0,779668.2191,2443123,4,0,0,0,0,680,1032,1.737541394,2.647682124,0,976,88.01851852,189.5902723,35944.47135,0,0,0,1,0,0,0,0,1,89.67924528,95.61904762,85.78125,680,0,0,0,0,0,0,21,2008,32,2745,29200,247,16,32,0.0,0.0,0,0,0.0,0.0,0,0,BruteForce
73,1,1,0,0,0,0,0.0,0.0,0,0,0.0,0.0,0.0,27397.26027,73.0,0.0,73,73,0,0.0,0.0,0,0,0,0.0,0.0,0,0,0,0,0,0,32,32,13698.63014,13698.63014,0,0,0.0,0.0,0.0,0,0,0,0,1,1,0,0,1,0.0,0.0,0.0,32,0,0,0,0,0,0,1,0,1,0,259,257,0,32,0.0,0.0,0,0,0.0,0.0,0,0,BruteForce
11695685,21,32,2008,2745,640,0,95.61904762,140.0451628,976,0,85.78125,220.240592,406.389194,4.531585794,224917.0192,608971.9434,2441126,3,9663452,483172.6,862522.2744,2511962,421,11700000,377275.8387,755756.3689,2441126,3,0,0,0,0,680,1032,1.795533994,2.7360518,0,976,88.01851852,189.5902723,35944.47135,0,0,0,1,0,0,0,0,1,89.67924528,95.61904762,85.78125,680,0,0,0,0,0,0,21,2008,32,2745,29200,247,16,32,0.0,0.0,0,0,0.0,0.0,0,0,BruteForce
113,1,1,0,0,0,0,0.0,0.0,0,0,0.0,0.0,0.0,17699.11504,113.0,0.0,113,113,0,0.0,0.0,0,0,0,0.0,0.0,0,0,0,0,0,0,32,32,8849.557522,8849.557522,0,0,0.0,0.0,0.0,0,0,0,0,1,1,0,0,1,0.0,0.0,0.0,32,0,0,0,0,0,0,1,0,1,0,259,247,0,32,0.0,0.0,0,0,0.0,0.0,0,0,BruteForce
11367509,22,32,2008,2745,640,0,91.27272727,138.1821372,976,0,85.78125,220.240592,418.1215075,4.750381108,214481.3019,578979.0014,2031858,3,9294038,442573.2381,796803.3697,2062264,412,11400000,366689.6774,723542.9626,2031858,3,0,0,0,0,712,1032,1.935340451,2.815040657,0,976,86.41818182,188.2012015,35419.69226,0,0,0,1,0,0,0,0,1,88.01851852,91.27272727,85.78125,712,0,0,0,0,0,0,22,2008,32,2745,29200,247,16,32,0.0,0.0,0,0,0.0,0.0,0,0,BruteForce
77,1,1,0,0,0,0,0.0,0.0,0,0,0.0,0.0,0.0,25974.02597,77.0,0.0,77,77,0,0.0,0.0,0,0,0,0.0,0.0,0,0,0,0,0,0,32,32,12987.01299,12987.01299,0,0,0.0,0.0,0.0,0,0,0,0,1,1,0,0,1,0.0,0.0,0.0,32,0,0,0,0,0,0,1,0,1,0,259,247,0,32,0.0,0.0,0,0,0.0,0.0,0,0,BruteForce
77,1,1,0,0,0,0,0.0,0.0,0,0,0.0,0.0,0.0,25974.02597,77.0,0.0,77,77,0,0.0,0.0,0,0,0,0.0,0.0,0,0,0,0,0,0,32,32,12987.01299,12987.01299,0,0,0.0,0.0,0.0,0,0,0,0,1,1,0,0,1,0.0,0.0,0.0,32,0,0,0,0,0,0,1,0,1,0,259,247,0,32,0.0,0.0,0,0,0.0,0.0,0,0,BruteForce
11742235,21,32,2008,2745,640,0,95.61904762,140.0451628,976,0,85.78125,220.240592,404.77813639999994,4.513621129,225812.2115,615376.0019,2462818,3,9749929,487496.45,874143.197,2518324,317,11700000,378777.7419,764189.6009999998,2462818,3,0,0,0,0,680,1032,1.788415919,2.72520521,0,976,88.01851852,189.5902723,35944.47135,0,0,0,1,0,0,0,0,1,89.67924528,95.61904762,85.78125,680,0,0,0,0,0,0,21,2008,32,2745,29200,247,16,32,0.0,0.0,0,0,0.0,0.0,0,0,BruteForce
52,1,1,0,0,0,0,0.0,0.0,0,0,0.0,0.0,0.0,38461.53846,52.0,0.0,52,52,0,0.0,0.0,0,0,0,0.0,0.0,0,0,0,0,0,0,32,32,19230.76923,19230.76923,0,0,0.0,0.0,0.0,0,0,0,0,1,1,0,0,1,0.0,0.0,0.0,32,0,0,0,0,0,0,1,0,1,0,259,247,0,32,0.0,0.0,0,0,0.0,0.0,0,0,BruteForce
33,1,1,0,0,0,0,0.0,0.0,0,0,0.0,0.0,0.0,60606.06061,33.0,0.0,33,33,0,0.0,0.0,0,0,0,0.0,0.0,0,0,0,0,0,0,32,32,30303.0303,30303.0303,0,0,0.0,0.0,0.0,0,0,0,0,1,1,0,0,1,0.0,0.0,0.0,32,0,0,0,0,0,0,1,0,1,0,259,247,0,32,0.0,0.0,0,0,0.0,0.0,0,0,BruteForce
93,1,1,0,0,0,0,0.0,0.0,0,0,0.0,0.0,0.0,21505.37634,93.0,0.0,93,93,0,0.0,0.0,0,0,0,0.0,0.0,0,0,0,0,0,0,32,32,10752.68817,10752.68817,0,0,0.0,0.0,0.0,0,0,0,0,1,1,0,0,1,0.0,0.0,0.0,32,0,0,0,0,0,0,1,0,1,0,259,247,0,32,0.0,0.0,0,0,0.0,0.0,0,0,BruteForce
11824907,21,33,2008,2745,640,0,95.61904762,140.0451628,976,0,83.18181818,217.2857356,401.9481929,4.56663211,223111.4528,611830.3575,2484342,4,10000000,502382.8,898939.7668,2558386,4,11800000,369525.0313,756424.6063,2484342,4,0,0,0,0,680,1064,1.7759124869999998,2.790719623,0,976,86.41818182,188.2012015,35419.69226,0,0,0,1,0,0,0,0,1,88.01851852,95.61904762,83.18181818,680,0,0,0,0,0,0,21,2008,33,2745,29200,247,16,32,0.0,0.0,0,0,0.0,0.0,0,0,BruteForce
10714743,21,32,2008,2745,640,0,95.61904762,140.0451628,976,0,85.78125,220.240592,443.5944007,4.946455552,206052.75,559397.1127,2167237,1,9565571,478278.55,840631.3936,2216211,283,10700000,345635.5484,694421.655,2167237,1,0,0,0,0,680,1032,1.959916351,2.9865392010000003,0,976,88.01851852,189.5902723,35944.47135,0,0,0,1,0,0,0,0,1,89.67924528,95.61904762,85.78125,680,0,0,0,0,0,0,21,2008,32,2745,29200,247,16,32,0.0,0.0,0,0,0.0,0.0,0,0,BruteForce
74,1,1,0,0,0,0,0.0,0.0,0,0,0.0,0.0,0.0,27027.02703,74.0,0.0,74,74,0,0.0,0.0,0,0,0,0.0,0.0,0,0,0,0,0,0,32,32,13513.51351,13513.51351,0,0,0.0,0.0,0.0,0,0,0,0,1,1,0,0,1,0.0,0.0,0.0,32,0,0,0,0,0,0,1,0,1,0,259,247,0,32,0.0,0.0,0,0,0.0,0.0,0,0,BruteForce
10808866,24,32,2008,2745,640,0,83.66666667,134.5286996,976,0,85.78125,220.240592,439.73160549999994,5.180932024,196524.8364,543251.2452,2183239,3,8583667,373202.91299999994,713874.9655,2098777,3,10800000,348671.5484,690382.5705,2183239,4,0,0,0,0,776,1032,2.220399439,2.960532585,0,976,83.38596491,185.5048858,34412.06266,0,0,0,1,0,0,0,0,1,84.875,83.66666667,85.78125,776,0,0,0,0,0,0,24,2008,32,2745,29200,247,16,32,0.0,0.0,0,0,0.0,0.0,0,0,BruteForce
10809599,22,33,2008,2745,640,0,91.27272727,138.1821372,976,0,83.18181818,217.2857356,439.7017873,5.088070335,200177.7593,547674.022,2183981,3,8582879,408708.5238,738160.0528,2098000,24,10800000,337797.9688,681930.2484,2183981,3,0,0,0,0,712,1064,2.035228134,3.0528422010000003,0,976,84.875,186.8396554,34909.05682,0,0,0,1,0,0,0,0,1,86.41818182,91.27272727,83.18181818,712,0,0,0,0,0,0,22,2008,33,2745,29200,247,16,32,0.0,0.0,0,0,0.0,0.0,0,0,BruteForce
10818839,21,32,2008,2745,640,0,95.61904762,140.0451628,976,0,85.78125,220.240592,439.326253,4.898862068,208054.5962,560074.3702,2008391,3,9158202,457910.1,810847.3119,2083142,424,10800000,348991.4516,694643.2695,2008391,3,0,0,0,0,680,1032,1.941058555,2.957803513,0,976,88.01851852,189.5902723,35944.47135,0,0,0,1,0,0,0,0,1,89.67924528,95.61904762,85.78125,680,0,0,0,0,0,0,21,2008,32,2745,29200,247,16,32,0.0,0.0,0,0,0.0,0.0,0,0,BruteForce
67,1,1,0,0,0,0,0.0,0.0,0,0,0.0,0.0,0.0,29850.74627,67.0,0.0,67,67,0,0.0,0.0,0,0,0,0.0,0.0,0,0,0,0,0,0,32,32,14925.373130000002,14925.373130000002,0,0,0.0,0.0,0.0,0,0,0,0,1,1,0,0,1,0.0,0.0,0.0,32,0,0,0,0,0,0,1,0,1,0,259,247,0,32,0.0,0.0,0,0,0.0,0.0,0,0,BruteForce
73,1,1,0,0,0,0,0.0,0.0,0,0,0.0,0.0,0.0,27397.26027,73.0,0.0,73,73,0,0.0,0.0,0,0,0,0.0,0.0,0,0,0,0,0,0,32,32,13698.63014,13698.63014,0,0,0.0,0.0,0.0,0,0,0,0,1,1,0,0,1,0.0,0.0,0.0,32,0,0,0,0,0,0,1,0,1,0,259,247,0,32,0.0,0.0,0,0,0.0,0.0,0,0,BruteForce
10734314,21,32,2008,2745,640,0,95.61904762,140.0451628,976,0,85.78125,220.240592,442.7856312,4.937437083,206429.1154,553285.1969,2005736,3,8685063,434253.15,761486.6244,1823083,485,10700000,346264.2903,685903.0244,2005736,3,0,0,0,0,680,1032,1.956342995,2.9810940880000003,0,976,88.01851852,189.5902723,35944.47135,0,0,0,1,0,0,0,0,1,89.67924528,95.61904762,85.78125,680,0,0,0,0,0,0,21,2008,32,2745,29200,247,16,32,0.0,0.0,0,0,0.0,0.0,0,0,BruteForce
92,1,1,0,0,0,0,0.0,0.0,0,0,0.0,0.0,0.0,21739.13043,92.0,0.0,92,92,0,0.0,0.0,0,0,0,0.0,0.0,0,0,0,0,0,0,32,32,10869.56522,10869.56522,0,0,0.0,0.0,0.0,0,0,0,0,1,1,0,0,1,0.0,0.0,0.0,32,0,0,0,0,0,0,1,0,1,0,259,247,0,32,0.0,0.0,0,0,0.0,0.0,0,0,BruteForce
69,1,1,0,0,0,0,0.0,0.0,0,0,0.0,0.0,0.0,28985.50725,69.0,0.0,69,69,0,0.0,0.0,0,0,0,0.0,0.0,0,0,0,0,0,0,32,32,14492.75362,14492.75362,0,0,0.0,0.0,0.0,0,0,0,0,1,1,0,0,1,0.0,0.0,0.0,32,0,0,0,0,0,0,1,0,1,0,259,247,0,32,0.0,0.0,0,0,0.0,0.0,0,0,BruteForce
10321231,21,32,2008,2745,640,0,95.61904762,140.0451628,976,0,85.78125,220.240592,460.50708489999994,5.135046391,198485.2115,534584.9068,2008293,3,8996415,449820.75,792878.7182,2064509,314,10300000,332938.5806,663068.3619,2008293,3,0,0,0,0,680,1032,2.0346410230000003,3.100405368,0,976,88.01851852,189.5902723,35944.47135,0,0,0,1,0,0,0,0,1,89.67924528,95.61904762,85.78125,680,0,0,0,0,0,0,21,2008,32,2745,29200,247,16,32,0.0,0.0,0,0,0.0,0.0,0,0,BruteForce
11094282,23,32,2008,2745,640,0,87.30434783,136.3399611,976,0,85.78125,220.240592,428.4188918,4.957508742,205449.6667,562838.0389,2012297,3,9769701,444077.3182,822861.5736,2064182,274,11100000,357876.9355,709523.5151,2012297,3,0,0,0,0,744,1032,2.073140019,2.884368723,0,976,84.875,186.8396554,34909.05682,0,0,0,1,0,0,0,0,1,86.41818182,87.30434783,85.78125,744,0,0,0,0,0,0,23,2008,32,2745,29200,247,16,32,0.0,0.0,0,0,0.0,0.0,0,0,BruteForce
11360524,21,32,2008,2745,640,0,95.61904762,140.0451628,976,0,85.78125,220.240592,418.3785889,4.665277764,218471.6154,586208.786,2206219,3,9839700,491985.0,864771.5208,2264607,586,11400000,366464.4194,726797.4273,2206219,3,0,0,0,0,680,1032,1.848506284,2.81677148,0,976,88.01851852,189.5902723,35944.47135,0,0,0,1,0,0,0,0,1,89.67924528,95.61904762,85.78125,680,0,0,0,0,0,0,21,2008,32,2745,29200,247,16,32,0.0,0.0,0,0,0.0,0.0,0,0,BruteForce
69,1,1,0,0,0,0,0.0,0.0,0,0,0.0,0.0,0.0,28985.50725,69.0,0.0,69,69,0,0.0,0.0,0,0,0,0.0,0.0,0,0,0,0,0,0,32,32,14492.75362,14492.75362,0,0,0.0,0.0,0.0,0,0,0,0,1,1,0,0,1,0.0,0.0,0.0,32,0,0,0,0,0,0,1,0,1,0,259,247,0,32,0.0,0.0,0,0,0.0,0.0,0,0,BruteForce
37,1,1,0,0,0,0,0.0,0.0,0,0,0.0,0.0,0.0,54054.05405,37.0,0.0,37,37,0,0.0,0.0,0,0,0,0.0,0.0,0,0,0,0,0,0,32,32,27027.02703,27027.02703,0,0,0.0,0.0,0.0,0,0,0,0,1,1,0,0,1,0.0,0.0,0.0,32,0,0,0,0,0,0,1,0,1,0,259,247,0,32,0.0,0.0,0,0,0.0,0.0,0,0,BruteForce
85,1,1,0,0,0,0,0.0,0.0,0,0,0.0,0.0,0.0,23529.41176,85.0,0.0,85,85,0,0.0,0.0,0,0,0,0.0,0.0,0,0,0,0,0,0,32,32,11764.70588,11764.70588,0,0,0.0,0.0,0.0,0,0,0,0,1,1,0,0,1,0.0,0.0,0.0,32,0,0,0,0,0,0,1,0,1,0,259,247,0,32,0.0,0.0,0,0,0.0,0.0,0,0,BruteForce
110,1,1,0,0,0,0,0.0,0.0,0,0,0.0,0.0,0.0,18181.81818,110.0,0.0,110,110,0,0.0,0.0,0,0,0,0.0,0.0,0,0,0,0,0,0,32,32,9090.909091,9090.909091,0,0,0.0,0.0,0.0,0,0,0,0,1,1,0,0,1,0.0,0.0,0.0,32,0,0,0,0,0,0,1,0,1,0,259,247,0,32,0.0,0.0,0,0,0.0,0.0,0,0,BruteForce
66,1,1,0,0,0,0,0.0,0.0,0,0,0.0,0.0,0.0,30303.0303,66.0,0.0,66,66,0,0.0,0.0,0,0,0,0.0,0.0,0,0,0,0,0,0,32,32,15151.51515,15151.51515,0,0,0.0,0.0,0.0,0,0,0,0,1,1,0,0,1,0.0,0.0,0.0,32,0,0,0,0,0,0,1,0,1,0,259,247,0,32,0.0,0.0,0,0,0.0,0.0,0,0,BruteForce
12110054,23,32,2008,2745,640,0,87.30434783,136.3399611,976,0,85.78125,220.240592,392.483799,4.541680822,224260.2593,613908.3796,2399502,18,10200000,465450.0455,871016.5315,2464250,400,12100000,390642.9677,773808.2225,2399502,48,0,0,0,0,744,1032,1.899248344,2.642432478,0,976,84.875,186.8396554,34909.05682,0,0,0,1,0,0,0,0,1,86.41818182,87.30434783,85.78125,744,0,0,0,0,0,0,23,2008,32,2745,29200,247,16,32,0.0,0.0,0,0,0.0,0.0,0,0,BruteForce
12286706,21,32,2008,2745,640,0,95.61904762,140.0451628,976,0,85.78125,220.240592,386.8408669,4.31360529,236282.8077,641245.8183,2416221,3,10600000,528394.1,935792.9453,2464823,534,12300000,396340.1935,795975.5088,2416221,3,0,0,0,0,680,1032,1.70916436,2.60444093,0,976,88.01851852,189.5902723,35944.47135,0,0,0,1,0,0,0,0,1,89.67924528,95.61904762,85.78125,680,0,0,0,0,0,0,21,2008,32,2745,29200,247,16,32,0.0,0.0,0,0,0.0,0.0,0,0,BruteForce
107,1,1,0,0,0,0,0.0,0.0,0,0,0.0,0.0,0.0,18691.58879,107.0,0.0,107,107,0,0.0,0.0,0,0,0,0.0,0.0,0,0,0,0,0,0,32,32,9345.794393,9345.794393,0,0,0.0,0.0,0.0,0,0,0,0,1,1,0,0,1,0.0,0.0,0.0,32,0,0,0,0,0,0,1,0,1,0,259,247,0,32,0.0,0.0,0,0,0.0,0.0,0,0,BruteForce
11817471,19,31,2008,2745,640,0,105.6842105,143.76719319999995,976,0,88.5483871,223.315,402.2011139,4.231023711000001,241172.8776,632335.9035,2479904,16,9851368,547298.2222,908212.0395,2524416,312,11800000,393911.1333,774388.2589,2479904,22,0,0,0,0,616,1000,1.60778901,2.623234701,0,976,93.19607843,193.9302988,37608.96078,0,0,0,1,0,0,0,0,1,95.06,105.6842105,88.5483871,616,0,0,0,0,0,0,19,2008,31,2745,29200,247,16,32,0.0,0.0,0,0,0.0,0.0,0,0,BruteForce
54,1,1,0,0,0,0,0.0,0.0,0,0,0.0,0.0,0.0,37037.03704,54.0,0.0,54,54,0,0.0,0.0,0,0,0,0.0,0.0,0,0,0,0,0,0,32,32,18518.51852,18518.51852,0,0,0.0,0.0,0.0,0,0,0,0,1,1,0,0,1,0.0,0.0,0.0,32,0,0,0,0,0,0,1,0,1,0,259,247,0,32,0.0,0.0,0,0,0.0,0.0,0,0,BruteForce
102,1,1,0,0,0,0,0.0,0.0,0,0,0.0,0.0,0.0,19607.84314,102.0,0.0,102,102,0,0.0,0.0,0,0,0,0.0,0.0,0,0,0,0,0,0,32,32,9803.921569,9803.921569,0,0,0.0,0.0,0.0,0,0,0,0,1,1,0,0,1,0.0,0.0,0.0,32,0,0,0,0,0,0,1,0,1,0,259,247,0,32,0.0,0.0,0,0,0.0,0.0,0,0,BruteForce
54,1,1,0,0,0,0,0.0,0.0,0,0,0.0,0.0,0.0,37037.03704,54.0,0.0,54,54,0,0.0,0.0,0,0,0,0.0,0.0,0,0,0,0,0,0,32,32,18518.51852,18518.51852,0,0,0.0,0.0,0.0,0,0,0,0,1,1,0,0,1,0.0,0.0,0.0,32,0,0,0,0,0,0,1,0,1,0,259,247,0,32,0.0,0.0,0,0,0.0,0.0,0,0,BruteForce
11177980,21,32,2008,2745,640,0,95.61904762,140.0451628,976,0,85.78125,220.240592,425.2109952,4.741464916,214961.1538,584034.8242,2303834,3,9259016,462950.8,825788.3182,2351037,288,11200000,360575.4839,725054.0055,2303834,3,0,0,0,0,680,1032,1.878693646,2.86277127,0,976,88.01851852,189.5902723,35944.47135,0,0,0,1,0,0,0,0,1,89.67924528,95.61904762,85.78125,680,0,0,0,0,0,0,21,2008,32,2745,29200,247,16,32,0.0,0.0,0,0,0.0,0.0,0,0,BruteForce
75,1,1,0,0,0,0,0.0,0.0,0,0,0.0,0.0,0.0,26666.66667,75.0,0.0,75,75,0,0.0,0.0,0,0,0,0.0,0.0,0,0,0,0,0,0,32,32,13333.33333,13333.33333,0,0,0.0,0.0,0.0,0,0,0,0,1,1,0,0,1,0.0,0.0,0.0,32,0,0,0,0,0,0,1,0,1,0,259,247,0,32,0.0,0.0,0,0,0.0,0.0,0,0,BruteForce
11576345,19,31,2008,2745,640,0,105.6842105,143.76719319999995,976,0,88.5483871,223.315,410.5786412,4.319152548,236251.9388,628138.5066,2496256,3,9408332,522685.1111,880936.0013,2551230,505,11600000,385872.7667,770346.3705,2496256,3,0,0,0,0,616,1000,1.641277968,2.67787458,0,976,93.19607843,193.9302988,37608.96078,0,0,0,1,0,0,0,0,1,95.06,105.6842105,88.5483871,616,0,0,0,0,0,0,19,2008,31,2745,29200,247,16,32,0.0,0.0,0,0,0.0,0.0,0,0,BruteForce
11728834,19,31,2008,2745,640,0,105.6842105,143.76719319999995,976,0,88.5483871,223.315,405.2406232,4.262998351,239363.9592,631084.7562,2498357,18,10000000,557326.6667,929272.174,2547876,624,11700000,390957.7,773312.7571,2498357,18,0,0,0,0,616,1000,1.619939373,2.643058978,0,976,93.19607843,193.9302988,37608.96078,0,0,0,1,0,0,0,0,1,95.06,105.6842105,88.5483871,616,0,0,0,0,0,0,19,2008,31,2745,29200,247,16,32,0.0,0.0,0,0,0.0,0.0,0,0,BruteForce
72,1,1,0,0,0,0,0.0,0.0,0,0,0.0,0.0,0.0,27777.77778,72.0,0.0,72,72,0,0.0,0.0,0,0,0,0.0,0.0,0,0,0,0,0,0,32,32,13888.88889,13888.88889,0,0,0.0,0.0,0.0,0,0,0,0,1,1,0,0,1,0.0,0.0,0.0,32,0,0,0,0,0,0,1,0,1,0,259,247,0,32,0.0,0.0,0,0,0.0,0.0,0,0,BruteForce
75,1,1,0,0,0,0,0.0,0.0,0,0,0.0,0.0,0.0,26666.66667,75.0,0.0,75,75,0,0.0,0.0,0,0,0,0.0,0.0,0,0,0,0,0,0,32,32,13333.33333,13333.33333,0,0,0.0,0.0,0.0,0,0,0,0,1,1,0,0,1,0.0,0.0,0.0,32,0,0,0,0,0,0,1,0,1,0,259,247,0,32,0.0,0.0,0,0,0.0,0.0,0,0,BruteForce
11339783,20,33,2008,2745,640,0,100.4,141.91413269999995,976,0,83.18181818,217.2857356,419.1438231,4.673810778,218072.75,596106.1287,2300152,3,9561249,503223.6316,874240.5805,2351030,330,11300000,354363.4375,731345.853,2300152,3,0,0,0,0,648,1064,1.76370218,2.910108597,0,976,88.01851852,189.5902723,35944.47135,0,0,0,1,0,0,0,0,1,89.67924528,100.4,83.18181818,648,0,0,0,0,0,0,20,2008,33,2745,29200,247,16,32,0.0,0.0,0,0,0.0,0.0,0,0,BruteForce
11388753,21,32,2008,2745,640,0,95.61904762,140.0451628,976,0,85.78125,220.240592,417.341565,4.653714063,219014.4808,597721.2922,2328350,3,9456740,472837.0,848309.517,2372814,314,11400000,367375.3548,742379.781,2328350,3,0,0,0,0,680,1032,1.84392444,2.809789623,0,976,88.01851852,189.5902723,35944.47135,0,0,0,1,0,0,0,0,1,89.67924528,95.61904762,85.78125,680,0,0,0,0,0,0,21,2008,32,2745,29200,247,16,32,0.0,0.0,0,0,0.0,0.0,0,0,BruteForce
11976449,21,31,2008,2745,640,0,95.61904762,140.0451628,976,0,88.5483871,223.315,396.8622085,4.341854585,234832.3333,629905.1158,2324238,3,9908970,495448.5,877175.6165,2367983,417,12000000,399210.2,785134.9405,2324238,3,0,0,0,0,680,1000,1.753441275,2.58841331,0,976,89.67924528,191.0076291,36483.91437,0,0,0,1,0,0,0,0,1,91.40384615,95.61904762,88.5483871,680,0,0,0,0,0,0,21,2008,31,2745,29200,247,16,32,0.0,0.0,0,0,0.0,0.0,0,0,BruteForce
12033681,21,32,2008,2745,640,0,95.61904762,140.0451628,976,0,85.78125,220.240592,394.974738,4.404304884,231416.9423,625234.363,2320278,3,10600000,528672.6,930498.1361,2393165,494,12000000,388178.9032,775737.8518,2320278,3,0,0,0,0,680,1032,1.745101935,2.659202949,0,976,88.01851852,189.5902723,35944.47135,0,0,0,1,0,0,0,0,1,89.67924528,95.61904762,85.78125,680,0,0,0,0,0,0,21,2008,32,2745,29200,247,16,32,0.0,0.0,0,0,0.0,0.0,0,0,BruteForce
80,1,1,0,0,0,0,0.0,0.0,0,0,0.0,0.0,0.0,25000.0,80.0,0.0,80,80,0,0.0,0.0,0,0,0,0.0,0.0,0,0,0,0,0,0,32,32,12500.0,12500.0,0,0,0.0,0.0,0.0,0,0,0,0,1,1,0,0,1,0.0,0.0,0.0,32,0,0,0,0,0,0,1,0,1,0,259,247,0,32,0.0,0.0,0,0,0.0,0.0,0,0,BruteForce
70,1,1,0,0,0,0,0.0,0.0,0,0,0.0,0.0,0.0,28571.42857,70.0,0.0,70,70,0,0.0,0.0,0,0,0,0.0,0.0,0,0,0,0,0,0,32,32,14285.71429,14285.71429,0,0,0.0,0.0,0.0,0,0,0,0,1,1,0,0,1,0.0,0.0,0.0,32,0,0,0,0,0,0,1,0,1,0,259,247,0,32,0.0,0.0,0,0,0.0,0.0,0,0,BruteForce
10106134,21,32,2008,2745,640,0,95.61904762,140.0451628,976,0,85.78125,220.240592,470.3084285,5.244339725,194348.7308,518140.9794,2068217,3,7996798,399839.9,697638.5158,1766085,471,10100000,326001.7097,641977.7420000001,2068217,3,0,0,0,0,680,1032,2.077945929,3.1663937960000004,0,976,88.01851852,189.5902723,35944.47135,0,0,0,1,0,0,0,0,1,89.67924528,95.61904762,85.78125,680,0,0,0,0,0,0,21,2008,32,2745,29200,247,16,32,0.0,0.0,0,0,0.0,0.0,0,0,BruteForce
109,1,1,0,0,0,0,0.0,0.0,0,0,0.0,0.0,0.0,18348.62385,109.0,0.0,109,109,0,0.0,0.0,0,0,0,0.0,0.0,0,0,0,0,0,0,32,32,9174.311927,9174.311927,0,0,0.0,0.0,0.0,0,0,0,0,1,1,0,0,1,0.0,0.0,0.0,32,0,0,0,0,0,0,1,0,1,0,259,247,0,32,0.0,0.0,0,0,0.0,0.0,0,0,BruteForce
10577221,25,32,2008,2745,640,0,80.32,132.7550125,976,0,85.78125,220.240592,449.3618882,5.3889391170000005,188878.9464,536850.2778,2552372,4,9097587,379066.125,763309.6808,2606343,236,10600000,341196.4194,689140.2812,2552372,4,0,0,0,0,808,1032,2.363569788,3.0253693289999997,0,976,81.94827586,184.19616,33928.22535,0,0,0,1,0,0,0,0,1,83.38596491,80.32,85.78125,808,0,0,0,0,0,0,25,2008,32,2745,29200,247,16,32,0.0,0.0,0,0,0.0,0.0,0,0,BruteForce
73,1,1,0,0,0,0,0.0,0.0,0,0,0.0,0.0,0.0,27397.26027,73.0,0.0,73,73,0,0.0,0.0,0,0,0,0.0,0.0,0,0,0,0,0,0,32,32,13698.63014,13698.63014,0,0,0.0,0.0,0.0,0,0,0,0,1,1,0,0,1,0.0,0.0,0.0,32,0,0,0,0,0,0,1,0,1,0,259,247,0,32,0.0,0.0,0,0,0.0,0.0,0,0,BruteForce
10905682,21,32,2008,2745,640,0,95.61904762,140.0451628,976,0,85.78125,220.240592,435.8278556,4.859851956,209724.6538,572147.4421,2540146,3,9034018,451700.9,818978.1413,2617139,451,10900000,351791.6452,710598.4823,2540146,3,0,0,0,0,680,1032,1.925601718,2.934250238,0,976,88.01851852,189.5902723,35944.47135,0,0,0,1,0,0,0,0,1,89.67924528,95.61904762,85.78125,680,0,0,0,0,0,0,21,2008,32,2745,29200,247,16,32,0.0,0.0,0,0,0.0,0.0,0,0,BruteForce
40,1,1,0,0,0,0,0.0,0.0,0,0,0.0,0.0,0.0,50000.0,40.0,0.0,40,40,0,0.0,0.0,0,0,0,0.0,0.0,0,0,0,0,0,0,32,32,25000.0,25000.0,0,0,0.0,0.0,0.0,0,0,0,0,1,1,0,0,1,0.0,0.0,0.0,32,0,0,0,0,0,0,1,0,1,0,259,247,0,32,0.0,0.0,0,0,0.0,0.0,0,0,BruteForce
92,1,1,0,0,0,0,0.0,0.0,0,0,0.0,0.0,0.0,21739.13043,92.0,0.0,92,92,0,0.0,0.0,0,0,0,0.0,0.0,0,0,0,0,0,0,32,32,10869.56522,10869.56522,0,0,0.0,0.0,0.0,0,0,0,0,1,1,0,0,1,0.0,0.0,0.0,32,0,0,0,0,0,0,1,0,1,0,259,247,0,32,0.0,0.0,0,0,0.0,0.0,0,0,BruteForce
12339974,21,32,2008,2745,640,0,95.61904762,140.0451628,976,0,85.78125,220.240592,385.1709898,4.294984738,237307.1923,650441.8195,2537091,41,9760453,488022.65,869168.9688,2559520,595,12300000,398059.871,808212.6394,2537091,41,0,0,0,0,680,1032,1.701786406,2.593198333,0,976,88.01851852,189.5902723,35944.47135,0,0,0,1,0,0,0,0,1,89.67924528,95.61904762,85.78125,680,0,0,0,0,0,0,21,2008,32,2745,29200,247,16,32,0.0,0.0,0,0,0.0,0.0,0,0,BruteForce
11979610,21,32,2008,2745,640,0,95.61904762,140.0451628,976,0,85.78125,220.240592,396.7574904,4.424184093,230377.1154,629156.3682,2496207,3,10300000,517085.8,921148.0572,2551297,503,12000000,386436.8387,781472.6316,2496207,3,0,0,0,0,680,1032,1.752978603,2.67120549,0,976,88.01851852,189.5902723,35944.47135,0,0,0,1,0,0,0,0,1,89.67924528,95.61904762,85.78125,680,0,0,0,0,0,0,21,2008,32,2745,29200,247,16,32,0.0,0.0,0,0,0.0,0.0,0,0,BruteForce
11823877,23,33,2008,2745,640,0,87.30434783,136.3399611,976,0,83.18181818,217.2857356,401.9832074,4.736179174,214979.5818,607103.4753,2508280,3,9919767,450898.5,862503.4773,2564855,184,11800000,369492.9063,763744.186,2508280,3,0,0,0,0,744,1064,1.945216446,2.7909627269999997,0,976,83.38596491,185.5048858,34412.06266,0,0,0,1,0,0,0,0,1,84.875,87.30434783,83.18181818,744,0,0,0,0,0,0,23,2008,33,2745,29200,247,16,32,0.0,0.0,0,0,0.0,0.0,0,0,BruteForce
69,1,1,0,0,0,0,0.0,0.0,0,0,0.0,0.0,0.0,28985.50725,69.0,0.0,69,69,0,0.0,0.0,0,0,0,0.0,0.0,0,0,0,0,0,0,32,32,14492.75362,14492.75362,0,0,0.0,0.0,0.0,0,0,0,0,1,1,0,0,1,0.0,0.0,0.0,32,0,0,0,0,0,0,1,0,1,0,259,247,0,32,0.0,0.0,0,0,0.0,0.0,0,0,BruteForce
12304634,21,32,2008,2745,640,0,95.61904762,140.0451628,976,0,85.78125,220.240592,386.2772351,4.307320315,236627.5769,641894.5768,2515911,3,10000000,501946.75,892987.3824,2598858,317,12300000,396919.8387,796742.4005,2515911,3,0,0,0,0,680,1032,1.706674087,2.600646228,0,976,88.01851852,189.5902723,35944.47135,0,0,0,1,0,0,0,0,1,89.67924528,95.61904762,85.78125,680,0,0,0,0,0,0,21,2008,32,2745,29200,247,16,32,0.0,0.0,0,0,0.0,0.0,0,0,BruteForce
67,1,1,0,0,0,0,0.0,0.0,0,0,0.0,0.0,0.0,29850.74627,67.0,0.0,67,67,0,0.0,0.0,0,0,0,0.0,0.0,0,0,0,0,0,0,32,32,14925.373130000002,14925.373130000002,0,0,0.0,0.0,0.0,0,0,0,0,1,1,0,0,1,0.0,0.0,0.0,32,0,0,0,0,0,0,1,0,1,0,259,257,0,32,0.0,0.0,0,0,0.0,0.0,0,0,BruteForce
75,1,1,0,0,0,0,0.0,0.0,0,0,0.0,0.0,0.0,26666.66667,75.0,0.0,75,75,0,0.0,0.0,0,0,0,0.0,0.0,0,0,0,0,0,0,32,32,13333.33333,13333.33333,0,0,0.0,0.0,0.0,0,0,0,0,1,1,0,0,1,0.0,0.0,0.0,32,0,0,0,0,0,0,1,0,1,0,259,247,0,32,0.0,0.0,0,0,0.0,0.0,0,0,BruteForce
82,1,1,0,0,0,0,0.0,0.0,0,0,0.0,0.0,0.0,24390.2439,82.0,0.0,82,82,0,0.0,0.0,0,0,0,0.0,0.0,0,0,0,0,0,0,32,32,12195.12195,12195.12195,0,0,0.0,0.0,0.0,0,0,0,0,1,1,0,0,1,0.0,0.0,0.0,32,0,0,0,0,0,0,1,0,1,0,259,257,0,32,0.0,0.0,0,0,0.0,0.0,0,0,BruteForce
12370166,19,31,2008,2745,640,0,105.6842105,143.76719319999995,976,0,88.5483871,223.315,384.2308988,4.041982945,252452.3673,661432.507,2518088,3,10500000,581056.2778,966154.4072,2597550,341,12400000,412334.5333,809950.5705,2518088,3,0,0,0,0,616,1000,1.535953519,2.506029426,0,976,93.19607843,193.9302988,37608.96078,0,0,0,1,0,0,0,0,1,95.06,105.6842105,88.5483871,616,0,0,0,0,0,0,19,2008,31,2745,29200,247,16,32,0.0,0.0,0,0,0.0,0.0,0,0,BruteForce
80,1,1,0,0,0,0,0.0,0.0,0,0,0.0,0.0,0.0,25000.0,80.0,0.0,80,80,0,0.0,0.0,0,0,0,0.0,0.0,0,0,0,0,0,0,32,32,12500.0,12500.0,0,0,0.0,0.0,0.0,0,0,0,0,1,1,0,0,1,0.0,0.0,0.0,32,0,0,0,0,0,0,1,0,1,0,259,247,0,32,0.0,0.0,0,0,0.0,0.0,0,0,BruteForce
11402063,21,32,2008,2745,640,0,95.61904762,140.0451628,976,0,85.78125,220.240592,416.8543885,4.648281631000001,219270.4423,595331.1382,2243143,4,9117565,455878.25,809336.5041,2066939,403,11400000,367805.6129,739021.543,2243143,4,0,0,0,0,680,1032,1.841771967,2.8065096639999996,0,976,88.01851852,189.5902723,35944.47135,0,0,0,1,0,0,0,0,1,89.67924528,95.61904762,85.78125,680,0,0,0,0,0,0,21,2008,32,2745,29200,247,16,32,0.0,0.0,0,0,0.0,0.0,0,0,BruteForce
40,1,1,0,0,0,0,0.0,0.0,0,0,0.0,0.0,0.0,50000.0,40.0,0.0,40,40,0,0.0,0.0,0,0,0,0.0,0.0,0,0,0,0,0,0,32,32,25000.0,25000.0,0,0,0.0,0.0,0.0,0,0,0,0,1,1,0,0,1,0.0,0.0,0.0,32,0,0,0,0,0,0,1,0,1,0,259,247,0,32,0.0,0.0,0,0,0.0,0.0,0,0,BruteForce
48,1,1,0,0,0,0,0.0,0.0,0,0,0.0,0.0,0.0,41666.66667,48.0,0.0,48,48,0,0.0,0.0,0,0,0,0.0,0.0,0,0,0,0,0,0,32,32,20833.33333,20833.33333,0,0,0.0,0.0,0.0,0,0,0,0,1,1,0,0,1,0.0,0.0,0.0,32,0,0,0,0,0,0,1,0,1,0,259,247,0,32,0.0,0.0,0,0,0.0,0.0,0,0,BruteForce
11662841,21,31,2008,2745,640,0,95.61904762,140.0451628,976,0,88.5483871,223.315,407.5336361,4.458604897,228683.1569,616897.9553,2260180,3,9711027,485551.35,868013.7552,2315217,349,11700000,388760.7,769395.4419,2260180,3,0,0,0,0,680,1000,1.800590439,2.658014458,0,976,89.67924528,191.0076291,36483.91437,0,0,0,1,0,0,0,0,1,91.40384615,95.61904762,88.5483871,680,0,0,0,0,0,0,21,2008,31,2745,29200,247,16,32,0.0,0.0,0,0,0.0,0.0,0,0,BruteForce
12425000,19,31,2008,2745,640,0,105.6842105,143.76719319999995,976,0,88.5483871,223.315,382.5352113,4.024144869,253571.4286,662674.2822,2262544,3,10500000,582955.5,959271.0682,2308040,318,12400000,414161.7667,811264.4724,2262544,3,0,0,0,0,616,1000,1.52917505,2.494969819,0,976,93.19607843,193.9302988,37608.96078,0,0,0,1,0,0,0,0,1,95.06,105.6842105,88.5483871,616,0,0,0,0,0,0,19,2008,31,2745,29200,247,16,32,0.0,0.0,0,0,0.0,0.0,0,0,BruteForce
84,1,1,0,0,0,0,0.0,0.0,0,0,0.0,0.0,0.0,23809.52381,84.0,0.0,84,84,0,0.0,0.0,0,0,0,0.0,0.0,0,0,0,0,0,0,32,32,11904.7619,11904.7619,0,0,0.0,0.0,0.0,0,0,0,0,1,1,0,0,1,0.0,0.0,0.0,32,0,0,0,0,0,0,1,0,1,0,259,247,0,32,0.0,0.0,0,0,0.0,0.0,0,0,BruteForce
12927093,23,32,2008,2745,640,0,87.30434783,136.3399611,976,0,85.78125,220.240592,367.6774043,4.254630178999999,239390.6111,661259.2196,2436182,21,10600000,482811.0909,907477.0799,2516384,303,12900000,416998.7419,834301.859,2436182,48,0,0,0,0,744,1032,1.779208984,2.475421195,0,976,84.875,186.8396554,34909.05682,0,0,0,1,0,0,0,0,1,86.41818182,87.30434783,85.78125,744,0,0,0,0,0,0,23,2008,32,2745,29200,247,16,32,0.0,0.0,0,0,0.0,0.0,0,0,BruteForce
69,1,1,0,0,0,0,0.0,0.0,0,0,0.0,0.0,0.0,28985.50725,69.0,0.0,69,69,0,0.0,0.0,0,0,0,0.0,0.0,0,0,0,0,0,0,32,32,14492.75362,14492.75362,0,0,0.0,0.0,0.0,0,0,0,0,1,1,0,0,1,0.0,0.0,0.0,32,0,0,0,0,0,0,1,0,1,0,259,247,0,32,0.0,0.0,0,0,0.0,0.0,0,0,BruteForce
12080244,21,32,2008,2745,640,0,95.61904762,140.0451628,976,0,85.78125,220.240592,393.4523177,4.387328599999999,232312.3846,639331.0988,2437196,1,10400000,519246.25,936027.3413,2483996,497,12100000,389683.4516,794725.7857,2437196,3,0,0,0,0,680,1032,1.7383754830000002,2.648953117,0,976,88.01851852,189.5902723,35944.47135,0,0,0,1,0,0,0,0,1,89.67924528,95.61904762,85.78125,680,0,0,0,0,0,0,21,2008,32,2745,29200,247,16,32,0.0,0.0,0,0,0.0,0.0,0,0,BruteForce
47,1,1,0,0,0,0,0.0,0.0,0,0,0.0,0.0,0.0,42553.19149,47.0,0.0,47,47,0,0.0,0.0,0,0,0,0.0,0.0,0,0,0,0,0,0,32,32,21276.59574,21276.59574,0,0,0.0,0.0,0.0,0,0,0,0,1,1,0,0,1,0.0,0.0,0.0,32,0,0,0,0,0,0,1,0,1,0,259,247,0,32,0.0,0.0,0,0,0.0,0.0,0,0,BruteForce
11225980,21,32,2008,2745,640,0,95.61904762,140.0451628,976,0,85.78125,220.240592,423.3928797,4.7211913789999995,215884.2308,592307.9791,2281223,3,8902471,445123.55,796080.7291,2105475,314,11200000,362123.9032,736057.1207,2281223,3,0,0,0,0,680,1032,1.870660735,2.8505306439999996,0,976,88.01851852,189.5902723,35944.47135,0,0,0,1,0,0,0,0,1,89.67924528,95.61904762,85.78125,680,0,0,0,0,0,0,21,2008,32,2745,29200,247,16,32,0.0,0.0,0,0,0.0,0.0,0,0,BruteForce
11774311,23,32,2008,2745,640,0,87.30434783,136.3399611,976,0,85.78125,220.240592,403.6754253,4.67118628,218042.7963,603828.9265,2279770,4,9450917,429587.1364,809550.0589,2138783,418,11800000,379813.1935,762080.4909999998,2279770,4,0,0,0,0,744,1032,1.953405172,2.717781108,0,976,84.875,186.8396554,34909.05682,0,0,0,1,0,0,0,0,1,86.41818182,87.30434783,85.78125,744,0,0,0,0,0,0,23,2008,32,2745,29200,247,16,32,0.0,0.0,0,0,0.0,0.0,0,0,BruteForce
79,1,1,0,0,0,0,0.0,0.0,0,0,0.0,0.0,0.0,25316.4557,79.0,0.0,79,79,0,0.0,0.0,0,0,0,0.0,0.0,0,0,0,0,0,0,32,32,12658.22785,12658.22785,0,0,0.0,0.0,0.0,0,0,0,0,1,1,0,0,1,0.0,0.0,0.0,32,0,0,0,0,0,0,1,0,1,0,259,247,0,32,0.0,0.0,0,0,0.0,0.0,0,0,BruteForce
101,1,1,0,0,0,0,0.0,0.0,0,0,0.0,0.0,0.0,19801.9802,101.0,0.0,101,101,0,0.0,0.0,0,0,0,0.0,0.0,0,0,0,0,0,0,32,32,9900.990099,9900.990099,0,0,0.0,0.0,0.0,0,0,0,0,1,1,0,0,1,0.0,0.0,0.0,32,0,0,0,0,0,0,1,0,1,0,259,247,0,32,0.0,0.0,0,0,0.0,0.0,0,0,BruteForce
11920962,21,32,2008,2745,640,0,95.61904762,140.0451628,976,0,85.78125,220.240592,398.709433,4.445949916,229249.2692,625536.4311,2436897,15,9953481,497674.05,892398.7756,2501917,496,11900000,384544.6774,776908.5056,2436897,24,0,0,0,0,680,1032,1.761602797,2.684347119,0,976,88.01851852,189.5902723,35944.47135,0,0,0,1,0,0,0,0,1,89.67924528,95.61904762,85.78125,680,0,0,0,0,0,0,21,2008,32,2745,29200,247,16,32,0.0,0.0,0,0,0.0,0.0,0,0,BruteForce
77,1,1,0,0,0,0,0.0,0.0,0,0,0.0,0.0,0.0,25974.02597,77.0,0.0,77,77,0,0.0,0.0,0,0,0,0.0,0.0,0,0,0,0,0,0,32,32,12987.01299,12987.01299,0,0,0.0,0.0,0.0,0,0,0,0,1,1,0,0,1,0.0,0.0,0.0,32,0,0,0,0,0,0,1,0,1,0,259,247,0,32,0.0,0.0,0,0,0.0,0.0,0,0,BruteForce
11584981,22,33,2008,2745,640,0,91.27272727,138.1821372,976,0,83.18181818,217.2857356,410.2725762,4.747526129,214536.6852,592751.2898,2302468,3,9240340,440016.1905,799924.0813,2099897,3,11600000,362028.4063,738751.7737,2302468,4,0,0,0,0,712,1064,1.899010452,2.848515677,0,976,84.875,186.8396554,34909.05682,0,0,0,1,0,0,0,0,1,86.41818182,91.27272727,83.18181818,712,0,0,0,0,0,0,22,2008,33,2745,29200,247,16,32,0.0,0.0,0,0,0.0,0.0,0,0,BruteForce
11223520,21,32,2008,2745,640,0,95.61904762,140.0451628,976,0,85.78125,220.240592,423.4856801,4.722226182,215836.9231,590597.5764,2460707,3,9823344,491167.2,879900.2653,2519033,378,11200000,362045.3871,733734.1995,2460707,3,0,0,0,0,680,1032,1.871070751,2.851155431,0,976,88.01851852,189.5902723,35944.47135,0,0,0,1,0,0,0,0,1,89.67924528,95.61904762,85.78125,680,0,0,0,0,0,0,21,2008,32,2745,29200,247,16,32,0.0,0.0,0,0,0.0,0.0,0,0,BruteForce
13368247,22,32,2008,2745,640,0,91.27272727,138.1821372,976,0,85.78125,220.240592,355.54399910000006,4.0394226710000005,252231.0755,688349.7468,2477469,3,10800000,516639.5714,935780.0262,2522002,237,13400000,431229.129,861209.1746,2477469,3,0,0,0,0,712,1032,1.6456907180000002,2.393731953,0,976,86.41818182,188.2012015,35419.69226,0,0,0,1,0,0,0,0,1,88.01851852,91.27272727,85.78125,712,0,0,0,0,0,0,22,2008,32,2745,29200,247,16,32,0.0,0.0,0,0,0.0,0.0,0,0,BruteForce
78,1,1,0,0,0,0,0.0,0.0,0,0,0.0,0.0,0.0,25641.02564,78.0,0.0,78,78,0,0.0,0.0,0,0,0,0.0,0.0,0,0,0,0,0,0,32,32,12820.51282,12820.51282,0,0,0.0,0.0,0.0,0,0,0,0,1,1,0,0,1,0.0,0.0,0.0,32,0,0,0,0,0,0,1,0,1,0,259,247,0,32,0.0,0.0,0,0,0.0,0.0,0,0,BruteForce
12635662,22,32,2008,2745,640,0,91.27272727,138.1821372,976,0,85.78125,220.240592,376.1575769,4.273618588,238408.717,649857.7427,2460126,3,10100000,482596.2857,869970.7619,2272630,336,12600000,407600.0,812957.6934,2460126,3,0,0,0,0,712,1032,1.741103869,2.532514719,0,976,86.41818182,188.2012015,35419.69226,0,0,0,1,0,0,0,0,1,88.01851852,91.27272727,85.78125,712,0,0,0,0,0,0,22,2008,32,2745,29200,247,16,32,0.0,0.0,0,0,0.0,0.0,0,0,BruteForce
12183790,21,32,2008,2745,640,0,95.61904762,140.0451628,976,0,85.78125,220.240592,390.1084966,4.350042146,234303.6538,628461.8186,2220148,3,10300000,514564.65,902277.8753,2285750,529,12200000,393021.4194,779148.4777,2220148,3,0,0,0,0,680,1032,1.723601605,2.626440541,0,976,88.01851852,189.5902723,35944.47135,0,0,0,1,0,0,0,0,1,89.67924528,95.61904762,85.78125,680,0,0,0,0,0,0,21,2008,32,2745,29200,247,16,32,0.0,0.0,0,0,0.0,0.0,0,0,BruteForce
94,1,1,0,0,0,0,0.0,0.0,0,0,0.0,0.0,0.0,21276.59574,94.0,0.0,94,94,0,0.0,0.0,0,0,0,0.0,0.0,0,0,0,0,0,0,32,32,10638.29787,10638.29787,0,0,0.0,0.0,0.0,0,0,0,0,1,1,0,0,1,0.0,0.0,0.0,32,0,0,0,0,0,0,1,0,1,0,259,247,0,32,0.0,0.0,0,0,0.0,0.0,0,0,BruteForce
12554272,20,33,2008,2745,640,0,100.4,141.91413269999995,976,0,83.18181818,217.2857356,378.596226,4.22167052,241428.3077,647163.243,2312072,4,10500000,551471.1053,937465.7378,2359043,701,12600000,392318.2813,792516.5406,2312072,4,0,0,0,0,648,1064,1.593083215,2.628587305,0,976,88.01851852,189.5902723,35944.47135,0,0,0,1,0,0,0,0,1,89.67924528,100.4,83.18181818,648,0,0,0,0,0,0,20,2008,33,2745,29200,247,16,32,0.0,0.0,0,0,0.0,0.0,0,0,BruteForce
12796417,21,32,2024,2745,640,0,96.38095238,140.1821944,976,0,85.78125,220.240592,372.682447,4.141784376,246084.9423,670766.0542,2635034,4,10700000,536655.4,957162.4242,2682662,422,12800000,412784.5806,832976.4566,2635034,4,0,0,0,0,680,1032,1.641084375,2.500700001,0,976,88.31481481,189.6409541,35963.69147,0,0,0,1,0,0,0,0,1,89.98113208,96.38095238,85.78125,680,0,0,0,0,0,0,21,2024,32,2745,29200,257,16,32,0.0,0.0,0,0,0.0,0.0,0,0,BruteForce
13020678,23,32,2008,2745,640,0,87.30434783,136.3399611,976,0,85.78125,220.240592,365.0347547,4.2240503910000005,241123.6667,664623.6419,2512870,3,10600000,481863.2273,902135.0479,2578013,331,13000000,420018.4839,838352.8171,2512870,3,0,0,0,0,744,1032,1.766421073,2.457629319,0,976,84.875,186.8396554,34909.05682,0,0,0,1,0,0,0,0,1,86.41818182,87.30434783,85.78125,744,0,0,0,0,0,0,23,2008,32,2745,29200,247,16,32,0.0,0.0,0,0,0.0,0.0,0,0,BruteForce
13594437,21,32,2008,2745,640,0,95.61904762,140.0451628,976,0,85.78125,220.240592,349.6283075,3.898653545,261431.4808,708698.5985,2656373,4,11100000,552781.2,975653.831,2731173,344,13600000,438525.0,879626.0859999999,2656373,4,0,0,0,0,680,1032,1.5447495180000002,2.353904027,0,976,88.01851852,189.5902723,35944.47135,0,0,0,1,0,0,0,0,1,89.67924528,95.61904762,85.78125,680,0,0,0,0,0,0,21,2008,32,2745,29200,247,16,32,0.0,0.0,0,0,0.0,0.0,0,0,BruteForce
13062730,21,32,2008,2745,640,0,95.61904762,140.0451628,976,0,85.78125,220.240592,363.859622,4.057344828,251206.3462,684310.0064,2652189,3,11100000,556650.1,988343.0192,2701438,514,13100000,421376.2903,849742.6095,2652189,3,0,0,0,0,680,1032,1.607627196,2.449717632,0,976,88.01851852,189.5902723,35944.47135,0,0,0,1,0,0,0,0,1,89.67924528,95.61904762,85.78125,680,0,0,0,0,0,0,21,2008,32,2745,29200,247,16,32,0.0,0.0,0,0,0.0,0.0,0,0,BruteForce
76,1,1,0,0,0,0,0.0,0.0,0,0,0.0,0.0,0.0,26315.78947,76.0,0.0,76,76,0,0.0,0.0,0,0,0,0.0,0.0,0,0,0,0,0,0,32,32,13157.89474,13157.89474,0,0,0.0,0.0,0.0,0,0,0,0,1,1,0,0,1,0.0,0.0,0.0,32,0,0,0,0,0,0,1,0,1,0,259,247,0,32,0.0,0.0,0,0,0.0,0.0,0,0,BruteForce
82,1,1,0,0,0,0,0.0,0.0,0,0,0.0,0.0,0.0,24390.2439,82.0,0.0,82,82,0,0.0,0.0,0,0,0,0.0,0.0,0,0,0,0,0,0,32,32,12195.12195,12195.12195,0,0,0.0,0.0,0.0,0,0,0,0,1,1,0,0,1,0.0,0.0,0.0,32,0,0,0,0,0,0,1,0,1,0,259,247,0,32,0.0,0.0,0,0,0.0,0.0,0,0,BruteForce
70,1,1,0,0,0,0,0.0,0.0,0,0,0.0,0.0,0.0,28571.42857,70.0,0.0,70,70,0,0.0,0.0,0,0,0,0.0,0.0,0,0,0,0,0,0,32,32,14285.71429,14285.71429,0,0,0.0,0.0,0.0,0,0,0,0,1,1,0,0,1,0.0,0.0,0.0,32,0,0,0,0,0,0,1,0,1,0,259,247,0,32,0.0,0.0,0,0,0.0,0.0,0,0,BruteForce
12485064,21,32,2008,2745,640,0,95.61904762,140.0451628,976,0,85.78125,220.240592,380.6948847,4.245072352,240097.3846,652327.6523,2414280,3,10000000,501369.65,884592.6525,2432468,507,12500000,402738.8065,809819.2389,2414280,3,0,0,0,0,680,1032,1.6820098,2.563062552,0,976,88.01851852,189.5902723,35944.47135,0,0,0,1,0,0,0,0,1,89.67924528,95.61904762,85.78125,680,0,0,0,0,0,0,21,2008,32,2745,29200,247,16,32,0.0,0.0,0,0,0.0,0.0,0,0,BruteForce
12558467,22,33,2008,2745,640,0,91.27272727,138.1821372,976,0,83.18181818,217.2857356,378.4697607,4.37951543,232564.2037,634563.6865,2182775,3,10800000,512564.0,921482.9674,2236999,618,12600000,392448.1563,789839.8879,2182775,3,0,0,0,0,712,1064,1.7518061719999998,2.6277092580000003,0,976,84.875,186.8396554,34909.05682,0,0,0,1,0,0,0,0,1,86.41818182,91.27272727,83.18181818,712,0,0,0,0,0,0,22,2008,33,2745,29200,247,16,32,0.0,0.0,0,0,0.0,0.0,0,0,BruteForce
13789837,21,32,2008,2745,640,0,95.61904762,140.0451628,976,0,85.78125,220.240592,344.6741249,3.843410187,265189.1731,714172.9906,2434641,3,11600000,581345.9,1019102.492,2501468,498,13800000,444829.2903,885774.0742,2434641,3,0,0,0,0,680,1032,1.52286064,2.3205495469999997,0,976,88.01851852,189.5902723,35944.47135,0,0,0,1,0,0,0,0,1,89.67924528,95.61904762,85.78125,680,0,0,0,0,0,0,21,2008,32,2745,29200,247,16,32,0.0,0.0,0,0,0.0,0.0,0,0,BruteForce
12750615,21,32,2008,2745,640,0,95.61904762,140.0451628,976,0,85.78125,220.240592,372.7663332,4.156662247,245204.1346,662685.5861,2435351,4,10500000,526376.8,929411.2383,2502225,335,12800000,411305.9677,822224.7716,2435351,4,0,0,0,0,680,1032,1.646979381,2.509682866,0,976,88.01851852,189.5902723,35944.47135,0,0,0,1,0,0,0,0,1,89.67924528,95.61904762,85.78125,680,0,0,0,0,0,0,21,2008,32,2745,29200,247,16,32,0.0,0.0,0,0,0.0,0.0,0,0,BruteForce
64,1,1,0,0,0,0,0.0,0.0,0,0,0.0,0.0,0.0,31250.0,64.0,0.0,64,64,0,0.0,0.0,0,0,0,0.0,0.0,0,0,0,0,0,0,32,32,15625.0,15625.0,0,0,0.0,0.0,0.0,0,0,0,0,1,1,0,0,1,0.0,0.0,0.0,32,0,0,0,0,0,0,1,0,1,0,259,247,0,32,0.0,0.0,0,0,0.0,0.0,0,0,BruteForce
72,1,1,0,0,0,0,0.0,0.0,0,0,0.0,0.0,0.0,27777.77778,72.0,0.0,72,72,0,0.0,0.0,0,0,0,0.0,0.0,0,0,0,0,0,0,32,32,13888.88889,13888.88889,0,0,0.0,0.0,0.0,0,0,0,0,1,1,0,0,1,0.0,0.0,0.0,32,0,0,0,0,0,0,1,0,1,0,259,247,0,32,0.0,0.0,0,0,0.0,0.0,0,0,BruteForce
39,1,1,0,0,0,0,0.0,0.0,0,0,0.0,0.0,0.0,51282.05128,39.0,0.0,39,39,0,0.0,0.0,0,0,0,0.0,0.0,0,0,0,0,0,0,32,32,25641.02564,25641.02564,0,0,0.0,0.0,0.0,0,0,0,0,1,1,0,0,1,0.0,0.0,0.0,32,0,0,0,0,0,0,1,0,1,0,259,247,0,32,0.0,0.0,0,0,0.0,0.0,0,0,BruteForce
13112699,21,32,2024,2745,640,0,96.38095238,140.1821944,976,0,85.78125,220.240592,363.6932412,4.041883368,252167.2885,678718.2562,2419544,3,11100000,557276.7,977601.0891,2474235,218,13100000,422986.7742,841749.8232,2419544,3,0,0,0,0,680,1032,1.6015009569999998,2.440382411,0,976,88.31481481,189.6409541,35963.69147,0,0,0,1,0,0,0,0,1,89.98113208,96.38095238,85.78125,680,0,0,0,0,0,0,21,2024,32,2745,29200,257,16,32,0.0,0.0,0,0,0.0,0.0,0,0,BruteForce
13249795,21,32,2008,2745,640,0,95.61904762,140.0451628,976,0,85.78125,220.240592,358.7225312,4.000061888,254803.75,687008.5792,2418304,4,11200000,558035.3,980325.9852,2465081,313,13200000,427408.871,852190.5282,2418304,4,0,0,0,0,680,1032,1.584930182,2.415131706,0,976,88.01851852,189.5902723,35944.47135,0,0,0,1,0,0,0,0,1,89.67924528,95.61904762,85.78125,680,0,0,0,0,0,0,21,2008,32,2745,29200,247,16,32,0.0,0.0,0,0,0.0,0.0,0,0,BruteForce
12519806,21,32,2008,2745,640,0,95.61904762,140.0451628,976,0,85.78125,220.240592,379.6384704,4.233292433,240765.5,649307.1657,2179183,18,10500000,526385.8,924524.7818,2234054,363,12500000,403861.7742,805448.2736,2179183,41,0,0,0,0,680,1032,1.677342285,2.555950148,0,976,88.01851852,189.5902723,35944.47135,0,0,0,1,0,0,0,0,1,89.67924528,95.61904762,85.78125,680,0,0,0,0,0,0,21,2008,32,2745,29200,247,16,32,0.0,0.0,0,0,0.0,0.0,0,0,BruteForce
13271756,21,33,2008,2745,640,0,95.61904762,140.0451628,976,0,83.18181818,217.2857356,358.1289469,4.0687908969999995,250410.4906,685118.6099,2572212,18,11100000,554449.65,976404.1085,2616371,250,13300000,414739.0,846773.5809,2572212,18,0,0,0,0,680,1064,1.582307571,2.486483326,0,976,86.41818182,188.2012015,35419.69226,0,0,0,1,0,0,0,0,1,88.01851852,95.61904762,83.18181818,680,0,0,0,0,0,0,21,2008,33,2745,29200,247,16,32,0.0,0.0,0,0,0.0,0.0,0,0,BruteForce
13344180,21,32,2008,2745,640,0,95.61904762,140.0451628,976,0,85.78125,220.240592,356.1852433,3.971768966,256618.8462,691466.7426,2572238,1,11200000,557809.45,984013.3312,2635896,339,13300000,430451.1935,857663.224,2572238,1,0,0,0,0,680,1032,1.5737197790000002,2.398049187,0,976,88.01851852,189.5902723,35944.47135,0,0,0,1,0,0,0,0,1,89.67924528,95.61904762,85.78125,680,0,0,0,0,0,0,21,2008,32,2745,29200,247,16,32,0.0,0.0,0,0,0.0,0.0,0,0,BruteForce
108,1,1,0,0,0,0,0.0,0.0,0,0,0.0,0.0,0.0,18518.51852,108.0,0.0,108,108,0,0.0,0.0,0,0,0,0.0,0.0,0,0,0,0,0,0,32,32,9259.259259,9259.259259,0,0,0.0,0.0,0.0,0,0,0,0,1,1,0,0,1,0.0,0.0,0.0,32,0,0,0,0,0,0,1,0,1,0,259,247,0,32,0.0,0.0,0,0,0.0,0.0,0,0,BruteForce
13659814,21,32,2008,2745,640,0,95.61904762,140.0451628,976,0,85.78125,220.240592,347.9549575000001,3.879994266,262688.7308,708341.4362,2606900,1,11700000,584618.15,1028911.11,2664927,587,13700000,440635.2581,878659.2377,2606900,1,0,0,0,0,680,1032,1.537356219,2.342638048,0,976,88.01851852,189.5902723,35944.47135,0,0,0,1,0,0,0,0,1,89.67924528,95.61904762,85.78125,680,0,0,0,0,0,0,21,2008,32,2745,29200,247,16,32,0.0,0.0,0,0,0.0,0.0,0,0,BruteForce
38,1,1,0,0,0,0,0.0,0.0,0,0,0.0,0.0,0.0,52631.57895,38.0,0.0,38,38,0,0.0,0.0,0,0,0,0.0,0.0,0,0,0,0,0,0,32,32,26315.78947,26315.78947,0,0,0.0,0.0,0.0,0,0,0,0,1,1,0,0,1,0.0,0.0,0.0,32,0,0,0,0,0,0,1,0,1,0,259,247,0,32,0.0,0.0,0,0,0.0,0.0,0,0,BruteForce
44,1,1,0,0,0,0,0.0,0.0,0,0,0.0,0.0,0.0,45454.54545,44.0,0.0,44,44,0,0.0,0.0,0,0,0,0.0,0.0,0,0,0,0,0,0,32,32,22727.27273,22727.27273,0,0,0.0,0.0,0.0,0,0,0,0,1,1,0,0,1,0.0,0.0,0.0,32,0,0,0,0,0,0,1,0,1,0,259,247,0,32,0.0,0.0,0,0,0.0,0.0,0,0,BruteForce
14090166,21,32,2008,2745,640,0,95.61904762,140.0451628,976,0,85.78125,220.240592,337.3274665,3.761488687,270964.7308,732282.2797,2595530,17,11500000,573781.55,1011076.65,2671263,346,14100000,454518.1935,908561.5408,2595530,17,0,0,0,0,680,1032,1.4904011780000002,2.271087509,0,976,88.01851852,189.5902723,35944.47135,0,0,0,1,0,0,0,0,1,89.67924528,95.61904762,85.78125,680,0,0,0,0,0,0,21,2008,32,2745,29200,247,16,32,0.0,0.0,0,0,0.0,0.0,0,0,BruteForce
12866732,21,32,2024,2745,640,0,96.38095238,140.1821944,976,0,85.78125,220.240592,370.6457864,4.119150069,247437.1538,667587.2081,2356424,25,10800000,540200.4,953106.3836,2401781,228,12900000,415052.2581,828150.9836,2356424,39,0,0,0,0,680,1032,1.632116065,2.487034004,0,976,88.31481481,189.6409541,35963.69147,0,0,0,1,0,0,0,0,1,89.98113208,96.38095238,85.78125,680,0,0,0,0,0,0,21,2024,32,2745,29200,257,16,32,0.0,0.0,0,0,0.0,0.0,0,0,BruteForce
12784122,21,32,2008,2745,640,0,95.61904762,140.0451628,976,0,85.78125,220.240592,371.789318,4.145767695,245848.5,665820.7761,2360847,3,10700000,535894.0,944669.3714,2416697,379,12800000,412387.1935,826295.0421,2360847,3,0,0,0,0,680,1032,1.642662672,2.503105024,0,976,88.01851852,189.5902723,35944.47135,0,0,0,1,0,0,0,0,1,89.67924528,95.61904762,85.78125,680,0,0,0,0,0,0,21,2008,32,2745,29200,247,16,32,0.0,0.0,0,0,0.0,0.0,0,0,BruteForce
12470314,23,32,2008,2745,640,0,87.30434783,136.3399611,976,0,85.78125,220.240592,381.1451741,4.410474347,230931.7407,635293.6963,2336228,12,10100000,458755.3182,858824.2891,2379819,242,12500000,402264.871,801222.8588,2336228,40,0,0,0,0,744,1032,1.844380182,2.566094166,0,976,84.875,186.8396554,34909.05682,0,0,0,1,0,0,0,0,1,86.41818182,87.30434783,85.78125,744,0,0,0,0,0,0,23,2008,32,2745,29200,247,16,32,0.0,0.0,0,0,0.0,0.0,0,0,BruteForce
36,1,1,0,0,0,0,0.0,0.0,0,0,0.0,0.0,0.0,55555.55556,36.0,0.0,36,36,0,0.0,0.0,0,0,0,0.0,0.0,0,0,0,0,0,0,32,32,27777.77778,27777.77778,0,0,0.0,0.0,0.0,0,0,0,0,1,1,0,0,1,0.0,0.0,0.0,32,0,0,0,0,0,0,1,0,1,0,259,247,0,32,0.0,0.0,0,0,0.0,0.0,0,0,BruteForce
12194704,23,32,2008,2745,640,0,87.30434783,136.3399611,976,0,85.78125,220.240592,389.7593578,4.510154572,225827.8519,619269.3685,2298512,11,10000000,454773.7727,851743.6479999998,2364848,522,12200000,393375.129,780725.6555,2298512,47,0,0,0,0,744,1032,1.886064639,2.624089933,0,976,84.875,186.8396554,34909.05682,0,0,0,1,0,0,0,0,1,86.41818182,87.30434783,85.78125,744,0,0,0,0,0,0,23,2008,32,2745,29200,247,16,32,0.0,0.0,0,0,0.0,0.0,0,0,BruteForce
11896337,25,32,2008,2745,640,0,80.32,132.7550125,976,0,85.78125,220.240592,399.5347475,4.791390829,212434.5893,592137.6806,2298674,25,10300000,428290.5417,842409.9859999998,2364138,407,11900000,383749.4516,758311.1765,2298674,25,0,0,0,0,808,1032,2.101487206,2.689903623,0,976,81.94827586,184.19616,33928.22535,0,0,0,1,0,0,0,0,1,83.38596491,80.32,85.78125,808,0,0,0,0,0,0,25,2008,32,2745,29200,247,16,32,0.0,0.0,0,0,0.0,0.0,0,0,BruteForce
44,1,1,0,0,0,0,0.0,0.0,0,0,0.0,0.0,0.0,45454.54545,44.0,0.0,44,44,0,0.0,0.0,0,0,0,0.0,0.0,0,0,0,0,0,0,32,32,22727.27273,22727.27273,0,0,0.0,0.0,0.0,0,0,0,0,1,1,0,0,1,0.0,0.0,0.0,32,0,0,0,0,0,0,1,0,1,0,259,247,0,32,0.0,0.0,0,0,0.0,0.0,0,0,BruteForce
11882117,23,32,2008,2745,640,0,87.30434783,136.3399611,976,0,85.78125,220.240592,400.0128933,4.6288047830000005,220039.2037,604613.3319,2320419,4,10200000,461395.4091,861704.7973,2369773,385,11900000,383291.3226,762422.8304,2320419,4,0,0,0,0,744,1032,1.935682,2.693122783,0,976,84.875,186.8396554,34909.05682,0,0,0,1,0,0,0,0,1,86.41818182,87.30434783,85.78125,744,0,0,0,0,0,0,23,2008,32,2745,29200,247,16,32,0.0,0.0,0,0,0.0,0.0,0,0,BruteForce
11832533,21,32,2008,2745,640,0,95.61904762,140.0451628,976,0,85.78125,220.240592,401.6891396,4.479176183,227548.7115,615299.9237,2314600,1,9985663,499283.15,882505.6298,2375363,337,11800000,381692.8065,763478.6412,2314600,1,0,0,0,0,680,1032,1.774767922,2.704408262,0,976,88.01851852,189.5902723,35944.47135,0,0,0,1,0,0,0,0,1,89.67924528,95.61904762,85.78125,680,0,0,0,0,0,0,21,2008,32,2745,29200,247,16,32,0.0,0.0,0,0,0.0,0.0,0,0,BruteForce
11924955,23,32,2008,2745,640,0,87.30434783,136.3399611,976,0,85.78125,220.240592,398.5759275,4.612176734,220832.5,606271.9223,2327481,16,10100000,457738.5909,858147.5923,2401147,388,11900000,384673.129,764424.0961,2327481,48,0,0,0,0,744,1032,1.928728452,2.683448281,0,976,84.875,186.8396554,34909.05682,0,0,0,1,0,0,0,0,1,86.41818182,87.30434783,85.78125,744,0,0,0,0,0,0,23,2008,32,2745,29200,247,16,32,0.0,0.0,0,0,0.0,0.0,0,0,BruteForce
12025538,23,32,2008,2745,640,0,87.30434783,136.3399611,976,0,85.78125,220.240592,395.2421921,4.57359995,222695.1481,613951.9001,2480061,17,10100000,460841.7273,868586.1627,2559967,254,12000000,387916.0,774485.781,2480061,17,0,0,0,0,744,1032,1.912596343,2.661003607,0,976,84.875,186.8396554,34909.05682,0,0,0,1,0,0,0,0,1,86.41818182,87.30434783,85.78125,744,0,0,0,0,0,0,23,2008,32,2745,29200,247,16,32,0.0,0.0,0,0,0.0,0.0,0,0,BruteForce
12073555,24,32,2008,2745,640,0,83.66666667,134.5286996,976,0,85.78125,220.240592,393.6702984,4.638236211000001,219519.1818,607499.9339,2336218,18,9930260,431750.4348,824859.2654,2401306,530,12100000,389466.6452,772178.8613,2336218,18,0,0,0,0,776,1032,1.987815519,2.650420692,0,976,83.38596491,185.5048858,34412.06266,0,0,0,1,0,0,0,0,1,84.875,83.66666667,85.78125,776,0,0,0,0,0,0,24,2008,32,2745,29200,247,16,32,0.0,0.0,0,0,0.0,0.0,0,0,BruteForce
66,1,1,0,0,0,0,0.0,0.0,0,0,0.0,0.0,0.0,30303.0303,66.0,0.0,66,66,0,0.0,0.0,0,0,0,0.0,0.0,0,0,0,0,0,0,32,32,15151.51515,15151.51515,0,0,0.0,0.0,0.0,0,0,0,0,1,1,0,0,1,0.0,0.0,0.0,32,0,0,0,0,0,0,1,0,1,0,259,247,0,32,0.0,0.0,0,0,0.0,0.0,0,0,BruteForce
11858291,20,33,1992,2745,640,0,99.6,141.89039509999995,976,0,83.18181818,217.2857356,399.4673431000001,4.469446736,228044.0577,610156.701,2083778,3,9831788,517462.5263,876208.2068,2149263,259,11900000,370567.6562,747069.9612,2083778,3,0,0,0,0,648,1064,1.686583674,2.7828630619999997,0,976,87.72222222,189.5645872,35934.7327,0,0,0,1,0,0,0,0,1,89.37735849,99.6,83.18181818,648,0,0,0,0,0,0,20,1992,33,2745,29200,247,16,32,0.0,0.0,0,0,0.0,0.0,0,0,BruteForce
49,1,1,0,0,0,0,0.0,0.0,0,0,0.0,0.0,0.0,40816.32653,49.0,0.0,49,49,0,0.0,0.0,0,0,0,0.0,0.0,0,0,0,0,0,0,32,32,20408.163269999997,20408.163269999997,0,0,0.0,0.0,0.0,0,0,0,0,1,1,0,0,1,0.0,0.0,0.0,32,0,0,0,0,0,0,1,0,1,0,259,247,0,32,0.0,0.0,0,0,0.0,0.0,0,0,BruteForce
11603662,21,32,2008,2745,640,0,95.61904762,140.0451628,976,0,85.78125,220.240592,409.612069,4.567523597,223147.3462,601189.4474,2082645,3,9519918,475995.9,836499.6443,2129584,258,11600000,374307.2258,745689.0402,2082645,3,0,0,0,0,680,1032,1.809773501,2.757750096,0,976,88.01851852,189.5902723,35944.47135,0,0,0,1,0,0,0,0,1,89.67924528,95.61904762,85.78125,680,0,0,0,0,0,0,21,2008,32,2745,29200,247,16,32,0.0,0.0,0,0,0.0,0.0,0,0,BruteForce
64,1,1,0,0,0,0,0.0,0.0,0,0,0.0,0.0,0.0,31250.0,64.0,0.0,64,64,0,0.0,0.0,0,0,0,0.0,0.0,0,0,0,0,0,0,32,32,15625.0,15625.0,0,0,0.0,0.0,0.0,0,0,0,0,1,1,0,0,1,0.0,0.0,0.0,32,0,0,0,0,0,0,1,0,1,0,259,247,0,32,0.0,0.0,0,0,0.0,0.0,0,0,BruteForce
11875305,23,31,2008,2745,640,0,87.30434783,136.3399611,976,0,88.5483871,223.315,400.2423517,4.547251628,224062.3585,607367.7174,2214778,4,10200000,463293.1818,866970.2576,2294048,228,11900000,395839.5667,768936.5795,2214778,4,0,0,0,0,744,1000,1.93679236,2.610459268,0,976,86.41818182,188.2012015,35419.69226,0,0,0,1,0,0,0,0,1,88.01851852,87.30434783,88.5483871,744,0,0,0,0,0,0,23,2008,31,2745,29200,247,16,32,0.0,0.0,0,0,0.0,0.0,0,0,BruteForce
12288429,23,32,2008,2745,640,0,87.30434783,136.3399611,976,0,85.78125,220.240592,386.7866267,4.4757552,227563.5,627043.802,2492148,4,9752784,443308.3636,821885.6365,2116136,377,12300000,396397.7742,790954.8603,2492148,4,0,0,0,0,744,1032,1.871679447,2.604075753,0,976,84.875,186.8396554,34909.05682,0,0,0,1,0,0,0,0,1,86.41818182,87.30434783,85.78125,744,0,0,0,0,0,0,23,2008,32,2745,29200,247,16,32,0.0,0.0,0,0,0.0,0.0,0,0,BruteForce
11449717,23,32,2008,2745,640,0,87.30434783,136.3399611,976,0,85.78125,220.240592,415.1194305,4.803612177,212031.7963,579600.7429,2080141,4,9598777,436308.0455,812753.9741,2131796,577,11400000,369342.0645,730476.2988,2080141,4,0,0,0,0,744,1032,2.008783274,2.794828903,0,976,84.875,186.8396554,34909.05682,0,0,0,1,0,0,0,0,1,86.41818182,87.30434783,85.78125,744,0,0,0,0,0,0,23,2008,32,2745,29200,247,16,32,0.0,0.0,0,0,0.0,0.0,0,0,BruteForce
75,1,1,0,0,0,0,0.0,0.0,0,0,0.0,0.0,0.0,26666.66667,75.0,0.0,75,75,0,0.0,0.0,0,0,0,0.0,0.0,0,0,0,0,0,0,32,32,13333.33333,13333.33333,0,0,0.0,0.0,0.0,0,0,0,0,1,1,0,0,1,0.0,0.0,0.0,32,0,0,0,0,0,0,1,0,1,0,259,247,0,32,0.0,0.0,0,0,0.0,0.0,0,0,BruteForce
117,1,1,0,0,0,0,0.0,0.0,0,0,0.0,0.0,0.0,17094.01709,117.0,0.0,117,117,0,0.0,0.0,0,0,0,0.0,0.0,0,0,0,0,0,0,32,32,8547.008547,8547.008547,0,0,0.0,0.0,0.0,0,0,0,0,1,1,0,0,1,0.0,0.0,0.0,32,0,0,0,0,0,0,1,0,1,0,259,247,0,32,0.0,0.0,0,0,0.0,0.0,0,0,BruteForce
21,1,1,0,0,0,0,0.0,0.0,0,0,0.0,0.0,0.0,95238.09524,21.0,0.0,21,21,0,0.0,0.0,0,0,0,0.0,0.0,0,0,0,0,0,0,32,32,47619.04762,47619.04762,0,0,0.0,0.0,0.0,0,0,0,0,1,1,0,0,1,0.0,0.0,0.0,32,0,0,0,0,0,0,1,0,1,0,259,247,0,32,0.0,0.0,0,0,0.0,0.0,0,0,BruteForce
109,1,1,0,0,0,0,0.0,0.0,0,0,0.0,0.0,0.0,18348.62385,109.0,0.0,109,109,0,0.0,0.0,0,0,0,0.0,0.0,0,0,0,0,0,0,32,32,9174.311927,9174.311927,0,0,0.0,0.0,0.0,0,0,0,0,1,1,0,0,1,0.0,0.0,0.0,32,0,0,0,0,0,0,1,0,1,0,259,247,0,32,0.0,0.0,0,0,0.0,0.0,0,0,BruteForce
11997725,21,32,2008,2745,640,0,95.61904762,140.0451628,976,0,85.78125,220.240592,396.1584384,4.417504152,230725.4808,618642.6732,2215395,4,10200000,509139.6,895221.3281,2264986,488,12000000,387019.4516,766944.5146,2215395,4,0,0,0,0,680,1032,1.750331834,2.667172318,0,976,88.01851852,189.5902723,35944.47135,0,0,0,1,0,0,0,0,1,89.67924528,95.61904762,85.78125,680,0,0,0,0,0,0,21,2008,32,2745,29200,247,16,32,0.0,0.0,0,0,0.0,0.0,0,0,BruteForce
12035846,23,32,2008,2745,640,0,87.30434783,136.3399611,976,0,85.78125,220.240592,394.9036902,4.569682929,222886.037,609024.642,2216205,3,10200000,462186.4545,860654.3359999999,2264727,336,12000000,388248.7097,767525.5351,2216205,3,0,0,0,0,744,1032,1.910958316,2.658724613,0,976,84.875,186.8396554,34909.05682,0,0,0,1,0,0,0,0,1,86.41818182,87.30434783,85.78125,744,0,0,0,0,0,0,23,2008,32,2745,29200,247,16,32,0.0,0.0,0,0,0.0,0.0,0,0,BruteForce
11913120,23,32,1992,2745,640,0,86.60869565,136.24901640000002,976,0,85.78125,220.240592,397.6288327,4.616758666,220613.3333,606997.5141,2235862,4,9868822,448582.8182,840770.3549,2300956,470,11900000,384289.871,765529.3856,2235862,4,0,0,0,0,744,1032,1.930644533,2.686114133,0,976,84.58928571,186.8096529,34897.84643,0,0,0,1,0,0,0,0,1,86.12727273,86.60869565,85.78125,744,0,0,0,0,0,0,23,1992,32,2745,29200,247,16,32,0.0,0.0,0,0,0.0,0.0,0,0,BruteForce
11857728,19,31,2008,2745,640,0,105.6842105,143.76719319999995,976,0,88.5483871,223.315,400.8356407,4.21665938,241994.449,628592.1395,2048093,3,9868798,548266.5556,895943.8787,2101178,236,11900000,395253.2333,769085.135,2048093,3,0,0,0,0,616,1000,1.602330565,2.614328816,0,976,93.19607843,193.9302988,37608.96078,0,0,0,1,0,0,0,0,1,95.06,105.6842105,88.5483871,616,0,0,0,0,0,0,19,2008,31,2745,29200,247,16,32,0.0,0.0,0,0,0.0,0.0,0,0,BruteForce
48,1,1,0,0,0,0,0.0,0.0,0,0,0.0,0.0,0.0,41666.66667,48.0,0.0,48,48,0,0.0,0.0,0,0,0,0.0,0.0,0,0,0,0,0,0,32,32,20833.33333,20833.33333,0,0,0.0,0.0,0.0,0,0,0,0,1,1,0,0,1,0.0,0.0,0.0,32,0,0,0,0,0,0,1,0,1,0,259,247,0,32,0.0,0.0,0,0,0.0,0.0,0,0,BruteForce
44,1,1,0,0,0,0,0.0,0.0,0,0,0.0,0.0,0.0,45454.54545,44.0,0.0,44,44,0,0.0,0.0,0,0,0,0.0,0.0,0,0,0,0,0,0,32,32,22727.27273,22727.27273,0,0,0.0,0.0,0.0,0,0,0,0,1,1,0,0,1,0.0,0.0,0.0,32,0,0,0,0,0,0,1,0,1,0,259,247,0,32,0.0,0.0,0,0,0.0,0.0,0,0,BruteForce
11312428,21,32,2008,2745,640,0,95.61904762,140.0451628,976,0,85.78125,220.240592,420.1573703,4.685112692,217546.6923,590685.6827,2256205,3,9800165,490008.25,869604.6922,2305545,328,11300000,364912.6452,733257.9509,2256205,3,0,0,0,0,680,1032,1.856365406,2.828747286,0,976,88.01851852,189.5902723,35944.47135,0,0,0,1,0,0,0,0,1,89.67924528,95.61904762,85.78125,680,0,0,0,0,0,0,21,2008,32,2745,29200,247,16,32,0.0,0.0,0,0,0.0,0.0,0,0,BruteForce
11657087,21,32,2008,2745,640,0,95.61904762,140.0451628,976,0,85.78125,220.240592,407.7347969,4.5465904130000006,224174.75,605673.5829,2392242,4,9218448,460922.4,807689.8015,1982618,316,11700000,376030.7097,751474.5638,2392242,4,0,0,0,0,680,1032,1.80147922,2.745111193,0,976,88.01851852,189.5902723,35944.47135,0,0,0,1,0,0,0,0,1,89.67924528,95.61904762,85.78125,680,0,0,0,0,0,0,21,2008,32,2745,29200,247,16,32,0.0,0.0,0,0,0.0,0.0,0,0,BruteForce
49,1,1,0,0,0,0,0.0,0.0,0,0,0.0,0.0,0.0,40816.32653,49.0,0.0,49,49,0,0.0,0.0,0,0,0,0.0,0.0,0,0,0,0,0,0,32,32,20408.163269999997,20408.163269999997,0,0,0.0,0.0,0.0,0,0,0,0,1,1,0,0,1,0.0,0.0,0.0,32,0,0,0,0,0,0,1,0,1,0,259,247,0,32,0.0,0.0,0,0,0.0,0.0,0,0,BruteForce
80,1,1,0,0,0,0,0.0,0.0,0,0,0.0,0.0,0.0,25000.0,80.0,0.0,80,80,0,0.0,0.0,0,0,0,0.0,0.0,0,0,0,0,0,0,32,32,12500.0,12500.0,0,0,0.0,0.0,0.0,0,0,0,0,1,1,0,0,1,0.0,0.0,0.0,32,0,0,0,0,0,0,1,0,1,0,259,247,0,32,0.0,0.0,0,0,0.0,0.0,0,0,BruteForce
11346167,21,31,2008,2745,640,0,95.61904762,140.0451628,976,0,88.5483871,223.315,418.9079889,4.583045534,222473.8627,599404.2733,2410851,18,9258333,462916.65,826527.5997,2469776,448,11300000,378201.8333,747489.6934,2410851,47,0,0,0,0,680,1000,1.850845312,2.732200222,0,976,89.67924528,191.0076291,36483.91437,0,0,0,1,0,0,0,0,1,91.40384615,95.61904762,88.5483871,680,0,0,0,0,0,0,21,2008,31,2745,29200,247,16,32,0.0,0.0,0,0,0.0,0.0,0,0,BruteForce
10872161,21,32,2008,2745,640,0,95.61904762,140.0451628,976,0,85.78125,220.240592,437.1715982,4.874835831,209080.0192,567119.0543,2410541,3,9065077,453253.85,812565.2042,2482524,510,10900000,350710.4194,703938.3809999998,2410541,3,0,0,0,0,680,1032,1.931538725,2.943297105,0,976,88.01851852,189.5902723,35944.47135,0,0,0,1,0,0,0,0,1,89.67924528,95.61904762,85.78125,680,0,0,0,0,0,0,21,2008,32,2745,29200,247,16,32,0.0,0.0,0,0,0.0,0.0,0,0,BruteForce
11382753,21,32,2008,2745,640,0,95.61904762,140.0451628,976,0,85.78125,220.240592,417.5615512,4.656167098,218899.0962,590716.4228,2023132,3,9419756,470987.8,828476.9658,2069553,316,11400000,367181.2258,732834.071,2023132,3,0,0,0,0,680,1032,1.844896397,2.811270701,0,976,88.01851852,189.5902723,35944.47135,0,0,0,1,0,0,0,0,1,89.67924528,95.61904762,85.78125,680,0,0,0,0,0,0,21,2008,32,2745,29200,247,16,32,0.0,0.0,0,0,0.0,0.0,0,0,BruteForce
108,1,1,0,0,0,0,0.0,0.0,0,0,0.0,0.0,0.0,18518.51852,108.0,0.0,108,108,0,0.0,0.0,0,0,0,0.0,0.0,0,0,0,0,0,0,32,32,9259.259259,9259.259259,0,0,0.0,0.0,0.0,0,0,0,0,1,1,0,0,1,0.0,0.0,0.0,32,0,0,0,0,0,0,1,0,1,0,259,247,0,32,0.0,0.0,0,0,0.0,0.0,0,0,BruteForce
57,1,1,0,0,0,0,0.0,0.0,0,0,0.0,0.0,0.0,35087.7193,57.0,0.0,57,57,0,0.0,0.0,0,0,0,0.0,0.0,0,0,0,0,0,0,32,32,17543.85965,17543.85965,0,0,0.0,0.0,0.0,0,0,0,0,1,1,0,0,1,0.0,0.0,0.0,32,0,0,0,0,0,0,1,0,1,0,259,247,0,32,0.0,0.0,0,0,0.0,0.0,0,0,BruteForce
67,1,1,0,0,0,0,0.0,0.0,0,0,0.0,0.0,0.0,29850.74627,67.0,0.0,67,67,0,0.0,0.0,0,0,0,0.0,0.0,0,0,0,0,0,0,32,32,14925.373130000002,14925.373130000002,0,0,0.0,0.0,0.0,0,0,0,0,1,1,0,0,1,0.0,0.0,0.0,32,0,0,0,0,0,0,1,0,1,0,259,247,0,32,0.0,0.0,0,0,0.0,0.0,0,0,BruteForce
11841172,23,31,2008,2745,640,0,87.30434783,136.3399611,976,0,88.5483871,223.315,401.396078,4.560359397,223418.3396,611493.189,2428142,46,9819082,446321.9091,850815.2629,2500762,387,11800000,394701.9333,775028.8509999998,2428142,48,0,0,0,0,744,1000,1.942375299,2.617984098,0,976,86.41818182,188.2012015,35419.69226,0,0,0,1,0,0,0,0,1,88.01851852,87.30434783,88.5483871,744,0,0,0,0,0,0,23,2008,31,2745,29200,247,16,32,0.0,0.0,0,0,0.0,0.0,0,0,BruteForce
81,1,1,0,0,0,0,0.0,0.0,0,0,0.0,0.0,0.0,24691.35802,81.0,0.0,81,81,0,0.0,0.0,0,0,0,0.0,0.0,0,0,0,0,0,0,32,32,12345.67901,12345.67901,0,0,0.0,0.0,0.0,0,0,0,0,1,1,0,0,1,0.0,0.0,0.0,32,0,0,0,0,0,0,1,0,1,0,259,247,0,32,0.0,0.0,0,0,0.0,0.0,0,0,BruteForce
73,1,1,0,0,0,0,0.0,0.0,0,0,0.0,0.0,0.0,27397.26027,73.0,0.0,73,73,0,0.0,0.0,0,0,0,0.0,0.0,0,0,0,0,0,0,32,32,13698.63014,13698.63014,0,0,0.0,0.0,0.0,0,0,0,0,1,1,0,0,1,0.0,0.0,0.0,32,0,0,0,0,0,0,1,0,1,0,259,247,0,32,0.0,0.0,0,0,0.0,0.0,0,0,BruteForce
70,1,1,0,0,0,0,0.0,0.0,0,0,0.0,0.0,0.0,28571.42857,70.0,0.0,70,70,0,0.0,0.0,0,0,0,0.0,0.0,0,0,0,0,0,0,32,32,14285.71429,14285.71429,0,0,0.0,0.0,0.0,0,0,0,0,1,1,0,0,1,0.0,0.0,0.0,32,0,0,0,0,0,0,1,0,1,0,259,247,0,32,0.0,0.0,0,0,0.0,0.0,0,0,BruteForce
69,1,1,0,0,0,0,0.0,0.0,0,0,0.0,0.0,0.0,28985.50725,69.0,0.0,69,69,0,0.0,0.0,0,0,0,0.0,0.0,0,0,0,0,0,0,32,32,14492.75362,14492.75362,0,0,0.0,0.0,0.0,0,0,0,0,1,1,0,0,1,0.0,0.0,0.0,32,0,0,0,0,0,0,1,0,1,0,259,247,0,32,0.0,0.0,0,0,0.0,0.0,0,0,BruteForce
11838890,21,32,2008,2745,640,0,95.61904762,140.0451628,976,0,85.78125,220.240592,401.4734489,4.476771049,227670.9615,610735.9917,2138501,4,9776014,488800.7,856259.3757,2200813,535,11800000,381896.3871,757221.7992,2138501,4,0,0,0,0,680,1032,1.773814944,2.702956105,0,976,88.01851852,189.5902723,35944.47135,0,0,0,1,0,0,0,0,1,89.67924528,95.61904762,85.78125,680,0,0,0,0,0,0,21,2008,32,2745,29200,247,16,32,0.0,0.0,0,0,0.0,0.0,0,0,BruteForce
83,1,1,0,0,0,0,0.0,0.0,0,0,0.0,0.0,0.0,24096.38554,83.0,0.0,83,83,0,0.0,0.0,0,0,0,0.0,0.0,0,0,0,0,0,0,32,32,12048.19277,12048.19277,0,0,0.0,0.0,0.0,0,0,0,0,1,1,0,0,1,0.0,0.0,0.0,32,0,0,0,0,0,0,1,0,1,0,259,247,0,32,0.0,0.0,0,0,0.0,0.0,0,0,BruteForce
11469964,21,32,2008,2745,640,0,95.61904762,140.0451628,976,0,85.78125,220.240592,414.3866537,4.620764285,220576.2308,604867.315,2460145,4,10200000,510713.1,905806.2266,2504560,580,11500000,369995.8065,751673.3004,2460145,4,0,0,0,0,680,1032,1.830868868,2.789895417,0,976,88.01851852,189.5902723,35944.47135,0,0,0,1,0,0,0,0,1,89.67924528,95.61904762,85.78125,680,0,0,0,0,0,0,21,2008,32,2745,29200,247,16,32,0.0,0.0,0,0,0.0,0.0,0,0,BruteForce
10907477,21,32,2008,2745,640,0,95.61904762,140.0451628,976,0,85.78125,220.240592,435.7561332,4.85905219,209759.1731,563627.6118,2175096,3,9201186,460059.3,814114.584,2220383,313,10900000,351851.1613,698910.5137,2175096,3,0,0,0,0,680,1032,1.92528483,2.93376736,0,976,88.01851852,189.5902723,35944.47135,0,0,0,1,0,0,0,0,1,89.67924528,95.61904762,85.78125,680,0,0,0,0,0,0,21,2008,32,2745,29200,247,16,32,0.0,0.0,0,0,0.0,0.0,0,0,BruteForce
91,1,1,0,0,0,0,0.0,0.0,0,0,0.0,0.0,0.0,21978.02198,91.0,0.0,91,91,0,0.0,0.0,0,0,0,0.0,0.0,0,0,0,0,0,0,32,32,10989.01099,10989.01099,0,0,0.0,0.0,0.0,0,0,0,0,1,1,0,0,1,0.0,0.0,0.0,32,0,0,0,0,0,0,1,0,1,0,259,247,0,32,0.0,0.0,0,0,0.0,0.0,0,0,BruteForce
73,1,1,0,0,0,0,0.0,0.0,0,0,0.0,0.0,0.0,27397.26027,73.0,0.0,73,73,0,0.0,0.0,0,0,0,0.0,0.0,0,0,0,0,0,0,32,32,13698.63014,13698.63014,0,0,0.0,0.0,0.0,0,0,0,0,1,1,0,0,1,0.0,0.0,0.0,32,0,0,0,0,0,0,1,0,1,0,259,247,0,32,0.0,0.0,0,0,0.0,0.0,0,0,BruteForce
12184419,21,32,2008,2745,640,0,95.61904762,140.0451628,976,0,85.78125,220.240592,390.0883579,4.349817583,234315.75,644173.3347,2526852,3,9615290,480764.5,860290.2233,2364676,464,12200000,393041.8387,800661.1512,2526852,3,0,0,0,0,680,1032,1.723512627,2.626304956,0,976,88.01851852,189.5902723,35944.47135,0,0,0,1,0,0,0,0,1,89.67924528,95.61904762,85.78125,680,0,0,0,0,0,0,21,2008,32,2745,29200,247,16,32,0.0,0.0,0,0,0.0,0.0,0,0,BruteForce
105,1,1,0,0,0,0,0.0,0.0,0,0,0.0,0.0,0.0,19047.61905,105.0,0.0,105,105,0,0.0,0.0,0,0,0,0.0,0.0,0,0,0,0,0,0,32,32,9523.809524,9523.809524,0,0,0.0,0.0,0.0,0,0,0,0,1,1,0,0,1,0.0,0.0,0.0,32,0,0,0,0,0,0,1,0,1,0,259,247,0,32,0.0,0.0,0,0,0.0,0.0,0,0,BruteForce
11826469,21,32,2008,2745,640,0,95.61904762,140.0451628,976,0,85.78125,220.240592,401.895105,4.481472871999999,227432.0962,615642.7319,2311959,3,10400000,519741.95,913483.9358,2381700,273,11800000,381496.129,763996.6593,2311959,3,0,0,0,0,680,1032,1.775677931,2.705794942,0,976,88.01851852,189.5902723,35944.47135,0,0,0,1,0,0,0,0,1,89.67924528,95.61904762,85.78125,680,0,0,0,0,0,0,21,2008,32,2745,29200,247,16,32,0.0,0.0,0,0,0.0,0.0,0,0,BruteForce
62,1,1,0,0,0,0,0.0,0.0,0,0,0.0,0.0,0.0,32258.06452,62.0,0.0,62,62,0,0.0,0.0,0,0,0,0.0,0.0,0,0,0,0,0,0,32,32,16129.03226,16129.03226,0,0,0.0,0.0,0.0,0,0,0,0,1,1,0,0,1,0.0,0.0,0.0,32,0,0,0,0,0,0,1,0,1,0,259,247,0,32,0.0,0.0,0,0,0.0,0.0,0,0,BruteForce
11708213,21,32,2008,2745,640,0,95.61904762,140.0451628,976,0,85.78125,220.240592,405.9543502,4.526736915,225157.9423,610473.2497,2322766,3,9344020,467201.0,823814.7709,2216660,483,11700000,377680.4839,757708.7519,2322766,3,0,0,0,0,680,1032,1.79361274,2.733124175,0,976,88.01851852,189.5902723,35944.47135,0,0,0,1,0,0,0,0,1,89.67924528,95.61904762,85.78125,680,0,0,0,0,0,0,21,2008,32,2745,29200,247,16,32,0.0,0.0,0,0,0.0,0.0,0,0,BruteForce
70,1,1,0,0,0,0,0.0,0.0,0,0,0.0,0.0,0.0,28571.42857,70.0,0.0,70,70,0,0.0,0.0,0,0,0,0.0,0.0,0,0,0,0,0,0,32,32,14285.71429,14285.71429,0,0,0.0,0.0,0.0,0,0,0,0,1,1,0,0,1,0.0,0.0,0.0,32,0,0,0,0,0,0,1,0,1,0,259,247,0,32,0.0,0.0,0,0,0.0,0.0,0,0,BruteForce
12014039,23,32,2008,2745,640,0,87.30434783,136.3399611,976,0,85.78125,220.240592,395.6204903,4.5779774810000005,222482.2037,618644.2811,2512267,3,10600000,479765.4545,904299.2698,2591763,309,12000000,387544.2903,781109.5414,2512267,3,0,0,0,0,744,1032,1.914426947,2.663550535,0,976,84.875,186.8396554,34909.05682,0,0,0,1,0,0,0,0,1,86.41818182,87.30434783,85.78125,744,0,0,0,0,0,0,23,2008,32,2745,29200,247,16,32,0.0,0.0,0,0,0.0,0.0,0,0,BruteForce
11764244,21,32,2008,2745,640,0,95.61904762,140.0451628,976,0,85.78125,220.240592,404.0208619,4.505176873,226235.4615,621644.3649,2728331,3,10100000,504875.65,907571.7637,2780735,627,11800000,379488.0968,772629.0989,2728331,3,0,0,0,0,680,1032,1.7850700819999998,2.720106791,0,976,88.01851852,189.5902723,35944.47135,0,0,0,1,0,0,0,0,1,89.67924528,95.61904762,85.78125,680,0,0,0,0,0,0,21,2008,32,2745,29200,247,16,32,0.0,0.0,0,0,0.0,0.0,0,0,BruteForce
11213033,21,32,2008,2745,640,0,95.61904762,140.0451628,976,0,85.78125,220.240592,423.8817455,4.7266426489999995,215635.25,594315.3598,2727196,18,9740616,487030.8,881214.9318,2791628,314,11200000,361706.129,738885.2814,2727196,18,0,0,0,0,680,1032,1.872820672,2.853821977,0,976,88.01851852,189.5902723,35944.47135,0,0,0,1,0,0,0,0,1,89.67924528,95.61904762,85.78125,680,0,0,0,0,0,0,21,2008,32,2745,29200,247,16,32,0.0,0.0,0,0,0.0,0.0,0,0,BruteForce
12141091,21,32,2008,2745,640,0,95.61904762,140.0451628,976,0,85.78125,220.240592,391.4804691,4.365340808,233482.5192,638950.2778,2532279,3,10500000,523375.05,936001.2133,2601370,516,12100000,391645.4839,793797.6065,2532279,3,0,0,0,0,680,1032,1.729663339,2.635677469,0,976,88.01851852,189.5902723,35944.47135,0,0,0,1,0,0,0,0,1,89.67924528,95.61904762,85.78125,680,0,0,0,0,0,0,21,2008,32,2745,29200,247,16,32,0.0,0.0,0,0,0.0,0.0,0,0,BruteForce
79,1,1,0,0,0,0,0.0,0.0,0,0,0.0,0.0,0.0,25316.4557,79.0,0.0,79,79,0,0.0,0.0,0,0,0,0.0,0.0,0,0,0,0,0,0,32,32,12658.22785,12658.22785,0,0,0.0,0.0,0.0,0,0,0,0,1,1,0,0,1,0.0,0.0,0.0,32,0,0,0,0,0,0,1,0,1,0,259,247,0,32,0.0,0.0,0,0,0.0,0.0,0,0,BruteForce
12363084,21,32,2008,2745,640,0,95.61904762,140.0451628,976,0,85.78125,220.240592,384.4509994,4.286956232,237751.6154,650873.3368,2554937,3,10900000,543544.85,966560.4315,2622346,512,12400000,398805.8387,808642.0349,2554937,3,0,0,0,0,680,1032,1.698605299,2.588350933,0,976,88.01851852,189.5902723,35944.47135,0,0,0,1,0,0,0,0,1,89.67924528,95.61904762,85.78125,680,0,0,0,0,0,0,21,2008,32,2745,29200,247,16,32,0.0,0.0,0,0,0.0,0.0,0,0,BruteForce
11293212,21,32,2008,2745,640,0,95.61904762,140.0451628,976,0,85.78125,220.240592,420.8722904,4.69308466,217177.1538,597334.3418,2546706,3,9604381,480219.05,870499.464,2616944,422,11300000,364292.8387,742483.0214,2546706,3,0,0,0,0,680,1032,1.859524111,2.8335605489999995,0,976,88.01851852,189.5902723,35944.47135,0,0,0,1,0,0,0,0,1,89.67924528,95.61904762,85.78125,680,0,0,0,0,0,0,21,2008,32,2745,29200,247,16,32,0.0,0.0,0,0,0.0,0.0,0,0,BruteForce
12065001,21,32,2008,2745,640,0,95.61904762,140.0451628,976,0,85.78125,220.240592,393.9494079,4.39287158,232019.25,647901.1777,2900336,18,10400000,520955.4,958241.5197,2963847,249,12100000,389190.5484,806530.6871,2900336,18,0,0,0,0,680,1032,1.7405717580000002,2.652299822,0,976,88.01851852,189.5902723,35944.47135,0,0,0,1,0,0,0,0,1,89.67924528,95.61904762,85.78125,680,0,0,0,0,0,0,21,2008,32,2745,29200,247,16,32,0.0,0.0,0,0,0.0,0.0,0,0,BruteForce
75,1,1,0,0,0,0,0.0,0.0,0,0,0.0,0.0,0.0,26666.66667,75.0,0.0,75,75,0,0.0,0.0,0,0,0,0.0,0.0,0,0,0,0,0,0,32,32,13333.33333,13333.33333,0,0,0.0,0.0,0.0,0,0,0,0,1,1,0,0,1,0.0,0.0,0.0,32,0,0,0,0,0,0,1,0,1,0,259,247,0,32,0.0,0.0,0,0,0.0,0.0,0,0,BruteForce
63,1,1,0,0,0,0,0.0,0.0,0,0,0.0,0.0,0.0,31746.03175,63.0,0.0,63,63,0,0.0,0.0,0,0,0,0.0,0.0,0,0,0,0,0,0,32,32,15873.01587,15873.01587,0,0,0.0,0.0,0.0,0,0,0,0,1,1,0,0,1,0.0,0.0,0.0,32,0,0,0,0,0,0,1,0,1,0,259,247,0,32,0.0,0.0,0,0,0.0,0.0,0,0,BruteForce
13134850,23,32,2008,2745,640,0,87.30434783,136.3399611,976,0,85.78125,220.240592,361.8617647,4.1873336960000005,243237.963,681448.687,2900166,3,10200000,463286.0455,866851.7978,2516349,479,13100000,423700.8387,861167.7717,2900166,3,0,0,0,0,744,1032,1.7510668180000002,2.436266878,0,976,84.875,186.8396554,34909.05682,0,0,0,1,0,0,0,0,1,86.41818182,87.30434783,85.78125,744,0,0,0,0,0,0,23,2008,32,2745,29200,247,16,32,0.0,0.0,0,0,0.0,0.0,0,0,BruteForce
103,1,1,0,0,0,0,0.0,0.0,0,0,0.0,0.0,0.0,19417.47573,103.0,0.0,103,103,0,0.0,0.0,0,0,0,0.0,0.0,0,0,0,0,0,0,32,32,9708.737864,9708.737864,0,0,0.0,0.0,0.0,0,0,0,0,1,1,0,0,1,0.0,0.0,0.0,32,0,0,0,0,0,0,1,0,1,0,259,247,0,32,0.0,0.0,0,0,0.0,0.0,0,0,BruteForce
1,1,1,0,0,0,0,0.0,0.0,0,0,0.0,0.0,0.0,2000000.0,1.0,0.0,1,1,0,0.0,0.0,0,0,0,0.0,0.0,0,0,0,0,0,0,32,32,1000000.0,1000000.0,0,0,0.0,0.0,0.0,0,0,0,0,1,1,0,0,1,0.0,0.0,0.0,32,0,0,0,0,0,0,1,0,1,0,259,247,0,32,0.0,0.0,0,0,0.0,0.0,0,0,BruteForce
12456047,22,32,2008,2745,640,0,91.27272727,138.1821372,976,0,85.78125,220.240592,381.581733,4.335243758,235019.7547,644500.161,2620387,27,10600000,502580.7143,920080.9738,2684317,434,12500000,401807.0968,806776.4349,2620387,35,0,0,0,0,712,1032,1.76621042,2.569033338,0,976,86.41818182,188.2012015,35419.69226,0,0,0,1,0,0,0,0,1,88.01851852,91.27272727,85.78125,712,0,0,0,0,0,0,22,2008,32,2745,29200,247,16,32,0.0,0.0,0,0,0.0,0.0,0,0,BruteForce
12481010,20,33,2008,2745,640,0,100.4,141.91413269999995,976,0,83.18181818,217.2857356,380.8185395,4.246451209,240019.4231,651054.7363,2623013,1,10600000,556811.5789,955456.8239,2704368,689,12500000,390028.25,798178.2312,2623013,1,0,0,0,0,648,1064,1.602434418,2.64401679,0,976,88.01851852,189.5902723,35944.47135,0,0,0,1,0,0,0,0,1,89.67924528,100.4,83.18181818,648,0,0,0,0,0,0,20,2008,33,2745,29200,247,16,32,0.0,0.0,0,0,0.0,0.0,0,0,BruteForce
80,1,1,0,0,0,0,0.0,0.0,0,0,0.0,0.0,0.0,25000.0,80.0,0.0,80,80,0,0.0,0.0,0,0,0,0.0,0.0,0,0,0,0,0,0,32,32,12500.0,12500.0,0,0,0.0,0.0,0.0,0,0,0,0,1,1,0,0,1,0.0,0.0,0.0,32,0,0,0,0,0,0,1,0,1,0,259,247,0,32,0.0,0.0,0,0,0.0,0.0,0,0,BruteForce
12401524,21,32,2008,2745,640,0,95.61904762,140.0451628,976,0,85.78125,220.240592,383.2593478,4.273668301,238490.8462,647051.9903,2623720,18,10700000,535161.25,950023.0783,2701176,574,12400000,400044.9677,803154.3748,2623720,18,0,0,0,0,680,1032,1.69334027,2.580328031,0,976,88.01851852,189.5902723,35944.47135,0,0,0,1,0,0,0,0,1,89.67924528,95.61904762,85.78125,680,0,0,0,0,0,0,21,2008,32,2745,29200,247,16,32,0.0,0.0,0,0,0.0,0.0,0,0,BruteForce
96,1,1,0,0,0,0,0.0,0.0,0,0,0.0,0.0,0.0,20833.33333,96.0,0.0,96,96,0,0.0,0.0,0,0,0,0.0,0.0,0,0,0,0,0,0,32,32,10416.66667,10416.66667,0,0,0.0,0.0,0.0,0,0,0,0,1,1,0,0,1,0.0,0.0,0.0,32,0,0,0,0,0,0,1,0,1,0,259,257,0,32,0.0,0.0,0,0,0.0,0.0,0,0,BruteForce
82,1,1,0,0,0,0,0.0,0.0,0,0,0.0,0.0,0.0,24390.2439,82.0,0.0,82,82,0,0.0,0.0,0,0,0,0.0,0.0,0,0,0,0,0,0,32,32,12195.12195,12195.12195,0,0,0.0,0.0,0.0,0,0,0,0,1,1,0,0,1,0.0,0.0,0.0,32,0,0,0,0,0,0,1,0,1,0,259,247,0,32,0.0,0.0,0,0,0.0,0.0,0,0,BruteForce
44,1,1,0,0,0,0,0.0,0.0,0,0,0.0,0.0,0.0,45454.54545,44.0,0.0,44,44,0,0.0,0.0,0,0,0,0.0,0.0,0,0,0,0,0,0,32,32,22727.27273,22727.27273,0,0,0.0,0.0,0.0,0,0,0,0,1,1,0,0,1,0.0,0.0,0.0,32,0,0,0,0,0,0,1,0,1,0,259,247,0,32,0.0,0.0,0,0,0.0,0.0,0,0,BruteForce
45,1,1,0,0,0,0,0.0,0.0,0,0,0.0,0.0,0.0,44444.44444,45.0,0.0,45,45,0,0.0,0.0,0,0,0,0.0,0.0,0,0,0,0,0,0,32,32,22222.22222,22222.22222,0,0,0.0,0.0,0.0,0,0,0,0,1,1,0,0,1,0.0,0.0,0.0,32,0,0,0,0,0,0,1,0,1,0,259,247,0,32,0.0,0.0,0,0,0.0,0.0,0,0,BruteForce
12032031,23,32,2008,2745,640,0,87.30434783,136.3399611,976,0,85.78125,220.240592,395.0289024,4.57113184,222815.3889,618254.6107,2640240,18,10200000,463198.6364,878603.7892,2708662,291,12000000,388124.3226,780485.089,2640240,18,0,0,0,0,744,1032,1.911564224,2.659567616,0,976,84.875,186.8396554,34909.05682,0,0,0,1,0,0,0,0,1,86.41818182,87.30434783,85.78125,744,0,0,0,0,0,0,23,2008,32,2745,29200,247,16,32,0.0,0.0,0,0,0.0,0.0,0,0,BruteForce
68,1,1,0,0,0,0,0.0,0.0,0,0,0.0,0.0,0.0,29411.764710000003,68.0,0.0,68,68,0,0.0,0.0,0,0,0,0.0,0.0,0,0,0,0,0,0,32,32,14705.88235,14705.88235,0,0,0.0,0.0,0.0,0,0,0,0,1,1,0,0,1,0.0,0.0,0.0,32,0,0,0,0,0,0,1,0,1,0,259,247,0,32,0.0,0.0,0,0,0.0,0.0,0,0,BruteForce
65,1,1,0,0,0,0,0.0,0.0,0,0,0.0,0.0,0.0,30769.23077,65.0,0.0,65,65,0,0.0,0.0,0,0,0,0.0,0.0,0,0,0,0,0,0,32,32,15384.61538,15384.61538,0,0,0.0,0.0,0.0,0,0,0,0,1,1,0,0,1,0.0,0.0,0.0,32,0,0,0,0,0,0,1,0,1,0,259,247,0,32,0.0,0.0,0,0,0.0,0.0,0,0,BruteForce
79,1,1,0,0,0,0,0.0,0.0,0,0,0.0,0.0,0.0,25316.4557,79.0,0.0,79,79,0,0.0,0.0,0,0,0,0.0,0.0,0,0,0,0,0,0,32,32,12658.22785,12658.22785,0,0,0.0,0.0,0.0,0,0,0,0,1,1,0,0,1,0.0,0.0,0.0,32,0,0,0,0,0,0,1,0,1,0,259,247,0,32,0.0,0.0,0,0,0.0,0.0,0,0,BruteForce
12882758,21,32,2008,2745,640,0,95.61904762,140.0451628,976,0,85.78125,220.240592,368.9427373,4.114025894,247745.3462,669469.1466,2468200,47,11100000,554047.7,976680.3124,2540045,521,12900000,415569.4839,830628.2203,2468200,49,0,0,0,0,680,1032,1.630085732,2.483940163,0,976,88.01851852,189.5902723,35944.47135,0,0,0,1,0,0,0,0,1,89.67924528,95.61904762,85.78125,680,0,0,0,0,0,0,21,2008,32,2745,29200,247,16,32,0.0,0.0,0,0,0.0,0.0,0,0,BruteForce
12497475,21,32,2008,2745,640,0,95.61904762,140.0451628,976,0,85.78125,220.240592,380.316824,4.240856653,240336.0577,649674.4998,2263478,3,10300000,513234.5,903584.1585,2308081,555,12500000,403140.3871,806100.4307,2263478,3,0,0,0,0,680,1032,1.680339429,2.5605172240000003,0,976,88.01851852,189.5902723,35944.47135,0,0,0,1,0,0,0,0,1,89.67924528,95.61904762,85.78125,680,0,0,0,0,0,0,21,2008,32,2745,29200,247,16,32,0.0,0.0,0,0,0.0,0.0,0,0,BruteForce
12617083,21,32,2008,2745,640,0,95.61904762,140.0451628,976,0,85.78125,220.240592,376.7114792,4.200653986,242636.2115,655301.9462,2271904,18,10700000,536294.85,940766.2953,2316825,487,12600000,406997.2258,813007.2683,2271904,18,0,0,0,0,680,1032,1.66441007,2.536243916,0,976,88.01851852,189.5902723,35944.47135,0,0,0,1,0,0,0,0,1,89.67924528,95.61904762,85.78125,680,0,0,0,0,0,0,21,2008,32,2745,29200,247,16,32,0.0,0.0,0,0,0.0,0.0,0,0,BruteForce
12993550,21,32,1992,2745,640,0,94.85714286,139.995102,976,0,85.78125,220.240592,364.565496,4.078946862,249875.9615,674332.7633,2271050,25,10900000,545801.5,957199.5857,2316429,562,13000000,419142.5806,836547.4726,2271050,25,0,0,0,0,680,1032,1.616186493,2.46276037,0,976,87.72222222,189.5645872,35934.7327,0,0,0,1,0,0,0,0,1,89.37735849,94.85714286,85.78125,680,0,0,0,0,0,0,21,1992,32,2745,29200,247,16,32,0.0,0.0,0,0,0.0,0.0,0,0,BruteForce
13094254,21,32,2008,2745,640,0,95.61904762,140.0451628,976,0,85.78125,220.240592,362.9836415,4.047576899,251812.5769,676482.1345,2271479,3,11200000,557579.75,976601.7174,2316330,585,13100000,422393.4194,838811.9479,2271479,3,0,0,0,0,680,1032,1.603756885,2.443820014,0,976,88.01851852,189.5902723,35944.47135,0,0,0,1,0,0,0,0,1,89.67924528,95.61904762,85.78125,680,0,0,0,0,0,0,21,2008,32,2745,29200,247,16,32,0.0,0.0,0,0,0.0,0.0,0,0,BruteForce
12914599,20,33,2008,2745,640,0,100.4,141.91413269999995,976,0,83.18181818,217.2857356,368.0331073,4.103882745,248357.6731,676682.4567,2684317,3,11100000,584750.0526,1004918.136,2755939,423,12900000,403577.2813,829926.0978,2684317,3,0,0,0,0,648,1064,1.548634998,2.5552477469999997,0,976,88.01851852,189.5902723,35944.47135,0,0,0,1,0,0,0,0,1,89.67924528,100.4,83.18181818,648,0,0,0,0,0,0,20,2008,33,2745,29200,247,16,32,0.0,0.0,0,0,0.0,0.0,0,0,BruteForce
12924116,22,32,2008,2745,640,0,91.27272727,138.1821372,976,0,85.78125,220.240592,367.76209680000005,4.178235479,243851.2453,669702.5007,2680491,3,11100000,529441.7143,969187.9208,2755031,421,12900000,416901.6452,838454.7733,2680491,3,0,0,0,0,712,1032,1.7022440840000002,2.475991395,0,976,86.41818182,188.2012015,35419.69226,0,0,0,1,0,0,0,0,1,88.01851852,91.27272727,85.78125,712,0,0,0,0,0,0,22,2008,32,2745,29200,247,16,32,0.0,0.0,0,0,0.0,0.0,0,0,BruteForce
72,1,1,0,0,0,0,0.0,0.0,0,0,0.0,0.0,0.0,27777.77778,72.0,0.0,72,72,0,0.0,0.0,0,0,0,0.0,0.0,0,0,0,0,0,0,32,32,13888.88889,13888.88889,0,0,0.0,0.0,0.0,0,0,0,0,1,1,0,0,1,0.0,0.0,0.0,32,0,0,0,0,0,0,1,0,1,0,259,247,0,32,0.0,0.0,0,0,0.0,0.0,0,0,BruteForce
45,1,1,0,0,0,0,0.0,0.0,0,0,0.0,0.0,0.0,44444.44444,45.0,0.0,45,45,0,0.0,0.0,0,0,0,0.0,0.0,0,0,0,0,0,0,32,32,22222.22222,22222.22222,0,0,0.0,0.0,0.0,0,0,0,0,1,1,0,0,1,0.0,0.0,0.0,32,0,0,0,0,0,0,1,0,1,0,259,247,0,32,0.0,0.0,0,0,0.0,0.0,0,0,BruteForce
78,1,1,0,0,0,0,0.0,0.0,0,0,0.0,0.0,0.0,25641.02564,78.0,0.0,78,78,0,0.0,0.0,0,0,0,0.0,0.0,0,0,0,0,0,0,32,32,12820.51282,12820.51282,0,0,0.0,0.0,0.0,0,0,0,0,1,1,0,0,1,0.0,0.0,0.0,32,0,0,0,0,0,0,1,0,1,0,259,247,0,32,0.0,0.0,0,0,0.0,0.0,0,0,BruteForce
12511401,21,32,2008,2745,640,0,95.61904762,140.0451628,976,0,85.78125,220.240592,379.8935067,4.236136305,240603.8654,657488.7662,2300229,4,10200000,511872.25,920219.4953,2364979,498,12500000,403589.2581,816711.2062,2300229,4,0,0,0,0,680,1032,1.678469102,2.5576672030000003,0,976,88.01851852,189.5902723,35944.47135,0,0,0,1,0,0,0,0,1,89.67924528,95.61904762,85.78125,680,0,0,0,0,0,0,21,2008,32,2745,29200,247,16,32,0.0,0.0,0,0,0.0,0.0,0,0,BruteForce
13321394,19,31,2008,2745,640,0,105.6842105,143.76719319999995,976,0,88.5483871,223.315,356.7944916,3.753360947,271865.1837,708369.1473,2252726,28,11200000,622482.2222,1019751.196,2311856,316,13300000,444042.7667,866917.2251,2252726,35,0,0,0,0,616,1000,1.42627716,2.327083787,0,976,93.19607843,193.9302988,37608.96078,0,0,0,1,0,0,0,0,1,95.06,105.6842105,88.5483871,616,0,0,0,0,0,0,19,2008,31,2745,29200,247,16,32,0.0,0.0,0,0,0.0,0.0,0,0,BruteForce
13105741,20,33,2008,2745,640,0,100.4,141.91413269999995,976,0,83.18181818,217.2857356,362.6654914,4.044029254,252033.4808,678639.103,2256384,4,10900000,572309.9474,967816.3265,2301365,640,13100000,409551.7187,831388.433,2256384,4,0,0,0,0,648,1064,1.526048775,2.517980479,0,976,88.01851852,189.5902723,35944.47135,0,0,0,1,0,0,0,0,1,89.67924528,100.4,83.18181818,648,0,0,0,0,0,0,20,2008,33,2745,29200,247,16,32,0.0,0.0,0,0,0.0,0.0,0,0,BruteForce
77,1,1,0,0,0,0,0.0,0.0,0,0,0.0,0.0,0.0,25974.02597,77.0,0.0,77,77,0,0.0,0.0,0,0,0,0.0,0.0,0,0,0,0,0,0,32,32,12987.01299,12987.01299,0,0,0.0,0.0,0.0,0,0,0,0,1,1,0,0,1,0.0,0.0,0.0,32,0,0,0,0,0,0,1,0,1,0,259,247,0,32,0.0,0.0,0,0,0.0,0.0,0,0,BruteForce
13679726,19,31,2008,2745,640,0,105.6842105,143.76719319999995,976,0,88.5483871,223.315,347.4484796,3.655043968,279178.0816,730755.8685,2461854,17,11600000,645475.1111,1060327.634,2516514,479,13700000,455987.5,894738.563,2461854,17,0,0,0,0,616,1000,1.3889167080000002,2.26612726,0,976,93.19607843,193.9302988,37608.96078,0,0,0,1,0,0,0,0,1,95.06,105.6842105,88.5483871,616,0,0,0,0,0,0,19,2008,31,2745,29200,247,16,32,0.0,0.0,0,0,0.0,0.0,0,0,BruteForce
40,1,1,0,0,0,0,0.0,0.0,0,0,0.0,0.0,0.0,50000.0,40.0,0.0,40,40,0,0.0,0.0,0,0,0,0.0,0.0,0,0,0,0,0,0,32,32,25000.0,25000.0,0,0,0.0,0.0,0.0,0,0,0,0,1,1,0,0,1,0.0,0.0,0.0,32,0,0,0,0,0,0,1,0,1,0,259,247,0,32,0.0,0.0,0,0,0.0,0.0,0,0,BruteForce
115,1,1,0,0,0,0,0.0,0.0,0,0,0.0,0.0,0.0,17391.30435,115.0,0.0,115,115,0,0.0,0.0,0,0,0,0.0,0.0,0,0,0,0,0,0,32,32,8695.652173999999,8695.652173999999,0,0,0.0,0.0,0.0,0,0,0,0,1,1,0,0,1,0.0,0.0,0.0,32,0,0,0,0,0,0,1,0,1,0,259,247,0,32,0.0,0.0,0,0,0.0,0.0,0,0,BruteForce
76,1,1,0,0,0,0,0.0,0.0,0,0,0.0,0.0,0.0,26315.78947,76.0,0.0,76,76,0,0.0,0.0,0,0,0,0.0,0.0,0,0,0,0,0,0,32,32,13157.89474,13157.89474,0,0,0.0,0.0,0.0,0,0,0,0,1,1,0,0,1,0.0,0.0,0.0,32,0,0,0,0,0,0,1,0,1,0,259,247,0,32,0.0,0.0,0,0,0.0,0.0,0,0,BruteForce
14594651,21,32,2008,2745,640,0,95.61904762,140.0451628,976,0,85.78125,220.240592,325.6672599,3.631467447,280666.3654,756447.4722,2488221,20,12100000,606308.6,1063879.43,2532266,476,14600000,470793.1935,938281.9543,2488221,43,0,0,0,0,680,1032,1.4388833280000002,2.192584119,0,976,88.01851852,189.5902723,35944.47135,0,0,0,1,0,0,0,0,1,89.67924528,95.61904762,85.78125,680,0,0,0,0,0,0,21,2008,32,2745,29200,247,16,32,0.0,0.0,0,0,0.0,0.0,0,0,BruteForce
12254223,21,32,2008,2745,640,0,95.61904762,140.0451628,976,0,85.78125,220.240592,387.866289,4.325039621,235658.1346,646517.7385,2582656,4,10700000,533399.95,955238.4424,2639549,315,12300000,395293.0323,803404.9576,2582656,4,0,0,0,0,680,1032,1.713694944,2.611344677,0,976,88.01851852,189.5902723,35944.47135,0,0,0,1,0,0,0,0,1,89.67924528,95.61904762,85.78125,680,0,0,0,0,0,0,21,2008,32,2745,29200,247,16,32,0.0,0.0,0,0,0.0,0.0,0,0,BruteForce
12992151,21,32,2008,2745,640,0,95.61904762,140.0451628,976,0,85.78125,220.240592,365.8362653,4.079386085,249849.0577,677510.0922,2444202,34,10500000,525195.55,924218.5904,2401217,314,13000000,419099.0323,840909.5407,2444202,40,0,0,0,0,680,1032,1.616360524,2.463025561,0,976,88.01851852,189.5902723,35944.47135,0,0,0,1,0,0,0,0,1,89.67924528,95.61904762,85.78125,680,0,0,0,0,0,0,21,2008,32,2745,29200,247,16,32,0.0,0.0,0,0,0.0,0.0,0,0,BruteForce
71,1,1,0,0,0,0,0.0,0.0,0,0,0.0,0.0,0.0,28169.01408,71.0,0.0,71,71,0,0.0,0.0,0,0,0,0.0,0.0,0,0,0,0,0,0,32,32,14084.50704,14084.50704,0,0,0.0,0.0,0.0,0,0,0,0,1,1,0,0,1,0.0,0.0,0.0,32,0,0,0,0,0,0,1,0,1,0,259,247,0,32,0.0,0.0,0,0,0.0,0.0,0,0,BruteForce
13209870,21,32,2008,2745,640,0,95.61904762,140.0451628,976,0,85.78125,220.240592,359.8067203,4.01215152,254035.9615,692510.4605,2670218,4,11000000,549898.35,977105.761,2716330,233,13200000,426121.4194,859992.6821,2670218,4,0,0,0,0,680,1032,1.589720414,2.422431106,0,976,88.01851852,189.5902723,35944.47135,0,0,0,1,0,0,0,0,1,89.67924528,95.61904762,85.78125,680,0,0,0,0,0,0,21,2008,32,2745,29200,247,16,32,0.0,0.0,0,0,0.0,0.0,0,0,BruteForce
13041726,21,32,2008,2745,640,0,95.61904762,140.0451628,976,0,85.78125,220.240592,364.4456263,4.063879275,250802.4231,681052.692,2687245,3,11100000,555273.45,983928.7173,2738090,494,13000000,420698.0645,845438.8703,2687245,3,0,0,0,0,680,1032,1.610216316,2.453662958,0,976,88.01851852,189.5902723,35944.47135,0,0,0,1,0,0,0,0,1,89.67924528,95.61904762,85.78125,680,0,0,0,0,0,0,21,2008,32,2745,29200,247,16,32,0.0,0.0,0,0,0.0,0.0,0,0,BruteForce
13381454,19,31,2008,2745,640,0,105.6842105,143.76719319999995,976,0,88.5483871,223.315,355.1930904,3.736514732,273090.898,721282.2395,2693126,3,11400000,631831.6111,1046926.03,2736974,544,13400000,446044.3333,883964.2222,2693126,3,0,0,0,0,616,1000,1.4198755980000002,2.316639134,0,976,93.19607843,193.9302988,37608.96078,0,0,0,1,0,0,0,0,1,95.06,105.6842105,88.5483871,616,0,0,0,0,0,0,19,2008,31,2745,29200,247,16,32,0.0,0.0,0,0,0.0,0.0,0,0,BruteForce
92,1,1,0,0,0,0,0.0,0.0,0,0,0.0,0.0,0.0,21739.13043,92.0,0.0,92,92,0,0.0,0.0,0,0,0,0.0,0.0,0,0,0,0,0,0,32,32,10869.56522,10869.56522,0,0,0.0,0.0,0.0,0,0,0,0,1,1,0,0,1,0.0,0.0,0.0,32,0,0,0,0,0,0,1,0,1,0,259,247,0,32,0.0,0.0,0,0,0.0,0.0,0,0,BruteForce
13884841,23,32,2008,2745,640,0,87.30434783,136.3399611,976,0,85.78125,220.240592,342.3157672,3.961154471,257126.6852,711100.5953,2688181,4,11200000,506972.4545,948714.9728,2442725,226,13900000,447893.6452,897298.4466,2688181,4,0,0,0,0,744,1032,1.656482779,2.304671692,0,976,84.875,186.8396554,34909.05682,0,0,0,1,0,0,0,0,1,86.41818182,87.30434783,85.78125,744,0,0,0,0,0,0,23,2008,32,2745,29200,247,16,32,0.0,0.0,0,0,0.0,0.0,0,0,BruteForce
103,1,1,0,0,0,0,0.0,0.0,0,0,0.0,0.0,0.0,19417.47573,103.0,0.0,103,103,0,0.0,0.0,0,0,0,0.0,0.0,0,0,0,0,0,0,32,32,9708.737864,9708.737864,0,0,0.0,0.0,0.0,0,0,0,0,1,1,0,0,1,0.0,0.0,0.0,32,0,0,0,0,0,0,1,0,1,0,259,247,0,32,0.0,0.0,0,0,0.0,0.0,0,0,BruteForce
65,1,1,0,0,0,0,0.0,0.0,0,0,0.0,0.0,0.0,30769.23077,65.0,0.0,65,65,0,0.0,0.0,0,0,0,0.0,0.0,0,0,0,0,0,0,32,32,15384.61538,15384.61538,0,0,0.0,0.0,0.0,0,0,0,0,1,1,0,0,1,0.0,0.0,0.0,32,0,0,0,0,0,0,1,0,1,0,259,247,0,32,0.0,0.0,0,0,0.0,0.0,0,0,BruteForce
13783054,21,32,2008,2745,640,0,95.61904762,140.0451628,976,0,85.78125,220.240592,344.843748,3.845301629,265058.7308,720373.7582,2681787,3,11400000,571792.65,1011662.203,2732773,3,13800000,444611.0323,894323.2486,2681787,4,0,0,0,0,680,1032,1.523610079,2.32169155,0,976,88.01851852,189.5902723,35944.47135,0,0,0,1,0,0,0,0,1,89.67924528,95.61904762,85.78125,680,0,0,0,0,0,0,21,2008,32,2745,29200,247,16,32,0.0,0.0,0,0,0.0,0.0,0,0,BruteForce
58,1,1,0,0,0,0,0.0,0.0,0,0,0.0,0.0,0.0,34482.75862,58.0,0.0,58,58,0,0.0,0.0,0,0,0,0.0,0.0,0,0,0,0,0,0,32,32,17241.37931,17241.37931,0,0,0.0,0.0,0.0,0,0,0,0,1,1,0,0,1,0.0,0.0,0.0,32,0,0,0,0,0,0,1,0,1,0,259,247,0,32,0.0,0.0,0,0,0.0,0.0,0,0,BruteForce
13683383,21,32,2008,2745,640,0,95.61904762,140.0451628,976,0,85.78125,220.240592,347.355621,3.873311154,263141.9808,714776.685,2548274,4,11300000,562753.55,990493.5828,2592578,366,13700000,441395.9032,887313.9559,2548274,4,0,0,0,0,680,1032,1.5347081930000002,2.338602961,0,976,88.01851852,189.5902723,35944.47135,0,0,0,1,0,0,0,0,1,89.67924528,95.61904762,85.78125,680,0,0,0,0,0,0,21,2008,32,2745,29200,247,16,32,0.0,0.0,0,0,0.0,0.0,0,0,BruteForce
88,1,1,0,0,0,0,0.0,0.0,0,0,0.0,0.0,0.0,22727.27273,88.0,0.0,88,88,0,0.0,0.0,0,0,0,0.0,0.0,0,0,0,0,0,0,32,32,11363.63636,11363.63636,0,0,0.0,0.0,0.0,0,0,0,0,1,1,0,0,1,0.0,0.0,0.0,32,0,0,0,0,0,0,1,0,1,0,259,247,0,32,0.0,0.0,0,0,0.0,0.0,0,0,BruteForce
76,1,1,0,0,0,0,0.0,0.0,0,0,0.0,0.0,0.0,26315.78947,76.0,0.0,76,76,0,0.0,0.0,0,0,0,0.0,0.0,0,0,0,0,0,0,32,32,13157.89474,13157.89474,0,0,0.0,0.0,0.0,0,0,0,0,1,1,0,0,1,0.0,0.0,0.0,32,0,0,0,0,0,0,1,0,1,0,259,247,0,32,0.0,0.0,0,0,0.0,0.0,0,0,BruteForce
13922138,21,32,2008,2745,640,0,95.61904762,140.0451628,976,0,85.78125,220.240592,341.3987133,3.806886557,267733.4231,725710.0069,2640236,3,11200000,561976.35,985562.3352,2457456,542,13900000,449097.0968,900689.2009,2640236,3,0,0,0,0,680,1032,1.5083890130000002,2.298497544,0,976,88.01851852,189.5902723,35944.47135,0,0,0,1,0,0,0,0,1,89.67924528,95.61904762,85.78125,680,0,0,0,0,0,0,21,2008,32,2745,29200,247,16,32,0.0,0.0,0,0,0.0,0.0,0,0,BruteForce
109,1,1,0,0,0,0,0.0,0.0,0,0,0.0,0.0,0.0,18348.62385,109.0,0.0,109,109,0,0.0,0.0,0,0,0,0.0,0.0,0,0,0,0,0,0,32,32,9174.311927,9174.311927,0,0,0.0,0.0,0.0,0,0,0,0,1,1,0,0,1,0.0,0.0,0.0,32,0,0,0,0,0,0,1,0,1,0,259,247,0,32,0.0,0.0,0,0,0.0,0.0,0,0,BruteForce
12819650,21,32,2008,2745,640,0,95.61904762,140.0451628,976,0,85.78125,220.240592,370.7589521,4.134278237,246531.7308,664771.8232,2364169,3,10600000,532249.3,939498.0781,2408342,331,12800000,413532.4839,824619.0611,2364169,3,0,0,0,0,680,1032,1.638110245,2.4961679919999997,0,976,88.01851852,189.5902723,35944.47135,0,0,0,1,0,0,0,0,1,89.67924528,95.61904762,85.78125,680,0,0,0,0,0,0,21,2008,32,2745,29200,247,16,32,0.0,0.0,0,0,0.0,0.0,0,0,BruteForce
13687355,21,32,2008,2745,640,0,95.61904762,140.0451628,976,0,85.78125,220.240592,347.2548202,3.872187139,263218.3654,716017.8690000002,2564366,3,11500000,575727.15,1017985.859,2608502,336,13700000,441523.2581,888992.0926,2564366,3,0,0,0,0,680,1032,1.534262829,2.33792431,0,976,88.01851852,189.5902723,35944.47135,0,0,0,1,0,0,0,0,1,89.67924528,95.61904762,85.78125,680,0,0,0,0,0,0,21,2008,32,2745,29200,247,16,32,0.0,0.0,0,0,0.0,0.0,0,0,BruteForce
73,1,1,0,0,0,0,0.0,0.0,0,0,0.0,0.0,0.0,27397.26027,73.0,0.0,73,73,0,0.0,0.0,0,0,0,0.0,0.0,0,0,0,0,0,0,32,32,13698.63014,13698.63014,0,0,0.0,0.0,0.0,0,0,0,0,1,1,0,0,1,0.0,0.0,0.0,32,0,0,0,0,0,0,1,0,1,0,259,247,0,32,0.0,0.0,0,0,0.0,0.0,0,0,BruteForce
13587183,21,32,2024,2745,640,0,96.38095238,140.1821944,976,0,85.78125,220.240592,350.9925494,3.900734979,261291.9808,710837.1495,2563915,3,11700000,583959.85,1030530.852,2611205,428,13600000,438292.3548,882563.6584,2563915,3,0,0,0,0,680,1032,1.545574237,2.355160742,0,976,88.31481481,189.6409541,35963.69147,0,0,0,1,0,0,0,0,1,89.98113208,96.38095238,85.78125,680,0,0,0,0,0,0,21,2024,32,2745,29200,257,16,32,0.0,0.0,0,0,0.0,0.0,0,0,BruteForce
75,1,1,0,0,0,0,0.0,0.0,0,0,0.0,0.0,0.0,26666.66667,75.0,0.0,75,75,0,0.0,0.0,0,0,0,0.0,0.0,0,0,0,0,0,0,32,32,13333.33333,13333.33333,0,0,0.0,0.0,0.0,0,0,0,0,1,1,0,0,1,0.0,0.0,0.0,32,0,0,0,0,0,0,1,0,1,0,259,247,0,32,0.0,0.0,0,0,0.0,0.0,0,0,BruteForce
13800155,21,32,2008,2745,640,0,95.61904762,140.0451628,976,0,85.78125,220.240592,344.4164214,3.840536574,265387.5962,716373.2871,2524261,3,11400000,569512.25,999133.2839,2568279,480,13800000,445162.1613,888720.942,2524261,3,0,0,0,0,680,1032,1.521722039,2.318814535,0,976,88.01851852,189.5902723,35944.47135,0,0,0,1,0,0,0,0,1,89.67924528,95.61904762,85.78125,680,0,0,0,0,0,0,21,2008,32,2745,29200,247,16,32,0.0,0.0,0,0,0.0,0.0,0,0,BruteForce
69,1,1,0,0,0,0,0.0,0.0,0,0,0.0,0.0,0.0,28985.50725,69.0,0.0,69,69,0,0.0,0.0,0,0,0,0.0,0.0,0,0,0,0,0,0,32,32,14492.75362,14492.75362,0,0,0.0,0.0,0.0,0,0,0,0,1,1,0,0,1,0.0,0.0,0.0,32,0,0,0,0,0,0,1,0,1,0,259,257,0,32,0.0,0.0,0,0,0.0,0.0,0,0,BruteForce
13006759,23,32,2008,2745,640,0,87.30434783,136.3399611,976,0,85.78125,220.240592,365.4253915,4.228570699,240865.9074,666061.7239,2385833,12,10700000,486281.7273,913468.4234,2437497,287,13000000,419568.5806,840457.9093,2385833,18,0,0,0,0,744,1032,1.768311383,2.460259316,0,976,84.875,186.8396554,34909.05682,0,0,0,1,0,0,0,0,1,86.41818182,87.30434783,85.78125,744,0,0,0,0,0,0,23,2008,32,2745,29200,247,16,32,0.0,0.0,0,0,0.0,0.0,0,0,BruteForce
13435979,21,32,2008,2745,640,0,95.61904762,140.0451628,976,0,85.78125,220.240592,353.7516693,3.944632542,258384.2115,698658.0881,2547437,20,11300000,563540.05,993233.8511,2601670,438,13400000,433416.3548,866900.4839,2547437,20,0,0,0,0,680,1032,1.562967611,2.381664931,0,976,88.01851852,189.5902723,35944.47135,0,0,0,1,0,0,0,0,1,89.67924528,95.61904762,85.78125,680,0,0,0,0,0,0,21,2008,32,2745,29200,247,16,32,0.0,0.0,0,0,0.0,0.0,0,0,BruteForce
13640774,21,32,2008,2745,640,0,95.61904762,140.0451628,976,0,85.78125,220.240592,348.4406383,3.885410021,262322.5769,707617.6245,2540157,11,11300000,565523.05,994701.3137,2596055,497,13600000,440021.871,877796.8346,2540157,11,0,0,0,0,680,1032,1.539502084,2.345907937,0,976,88.01851852,189.5902723,35944.47135,0,0,0,1,0,0,0,0,1,89.67924528,95.61904762,85.78125,680,0,0,0,0,0,0,21,2008,32,2745,29200,247,16,32,0.0,0.0,0,0,0.0,0.0,0,0,BruteForce
43,1,1,0,0,0,0,0.0,0.0,0,0,0.0,0.0,0.0,46511.62791,43.0,0.0,43,43,0,0.0,0.0,0,0,0,0.0,0.0,0,0,0,0,0,0,32,32,23255.81395,23255.81395,0,0,0.0,0.0,0.0,0,0,0,0,1,1,0,0,1,0.0,0.0,0.0,32,0,0,0,0,0,0,1,0,1,0,259,247,0,32,0.0,0.0,0,0,0.0,0.0,0,0,BruteForce
14011971,23,31,2008,2745,640,0,87.30434783,136.3399611,976,0,88.5483871,223.315,339.2099513,3.853847542,264376.8113,718678.3404,2556211,3,11700000,532816.7273,991511.7471,2604702,379,14000000,467061.1333,910189.6017,2556211,3,0,0,0,0,744,1000,1.641453583,2.212393959,0,976,86.41818182,188.2012015,35419.69226,0,0,0,1,0,0,0,0,1,88.01851852,87.30434783,88.5483871,744,0,0,0,0,0,0,23,2008,31,2745,29200,247,16,32,0.0,0.0,0,0,0.0,0.0,0,0,BruteForce
13518120,21,32,2008,2745,640,0,95.61904762,140.0451628,976,0,85.78125,220.240592,351.6021459,3.920663524,259963.8462,703958.1733,2564276,27,11200000,557869.0,983740.2304,2616821,316,13500000,436064.871,873607.2929,2564276,48,0,0,0,0,680,1032,1.553470453,2.367193071,0,976,88.01851852,189.5902723,35944.47135,0,0,0,1,0,0,0,0,1,89.67924528,95.61904762,85.78125,680,0,0,0,0,0,0,21,2008,32,2745,29200,247,16,32,0.0,0.0,0,0,0.0,0.0,0,0,BruteForce
12580224,21,32,2008,2745,640,0,95.61904762,140.0451628,976,0,85.78125,220.240592,377.8152122,4.21296155,241927.3846,649121.337,2292857,4,10500000,525230.15,922661.7361,2364463,425,12600000,405808.2903,804785.3595,2292857,4,0,0,0,0,680,1032,1.6692866519999998,2.543674898,0,976,88.01851852,189.5902723,35944.47135,0,0,0,1,0,0,0,0,1,89.67924528,95.61904762,85.78125,680,0,0,0,0,0,0,21,2008,32,2745,29200,247,16,32,0.0,0.0,0,0,0.0,0.0,0,0,BruteForce
77,1,1,0,0,0,0,0.0,0.0,0,0,0.0,0.0,0.0,25974.02597,77.0,0.0,77,77,0,0.0,0.0,0,0,0,0.0,0.0,0,0,0,0,0,0,32,32,12987.01299,12987.01299,0,0,0.0,0.0,0.0,0,0,0,0,1,1,0,0,1,0.0,0.0,0.0,32,0,0,0,0,0,0,1,0,1,0,259,247,0,32,0.0,0.0,0,0,0.0,0.0,0,0,BruteForce
63,1,1,0,0,0,0,0.0,0.0,0,0,0.0,0.0,0.0,31746.03175,63.0,0.0,63,63,0,0.0,0.0,0,0,0,0.0,0.0,0,0,0,0,0,0,32,32,15873.01587,15873.01587,0,0,0.0,0.0,0.0,0,0,0,0,1,1,0,0,1,0.0,0.0,0.0,32,0,0,0,0,0,0,1,0,1,0,259,247,0,32,0.0,0.0,0,0,0.0,0.0,0,0,BruteForce
11857451,21,32,2008,2745,640,0,95.61904762,140.0451628,976,0,85.78125,220.240592,400.8450045,4.469763358,228027.9038,609202.1458,2030869,4,9959035,497951.75,871231.1575,2101154,619,11900000,382495.4194,754952.3292,2030869,4,0,0,0,0,680,1032,1.771038312,2.6987250460000003,0,976,88.01851852,189.5902723,35944.47135,0,0,0,1,0,0,0,0,1,89.67924528,95.61904762,85.78125,680,0,0,0,0,0,0,21,2008,32,2745,29200,247,16,32,0.0,0.0,0,0,0.0,0.0,0,0,BruteForce
33,1,1,0,0,0,0,0.0,0.0,0,0,0.0,0.0,0.0,60606.06061,33.0,0.0,33,33,0,0.0,0.0,0,0,0,0.0,0.0,0,0,0,0,0,0,32,32,30303.0303,30303.0303,0,0,0.0,0.0,0.0,0,0,0,0,1,1,0,0,1,0.0,0.0,0.0,32,0,0,0,0,0,0,1,0,1,0,259,247,0,32,0.0,0.0,0,0,0.0,0.0,0,0,BruteForce
11539765,21,32,2008,2745,640,0,95.61904762,140.0451628,976,0,85.78125,220.240592,411.8801379,4.592814498,221918.5577,595015.6668,2048652,3,9742136,487106.8,854243.9182,2108533,320,11500000,372246.129,737662.0781,2048652,3,0,0,0,0,680,1032,1.819794424,2.7730200739999997,0,976,88.01851852,189.5902723,35944.47135,0,0,0,1,0,0,0,0,1,89.67924528,95.61904762,85.78125,680,0,0,0,0,0,0,21,2008,32,2745,29200,247,16,32,0.0,0.0,0,0,0.0,0.0,0,0,BruteForce
11855350,21,32,2008,2745,640,0,95.61904762,140.0451628,976,0,85.78125,220.240592,400.9160421,4.4705554880000005,227987.5,615102.3681,2186906,27,9804583,490229.15,862648.1504,2232492,470,11900000,382426.8387,763059.0492,2186906,27,0,0,0,0,680,1032,1.771352174,2.699203313,0,976,88.01851852,189.5902723,35944.47135,0,0,0,1,0,0,0,0,1,89.67924528,95.61904762,85.78125,680,0,0,0,0,0,0,21,2008,32,2745,29200,247,16,32,0.0,0.0,0,0,0.0,0.0,0,0,BruteForce
12432232,23,32,2008,2745,640,0,87.30434783,136.3399611,976,0,85.78125,220.240592,382.3126853,4.423984366,230226.5185,630385.986,2301105,17,10800000,490505.4091,910884.0642,2384685,336,12400000,401036.3548,794622.4673,2301105,17,0,0,0,0,744,1032,1.850029826,2.57395454,0,976,84.875,186.8396554,34909.05682,0,0,0,1,0,0,0,0,1,86.41818182,87.30434783,85.78125,744,0,0,0,0,0,0,23,2008,32,2745,29200,247,16,32,0.0,0.0,0,0,0.0,0.0,0,0,BruteForce
12322142,21,32,2024,2745,640,0,96.38095238,140.1821944,976,0,85.78125,220.240592,387.0268659,4.30120023,236964.2692,637638.6506,2227844,16,10500000,524579.6,923162.8068,2296693,448,12300000,397486.3871,790817.1746,2227844,49,0,0,0,0,680,1032,1.7042491480000002,2.596951082,0,976,88.31481481,189.6409541,35963.69147,0,0,0,1,0,0,0,0,1,89.98113208,96.38095238,85.78125,680,0,0,0,0,0,0,21,2024,32,2745,29200,257,16,32,0.0,0.0,0,0,0.0,0.0,0,0,BruteForce
57,1,1,0,0,0,0,0.0,0.0,0,0,0.0,0.0,0.0,35087.7193,57.0,0.0,57,57,0,0.0,0.0,0,0,0,0.0,0.0,0,0,0,0,0,0,32,32,17543.85965,17543.85965,0,0,0.0,0.0,0.0,0,0,0,0,1,1,0,0,1,0.0,0.0,0.0,32,0,0,0,0,0,0,1,0,1,0,259,247,0,32,0.0,0.0,0,0,0.0,0.0,0,0,BruteForce
12026942,21,32,2008,2745,640,0,95.61904762,140.0451628,976,0,85.78125,220.240592,395.1960523,4.406772727,231287.3462,623944.055,2245736,15,9738506,486925.3,855575.6144,2100740,357,12000000,387963.1613,774013.6347,2245736,48,0,0,0,0,680,1032,1.74607976,2.660692968,0,976,88.01851852,189.5902723,35944.47135,0,0,0,1,0,0,0,0,1,89.67924528,95.61904762,85.78125,680,0,0,0,0,0,0,21,2008,32,2745,29200,247,16,32,0.0,0.0,0,0,0.0,0.0,0,0,BruteForce
12043459,21,32,2008,2745,640,0,95.61904762,140.0451628,976,0,85.78125,220.240592,394.6540608,4.40072906,231604.9808,621389.5705,2168086,4,10200000,511412.85,895476.9649,2235461,318,12000000,388495.0,770432.6474,2168086,4,0,0,0,0,680,1032,1.743685099,2.657043961,0,976,88.01851852,189.5902723,35944.47135,0,0,0,1,0,0,0,0,1,89.67924528,95.61904762,85.78125,680,0,0,0,0,0,0,21,2008,32,2745,29200,247,16,32,0.0,0.0,0,0,0.0,0.0,0,0,BruteForce
10698561,20,33,2008,2745,640,0,100.4,141.91413269999995,976,0,83.18181818,217.2857356,444.2653549,4.953937263,205741.5577,552945.0121,2080299,0,8578028,451475.1579,763283.2640000002,1889387,275,10700000,334326.375,677326.1201,2080299,2,0,0,0,0,648,1064,1.869410288,3.084526975,0,976,88.01851852,189.5902723,35944.47135,0,0,0,1,0,0,0,0,1,89.67924528,100.4,83.18181818,648,0,0,0,0,0,0,20,2008,33,2745,29200,247,16,32,0.0,0.0,0,0,0.0,0.0,0,0,BruteForce
11004198,19,31,2008,2745,640,0,105.6842105,143.76719319999995,976,0,88.5483871,223.315,431.9260704,4.543720496000001,224575.4694,585294.2318,2032334,17,9031244,501735.7778,827713.2123,2090775,318,11000000,366803.0,716336.2789,2032334,17,0,0,0,0,616,1000,1.726613789,2.8171067080000003,0,976,93.19607843,193.9302988,37608.96078,0,0,0,1,0,0,0,0,1,95.06,105.6842105,88.5483871,616,0,0,0,0,0,0,19,2008,31,2745,29200,247,16,32,0.0,0.0,0,0,0.0,0.0,0,0,BruteForce
11636953,21,32,2024,2745,640,0,96.38095238,140.1821944,976,0,85.78125,220.240592,409.815181,4.554456824,223787.5577,604922.9523,2192393,3,9649064,482453.2,853853.9723,2264577,231,11600000,375382.0968,750583.5177,2192393,3,0,0,0,0,680,1032,1.8045961,2.749860724,0,976,88.31481481,189.6409541,35963.69147,0,0,0,1,0,0,0,0,1,89.98113208,96.38095238,85.78125,680,0,0,0,0,0,0,21,2024,32,2745,29200,257,16,32,0.0,0.0,0,0,0.0,0.0,0,0,BruteForce
11315696,21,32,2008,2745,640,0,95.61904762,140.0451628,976,0,85.78125,220.240592,420.0360278,4.68375962,217609.5385,586153.6479,2224351,13,9950807,497540.35,873305.3196,2301461,526,11300000,365018.3226,727034.2136,2224351,21,0,0,0,0,680,1032,1.855829284,2.8279303369999997,0,976,88.01851852,189.5902723,35944.47135,0,0,0,1,0,0,0,0,1,89.67924528,95.61904762,85.78125,680,0,0,0,0,0,0,21,2008,32,2745,29200,247,16,32,0.0,0.0,0,0,0.0,0.0,0,0,BruteForce
70,1,1,0,0,0,0,0.0,0.0,0,0,0.0,0.0,0.0,28571.42857,70.0,0.0,70,70,0,0.0,0.0,0,0,0,0.0,0.0,0,0,0,0,0,0,32,32,14285.71429,14285.71429,0,0,0.0,0.0,0.0,0,0,0,0,1,1,0,0,1,0.0,0.0,0.0,32,0,0,0,0,0,0,1,0,1,0,259,247,0,32,0.0,0.0,0,0,0.0,0.0,0,0,BruteForce
12184388,25,32,2008,2745,640,0,80.32,132.7550125,976,0,85.78125,220.240592,390.0893504,4.678117604,217578.3571,606958.7249,2222982,4,9918042,413251.75,814159.2745,2287045,218,12200000,393042.6774,777350.0996,2222982,4,0,0,0,0,808,1032,2.051805967,2.6263116369999997,0,976,81.94827586,184.19616,33928.22535,0,0,0,1,0,0,0,0,1,83.38596491,80.32,85.78125,808,0,0,0,0,0,0,25,2008,32,2745,29200,247,16,32,0.0,0.0,0,0,0.0,0.0,0,0,BruteForce
82,1,1,0,0,0,0,0.0,0.0,0,0,0.0,0.0,0.0,24390.2439,82.0,0.0,82,82,0,0.0,0.0,0,0,0,0.0,0.0,0,0,0,0,0,0,32,32,12195.12195,12195.12195,0,0,0.0,0.0,0.0,0,0,0,0,1,1,0,0,1,0.0,0.0,0.0,32,0,0,0,0,0,0,1,0,1,0,259,247,0,32,0.0,0.0,0,0,0.0,0.0,0,0,BruteForce
11848912,21,32,2008,2745,640,0,95.61904762,140.0451628,976,0,85.78125,220.240592,401.13387630000005,4.472984524,227863.6923,615519.4696,2204303,3,10100000,502688.3,887192.9213,2264446,428,11800000,382217.9355,763673.8341,2204303,3,0,0,0,0,680,1032,1.7723146230000002,2.7006699010000004,0,976,88.01851852,189.5902723,35944.47135,0,0,0,1,0,0,0,0,1,89.67924528,95.61904762,85.78125,680,0,0,0,0,0,0,21,2008,32,2745,29200,247,16,32,0.0,0.0,0,0,0.0,0.0,0,0,BruteForce
12039739,21,32,2008,2745,640,0,95.61904762,140.0451628,976,0,85.78125,220.240592,394.7759997,4.402088783,231533.4423,624832.7984,2227066,4,10500000,523951.7,917154.7771,2281008,578,12000000,388374.3871,775150.3096,2227066,4,0,0,0,0,680,1032,1.744223857,2.657864925,0,976,88.01851852,189.5902723,35944.47135,0,0,0,1,0,0,0,0,1,89.67924528,95.61904762,85.78125,680,0,0,0,0,0,0,21,2008,32,2745,29200,247,16,32,0.0,0.0,0,0,0.0,0.0,0,0,BruteForce
51,1,1,0,0,0,0,0.0,0.0,0,0,0.0,0.0,0.0,39215.68627,51.0,0.0,51,51,0,0.0,0.0,0,0,0,0.0,0.0,0,0,0,0,0,0,32,32,19607.84314,19607.84314,0,0,0.0,0.0,0.0,0,0,0,0,1,1,0,0,1,0.0,0.0,0.0,32,0,0,0,0,0,0,1,0,1,0,259,247,0,32,0.0,0.0,0,0,0.0,0.0,0,0,BruteForce
11656689,21,32,2008,2745,640,0,95.61904762,140.0451628,976,0,85.78125,220.240592,407.7487184,4.54674565,224167.0962,604594.8933,2223913,3,9704430,485221.5,855444.6022,2301259,225,11700000,376019.7419,750001.1419,2223913,3,0,0,0,0,680,1032,1.801540729,2.745204921,0,976,88.01851852,189.5902723,35944.47135,0,0,0,1,0,0,0,0,1,89.67924528,95.61904762,85.78125,680,0,0,0,0,0,0,21,2008,32,2745,29200,247,16,32,0.0,0.0,0,0,0.0,0.0,0,0,BruteForce
74,1,1,0,0,0,0,0.0,0.0,0,0,0.0,0.0,0.0,27027.02703,74.0,0.0,74,74,0,0.0,0.0,0,0,0,0.0,0.0,0,0,0,0,0,0,32,32,13513.51351,13513.51351,0,0,0.0,0.0,0.0,0,0,0,0,1,1,0,0,1,0.0,0.0,0.0,32,0,0,0,0,0,0,1,0,1,0,259,247,0,32,0.0,0.0,0,0,0.0,0.0,0,0,BruteForce
11682160,21,32,2008,2745,640,0,95.61904762,140.0451628,976,0,85.78125,220.240592,406.8596903,4.53683223,224656.9231,608545.6596,2228609,4,10100000,507028.75,895830.662,2301605,274,11700000,376839.5806,755238.4648,2228609,4,0,0,0,0,680,1032,1.79761277,2.7392194589999996,0,976,88.01851852,189.5902723,35944.47135,0,0,0,1,0,0,0,0,1,89.67924528,95.61904762,85.78125,680,0,0,0,0,0,0,21,2008,32,2745,29200,247,16,32,0.0,0.0,0,0,0.0,0.0,0,0,BruteForce
11055115,19,31,2008,2745,640,0,105.6842105,143.76719319999995,976,0,88.5483871,223.315,429.9367306,4.522793295,225614.5918,588167.3598,2032289,3,9082297,504572.0556,831633.8346,2090274,273,11100000,368500.4,719875.8448,2032289,3,0,0,0,0,616,1000,1.718661452,2.804131843,0,976,93.19607843,193.9302988,37608.96078,0,0,0,1,0,0,0,0,1,95.06,105.6842105,88.5483871,616,0,0,0,0,0,0,19,2008,31,2745,29200,247,16,32,0.0,0.0,0,0,0.0,0.0,0,0,BruteForce
10316530,21,32,2008,2745,640,0,95.61904762,140.0451628,976,0,85.78125,220.240592,460.71692710000013,5.137386311,198394.8077,536840.221,2164194,3,8810396,440519.8,782848.1953,2215934,527,10300000,332788.0645,666194.8188,2164194,3,0,0,0,0,680,1032,2.035568161,3.10181815,0,976,88.01851852,189.5902723,35944.47135,0,0,0,1,0,0,0,0,1,89.67924528,95.61904762,85.78125,680,0,0,0,0,0,0,21,2008,32,2745,29200,247,16,32,0.0,0.0,0,0,0.0,0.0,0,0,BruteForce
53,1,1,0,0,0,0,0.0,0.0,0,0,0.0,0.0,0.0,37735.84906,53.0,0.0,53,53,0,0.0,0.0,0,0,0,0.0,0.0,0,0,0,0,0,0,32,32,18867.92453,18867.92453,0,0,0.0,0.0,0.0,0,0,0,0,1,1,0,0,1,0.0,0.0,0.0,32,0,0,0,0,0,0,1,0,1,0,259,247,0,32,0.0,0.0,0,0,0.0,0.0,0,0,BruteForce
77,1,1,0,0,0,0,0.0,0.0,0,0,0.0,0.0,0.0,25974.02597,77.0,0.0,77,77,0,0.0,0.0,0,0,0,0.0,0.0,0,0,0,0,0,0,32,32,12987.01299,12987.01299,0,0,0.0,0.0,0.0,0,0,0,0,1,1,0,0,1,0.0,0.0,0.0,32,0,0,0,0,0,0,1,0,1,0,259,247,0,32,0.0,0.0,0,0,0.0,0.0,0,0,BruteForce
74,1,1,0,0,0,0,0.0,0.0,0,0,0.0,0.0,0.0,27027.02703,74.0,0.0,74,74,0,0.0,0.0,0,0,0,0.0,0.0,0,0,0,0,0,0,32,32,13513.51351,13513.51351,0,0,0.0,0.0,0.0,0,0,0,0,1,1,0,0,1,0.0,0.0,0.0,32,0,0,0,0,0,0,1,0,1,0,259,247,0,32,0.0,0.0,0,0,0.0,0.0,0,0,BruteForce
10967647,21,32,2008,2745,640,0,95.61904762,140.0451628,976,0,85.78125,220.240592,433.3655159,4.83239477,210916.2885,566227.6629,1992198,3,8962037,448101.85,787907.8009,2040617,312,11000000,353790.8387,702099.9189,1992198,3,0,0,0,0,680,1032,1.914722456,2.917672314,0,976,88.01851852,189.5902723,35944.47135,0,0,0,1,0,0,0,0,1,89.67924528,95.61904762,85.78125,680,0,0,0,0,0,0,21,2008,32,2745,29200,247,16,32,0.0,0.0,0,0,0.0,0.0,0,0,BruteForce
81,1,1,0,0,0,0,0.0,0.0,0,0,0.0,0.0,0.0,24691.35802,81.0,0.0,81,81,0,0.0,0.0,0,0,0,0.0,0.0,0,0,0,0,0,0,32,32,12345.67901,12345.67901,0,0,0.0,0.0,0.0,0,0,0,0,1,1,0,0,1,0.0,0.0,0.0,32,0,0,0,0,0,0,1,0,1,0,259,247,0,32,0.0,0.0,0,0,0.0,0.0,0,0,BruteForce
11299427,21,32,2008,2745,640,0,95.61904762,140.0451628,976,0,85.78125,220.240592,420.6407989,4.6905033330000006,217296.6731,591361.9975,2185077,3,9716017,485800.85,865972.6218,2232459,378,11300000,364494.1613,734274.3288,2185077,3,0,0,0,0,680,1032,1.85850132,2.832002012,0,976,88.01851852,189.5902723,35944.47135,0,0,0,1,0,0,0,0,1,89.67924528,95.61904762,85.78125,680,0,0,0,0,0,0,21,2008,32,2745,29200,247,16,32,0.0,0.0,0,0,0.0,0.0,0,0,BruteForce
10747438,21,32,2008,2745,640,0,95.61904762,140.0451628,976,0,85.78125,220.240592,442.24493319999993,4.931407838999999,206681.5,558144.4258,2034439,3,9459937,472996.85,831150.7947,2096464,333,10700000,346687.12899999996,692482.5506,2034439,3,0,0,0,0,680,1032,1.953954049,2.9774537889999997,0,976,88.01851852,189.5902723,35944.47135,0,0,0,1,0,0,0,0,1,89.67924528,95.61904762,85.78125,680,0,0,0,0,0,0,21,2008,32,2745,29200,247,16,32,0.0,0.0,0,0,0.0,0.0,0,0,BruteForce
11337666,21,32,2008,2745,640,0,95.61904762,140.0451628,976,0,85.78125,220.240592,419.2220868,4.674683484,218032.0385,586829.9102,2104134,3,9916876,495843.8,869403.3784,2164415,433,11300000,365728.9032,727856.1474,2104134,3,0,0,0,0,680,1032,1.852233079,2.822450406,0,976,88.01851852,189.5902723,35944.47135,0,0,0,1,0,0,0,0,1,89.67924528,95.61904762,85.78125,680,0,0,0,0,0,0,21,2008,32,2745,29200,247,16,32,0.0,0.0,0,0,0.0,0.0,0,0,BruteForce
65,1,1,0,0,0,0,0.0,0.0,0,0,0.0,0.0,0.0,30769.23077,65.0,0.0,65,65,0,0.0,0.0,0,0,0,0.0,0.0,0,0,0,0,0,0,32,32,15384.61538,15384.61538,0,0,0.0,0.0,0.0,0,0,0,0,1,1,0,0,1,0.0,0.0,0.0,32,0,0,0,0,0,0,1,0,1,0,259,247,0,32,0.0,0.0,0,0,0.0,0.0,0,0,BruteForce
67,1,1,0,0,0,0,0.0,0.0,0,0,0.0,0.0,0.0,29850.74627,67.0,0.0,67,67,0,0.0,0.0,0,0,0,0.0,0.0,0,0,0,0,0,0,32,32,14925.373130000002,14925.373130000002,0,0,0.0,0.0,0.0,0,0,0,0,1,1,0,0,1,0.0,0.0,0.0,32,0,0,0,0,0,0,1,0,1,0,259,247,0,32,0.0,0.0,0,0,0.0,0.0,0,0,BruteForce
71,1,1,0,0,0,0,0.0,0.0,0,0,0.0,0.0,0.0,28169.01408,71.0,0.0,71,71,0,0.0,0.0,0,0,0,0.0,0.0,0,0,0,0,0,0,32,32,14084.50704,14084.50704,0,0,0.0,0.0,0.0,0,0,0,0,1,1,0,0,1,0.0,0.0,0.0,32,0,0,0,0,0,0,1,0,1,0,259,247,0,32,0.0,0.0,0,0,0.0,0.0,0,0,BruteForce
109,1,1,0,0,0,0,0.0,0.0,0,0,0.0,0.0,0.0,18348.62385,109.0,0.0,109,109,0,0.0,0.0,0,0,0,0.0,0.0,0,0,0,0,0,0,32,32,9174.311927,9174.311927,0,0,0.0,0.0,0.0,0,0,0,0,1,1,0,0,1,0.0,0.0,0.0,32,0,0,0,0,0,0,1,0,1,0,259,247,0,32,0.0,0.0,0,0,0.0,0.0,0,0,BruteForce
11653765,21,32,2008,2745,640,0,95.61904762,140.0451628,976,0,85.78125,220.240592,407.851025,4.5478864560000005,224110.8654,603788.5561,2168355,3,9730967,486548.35,860683.1377,2239059,310,11700000,375922.2258,748914.0063,2168355,3,0,0,0,0,680,1032,1.801992747,2.7458937089999997,0,976,88.01851852,189.5902723,35944.47135,0,0,0,1,0,0,0,0,1,89.67924528,95.61904762,85.78125,680,0,0,0,0,0,0,21,2008,32,2745,29200,247,16,32,0.0,0.0,0,0,0.0,0.0,0,0,BruteForce
42,1,1,0,0,0,0,0.0,0.0,0,0,0.0,0.0,0.0,47619.04762,42.0,0.0,42,42,0,0.0,0.0,0,0,0,0.0,0.0,0,0,0,0,0,0,32,32,23809.52381,23809.52381,0,0,0.0,0.0,0.0,0,0,0,0,1,1,0,0,1,0.0,0.0,0.0,32,0,0,0,0,0,0,1,0,1,0,259,247,0,32,0.0,0.0,0,0,0.0,0.0,0,0,BruteForce
106,1,1,0,0,0,0,0.0,0.0,0,0,0.0,0.0,0.0,18867.92453,106.0,0.0,106,106,0,0.0,0.0,0,0,0,0.0,0.0,0,0,0,0,0,0,32,32,9433.962264,9433.962264,0,0,0.0,0.0,0.0,0,0,0,0,1,1,0,0,1,0.0,0.0,0.0,32,0,0,0,0,0,0,1,0,1,0,259,247,0,32,0.0,0.0,0,0,0.0,0.0,0,0,BruteForce
12255512,21,32,2008,2745,640,0,95.61904762,140.0451628,976,0,85.78125,220.240592,387.8254944,4.324584726,235682.9231,637376.0462,2325456,3,10100000,503031.55,891361.0993,2401340,272,12300000,395335.5806,790877.6007,2325456,3,0,0,0,0,680,1032,1.7135147030000002,2.611070023,0,976,88.01851852,189.5902723,35944.47135,0,0,0,1,0,0,0,0,1,89.67924528,95.61904762,85.78125,680,0,0,0,0,0,0,21,2008,32,2745,29200,247,16,32,0.0,0.0,0,0,0.0,0.0,0,0,BruteForce
12268323,21,31,2008,2745,640,0,95.61904762,140.0451628,976,0,88.5483871,223.315,387.4205138,4.238558114,240555.3529,642619.8625,2322965,4,10100000,503806.3,891752.7861,2364889,448,12300000,408939.7333,800564.1745,2322965,4,0,0,0,0,680,1000,1.711725392,2.526832722,0,976,89.67924528,191.0076291,36483.91437,0,0,0,1,0,0,0,0,1,91.40384615,95.61904762,88.5483871,680,0,0,0,0,0,0,21,2008,31,2745,29200,247,16,32,0.0,0.0,0,0,0.0,0.0,0,0,BruteForce
75,1,1,0,0,0,0,0.0,0.0,0,0,0.0,0.0,0.0,26666.66667,75.0,0.0,75,75,0,0.0,0.0,0,0,0,0.0,0.0,0,0,0,0,0,0,32,32,13333.33333,13333.33333,0,0,0.0,0.0,0.0,0,0,0,0,1,1,0,0,1,0.0,0.0,0.0,32,0,0,0,0,0,0,1,0,1,0,259,247,0,32,0.0,0.0,0,0,0.0,0.0,0,0,BruteForce
68,1,1,0,0,0,0,0.0,0.0,0,0,0.0,0.0,0.0,29411.764710000003,68.0,0.0,68,68,0,0.0,0.0,0,0,0,0.0,0.0,0,0,0,0,0,0,32,32,14705.88235,14705.88235,0,0,0.0,0.0,0.0,0,0,0,0,1,1,0,0,1,0.0,0.0,0.0,32,0,0,0,0,0,0,1,0,1,0,259,247,0,32,0.0,0.0,0,0,0.0,0.0,0,0,BruteForce
48,1,1,0,0,0,0,0.0,0.0,0,0,0.0,0.0,0.0,41666.66667,48.0,0.0,48,48,0,0.0,0.0,0,0,0,0.0,0.0,0,0,0,0,0,0,32,32,20833.33333,20833.33333,0,0,0.0,0.0,0.0,0,0,0,0,1,1,0,0,1,0.0,0.0,0.0,32,0,0,0,0,0,0,1,0,1,0,259,247,0,32,0.0,0.0,0,0,0.0,0.0,0,0,BruteForce
105,1,1,0,0,0,0,0.0,0.0,0,0,0.0,0.0,0.0,19047.61905,105.0,0.0,105,105,0,0.0,0.0,0,0,0,0.0,0.0,0,0,0,0,0,0,32,32,9523.809524,9523.809524,0,0,0.0,0.0,0.0,0,0,0,0,1,1,0,0,1,0.0,0.0,0.0,32,0,0,0,0,0,0,1,0,1,0,259,247,0,32,0.0,0.0,0,0,0.0,0.0,0,0,BruteForce
76,1,1,0,0,0,0,0.0,0.0,0,0,0.0,0.0,0.0,26315.78947,76.0,0.0,76,76,0,0.0,0.0,0,0,0,0.0,0.0,0,0,0,0,0,0,32,32,13157.89474,13157.89474,0,0,0.0,0.0,0.0,0,0,0,0,1,1,0,0,1,0.0,0.0,0.0,32,0,0,0,0,0,0,1,0,1,0,259,247,0,32,0.0,0.0,0,0,0.0,0.0,0,0,BruteForce
45,1,1,0,0,0,0,0.0,0.0,0,0,0.0,0.0,0.0,44444.44444,45.0,0.0,45,45,0,0.0,0.0,0,0,0,0.0,0.0,0,0,0,0,0,0,32,32,22222.22222,22222.22222,0,0,0.0,0.0,0.0,0,0,0,0,1,1,0,0,1,0.0,0.0,0.0,32,0,0,0,0,0,0,1,0,1,0,259,247,0,32,0.0,0.0,0,0,0.0,0.0,0,0,BruteForce
53,1,1,0,0,0,0,0.0,0.0,0,0,0.0,0.0,0.0,37735.84906,53.0,0.0,53,53,0,0.0,0.0,0,0,0,0.0,0.0,0,0,0,0,0,0,32,32,18867.92453,18867.92453,0,0,0.0,0.0,0.0,0,0,0,0,1,1,0,0,1,0.0,0.0,0.0,32,0,0,0,0,0,0,1,0,1,0,259,247,0,32,0.0,0.0,0,0,0.0,0.0,0,0,BruteForce
81,1,1,0,0,0,0,0.0,0.0,0,0,0.0,0.0,0.0,24691.35802,81.0,0.0,81,81,0,0.0,0.0,0,0,0,0.0,0.0,0,0,0,0,0,0,32,32,12345.67901,12345.67901,0,0,0.0,0.0,0.0,0,0,0,0,1,1,0,0,1,0.0,0.0,0.0,32,0,0,0,0,0,0,1,0,1,0,259,247,0,32,0.0,0.0,0,0,0.0,0.0,0,0,BruteForce
47,1,1,0,0,0,0,0.0,0.0,0,0,0.0,0.0,0.0,42553.19149,47.0,0.0,47,47,0,0.0,0.0,0,0,0,0.0,0.0,0,0,0,0,0,0,32,32,21276.59574,21276.59574,0,0,0.0,0.0,0.0,0,0,0,0,1,1,0,0,1,0.0,0.0,0.0,32,0,0,0,0,0,0,1,0,1,0,259,247,0,32,0.0,0.0,0,0,0.0,0.0,0,0,BruteForce
12271350,19,31,2008,2745,640,0,105.6842105,143.76719319999995,976,0,88.5483871,223.315,387.3249479,4.074531327,250435.7143,662686.0178,2692057,3,10300000,573275.4444,962564.6475,2747075,472,12300000,409040.6667,812314.5513,2692057,3,0,0,0,0,616,1000,1.548321904,2.526209423,0,976,93.19607843,193.9302988,37608.96078,0,0,0,1,0,0,0,0,1,95.06,105.6842105,88.5483871,616,0,0,0,0,0,0,19,2008,31,2745,29200,247,16,32,0.0,0.0,0,0,0.0,0.0,0,0,BruteForce
11603232,21,32,2008,2745,640,0,95.61904762,140.0451628,976,0,85.78125,220.240592,409.6272487,4.567692864,223139.0769,602065.5697,2244551,3,9752900,487645.0,860257.0784,2291755,410,11600000,374292.871,746903.0156,2244551,3,0,0,0,0,680,1032,1.809840569,2.757852295,0,976,88.01851852,189.5902723,35944.47135,0,0,0,1,0,0,0,0,1,89.67924528,95.61904762,85.78125,680,0,0,0,0,0,0,21,2008,32,2745,29200,247,16,32,0.0,0.0,0,0,0.0,0.0,0,0,BruteForce
12119011,21,32,2008,2745,640,0,95.61904762,140.0451628,976,0,85.78125,220.240592,392.1937194,4.373294157,233057.9038,626297.1655,2256173,3,10200000,510365.3,895909.0121,2301567,520,12100000,390931.6774,776619.3636,2256173,3,0,0,0,0,680,1032,1.732814666,2.640479491,0,976,88.01851852,189.5902723,35944.47135,0,0,0,1,0,0,0,0,1,89.67924528,95.61904762,85.78125,680,0,0,0,0,0,0,21,2008,32,2745,29200,247,16,32,0.0,0.0,0,0,0.0,0.0,0,0,BruteForce
78,1,1,0,0,0,0,0.0,0.0,0,0,0.0,0.0,0.0,25641.02564,78.0,0.0,78,78,0,0.0,0.0,0,0,0,0.0,0.0,0,0,0,0,0,0,32,32,12820.51282,12820.51282,0,0,0.0,0.0,0.0,0,0,0,0,1,1,0,0,1,0.0,0.0,0.0,32,0,0,0,0,0,0,1,0,1,0,259,247,0,32,0.0,0.0,0,0,0.0,0.0,0,0,BruteForce
11461713,19,31,2008,2745,640,0,105.6842105,143.76719319999995,976,0,88.5483871,223.315,414.6849603,4.362349677,233912.5102,618286.1074,2259881,3,9608696,533816.4444,897697.6659,2304689,524,11500000,382052.2,757811.6069,2259881,3,0,0,0,0,616,1000,1.657692877,2.7046568,0,976,93.19607843,193.9302988,37608.96078,0,0,0,1,0,0,0,0,1,95.06,105.6842105,88.5483871,616,0,0,0,0,0,0,19,2008,31,2745,29200,247,16,32,0.0,0.0,0,0,0.0,0.0,0,0,BruteForce
11955597,21,32,2008,2745,640,0,95.61904762,140.0451628,976,0,85.78125,220.240592,397.5543839,4.433070133999999,229915.3269,626955.796,2415754,3,10100000,506189.1,905244.2658,2478681,340,12000000,385659.9355,778617.8475,2415754,3,0,0,0,0,680,1032,1.756499487,2.6765706469999997,0,976,88.01851852,189.5902723,35944.47135,0,0,0,1,0,0,0,0,1,89.67924528,95.61904762,85.78125,680,0,0,0,0,0,0,21,2008,32,2745,29200,247,16,32,0.0,0.0,0,0,0.0,0.0,0,0,BruteForce
43,1,1,0,0,0,0,0.0,0.0,0,0,0.0,0.0,0.0,46511.62791,43.0,0.0,43,43,0,0.0,0.0,0,0,0,0.0,0.0,0,0,0,0,0,0,32,32,23255.81395,23255.81395,0,0,0.0,0.0,0.0,0,0,0,0,1,1,0,0,1,0.0,0.0,0.0,32,0,0,0,0,0,0,1,0,1,0,259,247,0,32,0.0,0.0,0,0,0.0,0.0,0,0,BruteForce
12082733,21,32,2008,2745,640,0,95.61904762,140.0451628,976,0,85.78125,220.240592,393.3712679,4.386424826,232360.25,635421.4769,2283911,3,10400000,519319.35,930294.0793,2355029,435,12100000,389761.3871,789362.7551,2283911,3,0,0,0,0,680,1032,1.7380173840000002,2.648407442,0,976,88.01851852,189.5902723,35944.47135,0,0,0,1,0,0,0,0,1,89.67924528,95.61904762,85.78125,680,0,0,0,0,0,0,21,2008,32,2745,29200,247,16,32,0.0,0.0,0,0,0.0,0.0,0,0,BruteForce
11601248,23,32,1992,2745,640,0,86.60869565,136.24901640000002,976,0,85.78125,220.240592,408.3181396,4.740869258,214837.9259,602700.2105,2282692,17,9649330,438605.9091,843363.4675,2332433,410,11600000,374229.3548,761708.3385,2282692,17,0,0,0,0,744,1032,1.982545326,2.7583239319999997,0,976,84.58928571,186.8096529,34897.84643,0,0,0,1,0,0,0,0,1,86.12727273,86.60869565,85.78125,744,0,0,0,0,0,0,23,1992,32,2745,29200,247,16,32,0.0,0.0,0,0,0.0,0.0,0,0,BruteForce
11773311,21,32,2008,2745,640,0,95.61904762,140.0451628,976,0,85.78125,220.240592,403.7097126,4.501707294,226409.8269,624074.1764,2280157,3,9624932,481246.6,871844.0521,2332435,507,11800000,379780.0968,775887.0889,2280157,3,0,0,0,0,680,1032,1.7836953430000002,2.7180119510000003,0,976,88.01851852,189.5902723,35944.47135,0,0,0,1,0,0,0,0,1,89.67924528,95.61904762,85.78125,680,0,0,0,0,0,0,21,2008,32,2745,29200,247,16,32,0.0,0.0,0,0,0.0,0.0,0,0,BruteForce
76,1,1,0,0,0,0,0.0,0.0,0,0,0.0,0.0,0.0,26315.78947,76.0,0.0,76,76,0,0.0,0.0,0,0,0,0.0,0.0,0,0,0,0,0,0,32,32,13157.89474,13157.89474,0,0,0.0,0.0,0.0,0,0,0,0,1,1,0,0,1,0.0,0.0,0.0,32,0,0,0,0,0,0,1,0,1,0,259,247,0,32,0.0,0.0,0,0,0.0,0.0,0,0,BruteForce
83,1,1,0,0,0,0,0.0,0.0,0,0,0.0,0.0,0.0,24096.38554,83.0,0.0,83,83,0,0.0,0.0,0,0,0,0.0,0.0,0,0,0,0,0,0,32,32,12048.19277,12048.19277,0,0,0.0,0.0,0.0,0,0,0,0,1,1,0,0,1,0.0,0.0,0.0,32,0,0,0,0,0,0,1,0,1,0,259,247,0,32,0.0,0.0,0,0,0.0,0.0,0,0,BruteForce
11852621,21,32,2008,2745,640,0,95.61904762,140.0451628,976,0,85.78125,220.240592,401.0083508,4.471584808,227935.0192,634749.2993,2453337,3,10000000,500061.35,916523.6389,2501007,312,11900000,382338.6774,789951.2208,2453337,3,0,0,0,0,680,1032,1.7717600180000002,2.69982479,0,976,88.01851852,189.5902723,35944.47135,0,0,0,1,0,0,0,0,1,89.67924528,95.61904762,85.78125,680,0,0,0,0,0,0,21,2008,32,2745,29200,247,16,32,0.0,0.0,0,0,0.0,0.0,0,0,BruteForce
11914038,21,32,2008,2745,640,0,95.61904762,140.0451628,976,0,85.78125,220.240592,398.9411482,4.448533738,229116.1154,633780.8001,2456162,3,10500000,523692.0,942906.0971,2501250,345,11900000,384320.5161,788230.1218,2456162,3,0,0,0,0,680,1032,1.762626575,2.685907163,0,976,88.01851852,189.5902723,35944.47135,0,0,0,1,0,0,0,0,1,89.67924528,95.61904762,85.78125,680,0,0,0,0,0,0,21,2008,32,2745,29200,247,16,32,0.0,0.0,0,0,0.0,0.0,0,0,BruteForce
108,1,1,0,0,0,0,0.0,0.0,0,0,0.0,0.0,0.0,18518.51852,108.0,0.0,108,108,0,0.0,0.0,0,0,0,0.0,0.0,0,0,0,0,0,0,32,32,9259.259259,9259.259259,0,0,0.0,0.0,0.0,0,0,0,0,1,1,0,0,1,0.0,0.0,0.0,32,0,0,0,0,0,0,1,0,1,0,259,247,0,32,0.0,0.0,0,0,0.0,0.0,0,0,BruteForce
74,1,1,0,0,0,0,0.0,0.0,0,0,0.0,0.0,0.0,27027.02703,74.0,0.0,74,74,0,0.0,0.0,0,0,0,0.0,0.0,0,0,0,0,0,0,32,32,13513.51351,13513.51351,0,0,0.0,0.0,0.0,0,0,0,0,1,1,0,0,1,0.0,0.0,0.0,32,0,0,0,0,0,0,1,0,1,0,259,247,0,32,0.0,0.0,0,0,0.0,0.0,0,0,BruteForce
46,1,1,0,0,0,0,0.0,0.0,0,0,0.0,0.0,0.0,43478.26087,46.0,0.0,46,46,0,0.0,0.0,0,0,0,0.0,0.0,0,0,0,0,0,0,32,32,21739.13043,21739.13043,0,0,0.0,0.0,0.0,0,0,0,0,1,1,0,0,1,0.0,0.0,0.0,32,0,0,0,0,0,0,1,0,1,0,259,247,0,32,0.0,0.0,0,0,0.0,0.0,0,0,BruteForce
61,1,1,0,0,0,0,0.0,0.0,0,0,0.0,0.0,0.0,32786.88525,61.0,0.0,61,61,0,0.0,0.0,0,0,0,0.0,0.0,0,0,0,0,0,0,32,32,16393.442619999998,16393.442619999998,0,0,0.0,0.0,0.0,0,0,0,0,1,1,0,0,1,0.0,0.0,0.0,32,0,0,0,0,0,0,1,0,1,0,259,247,0,32,0.0,0.0,0,0,0.0,0.0,0,0,BruteForce
81,1,1,0,0,0,0,0.0,0.0,0,0,0.0,0.0,0.0,24691.35802,81.0,0.0,81,81,0,0.0,0.0,0,0,0,0.0,0.0,0,0,0,0,0,0,32,32,12345.67901,12345.67901,0,0,0.0,0.0,0.0,0,0,0,0,1,1,0,0,1,0.0,0.0,0.0,32,0,0,0,0,0,0,1,0,1,0,259,247,0,32,0.0,0.0,0,0,0.0,0.0,0,0,BruteForce
71,1,1,0,0,0,0,0.0,0.0,0,0,0.0,0.0,0.0,28169.01408,71.0,0.0,71,71,0,0.0,0.0,0,0,0,0.0,0.0,0,0,0,0,0,0,32,32,14084.50704,14084.50704,0,0,0.0,0.0,0.0,0,0,0,0,1,1,0,0,1,0.0,0.0,0.0,32,0,0,0,0,0,0,1,0,1,0,259,247,0,32,0.0,0.0,0,0,0.0,0.0,0,0,BruteForce
74,1,1,0,0,0,0,0.0,0.0,0,0,0.0,0.0,0.0,27027.02703,74.0,0.0,74,74,0,0.0,0.0,0,0,0,0.0,0.0,0,0,0,0,0,0,32,32,13513.51351,13513.51351,0,0,0.0,0.0,0.0,0,0,0,0,1,1,0,0,1,0.0,0.0,0.0,32,0,0,0,0,0,0,1,0,1,0,259,247,0,32,0.0,0.0,0,0,0.0,0.0,0,0,BruteForce
80,1,1,0,0,0,0,0.0,0.0,0,0,0.0,0.0,0.0,25000.0,80.0,0.0,80,80,0,0.0,0.0,0,0,0,0.0,0.0,0,0,0,0,0,0,32,32,12500.0,12500.0,0,0,0.0,0.0,0.0,0,0,0,0,1,1,0,0,1,0.0,0.0,0.0,32,0,0,0,0,0,0,1,0,1,0,259,247,0,32,0.0,0.0,0,0,0.0,0.0,0,0,BruteForce
12951557,21,32,2008,2745,640,0,95.61904762,140.0451628,976,0,85.78125,220.240592,366.9829041,4.0921720839999995,249068.4038,682137.3902,2632558,3,10700000,535382.05,960115.9208,2702002,312,13000000,417788.4839,847515.6197,2632558,3,0,0,0,0,680,1032,1.621426675,2.470745409,0,976,88.01851852,189.5902723,35944.47135,0,0,0,1,0,0,0,0,1,89.67924528,95.61904762,85.78125,680,0,0,0,0,0,0,21,2008,32,2745,29200,247,16,32,0.0,0.0,0,0,0.0,0.0,0,0,BruteForce
97,1,1,0,0,0,0,0.0,0.0,0,0,0.0,0.0,0.0,20618.5567,97.0,0.0,97,97,0,0.0,0.0,0,0,0,0.0,0.0,0,0,0,0,0,0,32,32,10309.27835,10309.27835,0,0,0.0,0.0,0.0,0,0,0,0,1,1,0,0,1,0.0,0.0,0.0,32,0,0,0,0,0,0,1,0,1,0,259,247,0,32,0.0,0.0,0,0,0.0,0.0,0,0,BruteForce
74,1,1,0,0,0,0,0.0,0.0,0,0,0.0,0.0,0.0,27027.02703,74.0,0.0,74,74,0,0.0,0.0,0,0,0,0.0,0.0,0,0,0,0,0,0,32,32,13513.51351,13513.51351,0,0,0.0,0.0,0.0,0,0,0,0,1,1,0,0,1,0.0,0.0,0.0,32,0,0,0,0,0,0,1,0,1,0,259,247,0,32,0.0,0.0,0,0,0.0,0.0,0,0,BruteForce
12326912,21,32,2008,2745,640,0,95.61904762,140.0451628,976,0,85.78125,220.240592,385.5791296,4.299535845,237056.0,646910.561,2475940,3,10400000,521465.2,931759.7409,2533442,472,12300000,397637.2903,803457.4688,2475940,3,0,0,0,0,680,1032,1.703589674,2.59594617,0,976,88.01851852,189.5902723,35944.47135,0,0,0,1,0,0,0,0,1,89.67924528,95.61904762,85.78125,680,0,0,0,0,0,0,21,2008,32,2745,29200,247,16,32,0.0,0.0,0,0,0.0,0.0,0,0,BruteForce
78,1,1,0,0,0,0,0.0,0.0,0,0,0.0,0.0,0.0,25641.02564,78.0,0.0,78,78,0,0.0,0.0,0,0,0,0.0,0.0,0,0,0,0,0,0,32,32,12820.51282,12820.51282,0,0,0.0,0.0,0.0,0,0,0,0,1,1,0,0,1,0.0,0.0,0.0,32,0,0,0,0,0,0,1,0,1,0,259,247,0,32,0.0,0.0,0,0,0.0,0.0,0,0,BruteForce
45,1,1,0,0,0,0,0.0,0.0,0,0,0.0,0.0,0.0,44444.44444,45.0,0.0,45,45,0,0.0,0.0,0,0,0,0.0,0.0,0,0,0,0,0,0,32,32,22222.22222,22222.22222,0,0,0.0,0.0,0.0,0,0,0,0,1,1,0,0,1,0.0,0.0,0.0,32,0,0,0,0,0,0,1,0,1,0,259,247,0,32,0.0,0.0,0,0,0.0,0.0,0,0,BruteForce
12660986,19,31,2008,2745,640,0,105.6842105,143.76719319999995,976,0,88.5483871,223.315,375.4052015,3.949139506,258387.4694,692615.0472,2651890,3,10900000,603583.6667,1025272.275,2705498,339,12700000,422028.2333,850096.7628,2651890,3,0,0,0,0,616,1000,1.5006730119999998,2.4484664940000003,0,976,93.19607843,193.9302988,37608.96078,0,0,0,1,0,0,0,0,1,95.06,105.6842105,88.5483871,616,0,0,0,0,0,0,19,2008,31,2745,29200,247,16,32,0.0,0.0,0,0,0.0,0.0,0,0,BruteForce
12959582,22,32,2008,2745,640,0,91.27272727,138.1821372,976,0,85.78125,220.240592,366.7556562,4.166801059,244520.4151,663461.2767,2239294,3,10700000,508400.2857,915538.4963,2260495,587,13000000,418047.3226,829565.0756,2239294,3,0,0,0,0,712,1032,1.697585617,2.469215442,0,976,86.41818182,188.2012015,35419.69226,0,0,0,1,0,0,0,0,1,88.01851852,91.27272727,85.78125,712,0,0,0,0,0,0,22,2008,32,2745,29200,247,16,32,0.0,0.0,0,0,0.0,0.0,0,0,BruteForce
73,1,1,0,0,0,0,0.0,0.0,0,0,0.0,0.0,0.0,27397.26027,73.0,0.0,73,73,0,0.0,0.0,0,0,0,0.0,0.0,0,0,0,0,0,0,32,32,13698.63014,13698.63014,0,0,0.0,0.0,0.0,0,0,0,0,1,1,0,0,1,0.0,0.0,0.0,32,0,0,0,0,0,0,1,0,1,0,259,247,0,32,0.0,0.0,0,0,0.0,0.0,0,0,BruteForce
12871699,20,33,2008,2745,640,0,100.4,141.91413269999995,976,0,83.18181818,217.2857356,369.2597224,4.117560548999999,247532.6731,665807.1218,2212116,3,10700000,562518.8421,949740.1583,2264345,709,12900000,402236.5625,815597.0368,2212116,3,0,0,0,0,648,1064,1.553796434,2.563764115,0,976,88.01851852,189.5902723,35944.47135,0,0,0,1,0,0,0,0,1,89.67924528,100.4,83.18181818,648,0,0,0,0,0,0,20,2008,33,2745,29200,247,16,32,0.0,0.0,0,0,0.0,0.0,0,0,BruteForce
13048639,21,32,2008,2745,640,0,95.61904762,140.0451628,976,0,85.78125,220.240592,364.2525477,4.061726284,250935.3654,679014.7463,2392208,17,10600000,530565.05,933619.3233,2440875,323,13000000,420921.1935,842588.6342,2392208,17,0,0,0,0,680,1032,1.609363245,2.45236304,0,976,88.01851852,189.5902723,35944.47135,0,0,0,1,0,0,0,0,1,89.67924528,95.61904762,85.78125,680,0,0,0,0,0,0,21,2008,32,2745,29200,247,16,32,0.0,0.0,0,0,0.0,0.0,0,0,BruteForce
12203044,21,31,2008,2745,640,0,95.61904762,140.0451628,976,0,88.5483871,223.315,389.4929822,4.26123187,239275.3725,637519.5418,2224018,12,10200000,511863.65,900876.567,2267686,209,12200000,406763.7333,794012.1535,2224018,45,0,0,0,0,680,1000,1.720882101,2.540349768,0,976,89.67924528,191.0076291,36483.91437,0,0,0,1,0,0,0,0,1,91.40384615,95.61904762,88.5483871,680,0,0,0,0,0,0,21,2008,31,2745,29200,247,16,32,0.0,0.0,0,0,0.0,0.0,0,0,BruteForce
12766152,19,31,2008,2745,640,0,105.6842105,143.76719319999995,976,0,88.5483871,223.315,372.3126593,3.916606978,260533.7143,678865.1959,2223075,3,10800000,597747.3333,978754.9803,2264785,324,12800000,425534.6,830817.6459,2223075,3,0,0,0,0,616,1000,1.488310651,2.428296326,0,976,93.19607843,193.9302988,37608.96078,0,0,0,1,0,0,0,0,1,95.06,105.6842105,88.5483871,616,0,0,0,0,0,0,19,2008,31,2745,29200,247,16,32,0.0,0.0,0,0,0.0,0.0,0,0,BruteForce
72,1,1,0,0,0,0,0.0,0.0,0,0,0.0,0.0,0.0,27777.77778,72.0,0.0,72,72,0,0.0,0.0,0,0,0,0.0,0.0,0,0,0,0,0,0,32,32,13888.88889,13888.88889,0,0,0.0,0.0,0.0,0,0,0,0,1,1,0,0,1,0.0,0.0,0.0,32,0,0,0,0,0,0,1,0,1,0,259,247,0,32,0.0,0.0,0,0,0.0,0.0,0,0,BruteForce
13272970,22,32,2024,2745,640,0,92.0,138.3384394,976,0,85.78125,220.240592,359.3016484,4.068418749,250433.3962,682636.9174,2416209,4,10900000,517846.7143,938601.6842,2464758,332,13300000,428156.1935,853955.1613,2416209,4,0,0,0,0,712,1032,1.657503935,2.410914814,0,976,86.70909091,188.253835,35439.5064,0,0,0,1,0,0,0,0,1,88.31481481,92.0,85.78125,712,0,0,0,0,0,0,22,2024,32,2745,29200,257,16,32,0.0,0.0,0,0,0.0,0.0,0,0,BruteForce
12740653,23,32,2008,2745,640,0,87.30434783,136.3399611,976,0,85.78125,220.240592,373.0578017,4.316890194,235938.0185,652073.7253,2576339,4,10800000,488734.5909,919716.9688,2655661,397,12700000,410984.5161,822811.4505,2576339,4,0,0,0,0,744,1032,1.80524499,2.511645204,0,976,84.875,186.8396554,34909.05682,0,0,0,1,0,0,0,0,1,86.41818182,87.30434783,85.78125,744,0,0,0,0,0,0,23,2008,32,2745,29200,247,16,32,0.0,0.0,0,0,0.0,0.0,0,0,BruteForce
76,1,1,0,0,0,0,0.0,0.0,0,0,0.0,0.0,0.0,26315.78947,76.0,0.0,76,76,0,0.0,0.0,0,0,0,0.0,0.0,0,0,0,0,0,0,32,32,13157.89474,13157.89474,0,0,0.0,0.0,0.0,0,0,0,0,1,1,0,0,1,0.0,0.0,0.0,32,0,0,0,0,0,0,1,0,1,0,259,247,0,32,0.0,0.0,0,0,0.0,0.0,0,0,BruteForce
71,1,1,0,0,0,0,0.0,0.0,0,0,0.0,0.0,0.0,28169.01408,71.0,0.0,71,71,0,0.0,0.0,0,0,0,0.0,0.0,0,0,0,0,0,0,32,32,14084.50704,14084.50704,0,0,0.0,0.0,0.0,0,0,0,0,1,1,0,0,1,0.0,0.0,0.0,32,0,0,0,0,0,0,1,0,1,0,259,247,0,32,0.0,0.0,0,0,0.0,0.0,0,0,BruteForce
12512169,22,32,2008,2745,640,0,91.27272727,138.1821372,976,0,85.78125,220.240592,379.8701888000001,4.315798484,236078.6604,650318.6097,2572459,1,9897153,471293.0,858137.7425,2232284,241,12500000,403614.4516,814448.5099,2572459,1,0,0,0,0,712,1032,1.7582882709999998,2.557510213,0,976,86.41818182,188.2012015,35419.69226,0,0,0,1,0,0,0,0,1,88.01851852,91.27272727,85.78125,712,0,0,0,0,0,0,22,2008,32,2745,29200,247,16,32,0.0,0.0,0,0,0.0,0.0,0,0,BruteForce
96,1,1,0,0,0,0,0.0,0.0,0,0,0.0,0.0,0.0,20833.33333,96.0,0.0,96,96,0,0.0,0.0,0,0,0,0.0,0.0,0,0,0,0,0,0,32,32,10416.66667,10416.66667,0,0,0.0,0.0,0.0,0,0,0,0,1,1,0,0,1,0.0,0.0,0.0,32,0,0,0,0,0,0,1,0,1,0,259,247,0,32,0.0,0.0,0,0,0.0,0.0,0,0,BruteForce
12489074,21,32,2008,2745,640,0,95.61904762,140.0451628,976,0,85.78125,220.240592,380.5726509,4.243709341000001,240174.5,656739.9956,2592559,4,10400000,517968.7,926904.3501,2637270,466,12500000,402869.9032,815832.2769,2592559,4,0,0,0,0,680,1032,1.681469739,2.562239602,0,976,88.01851852,189.5902723,35944.47135,0,0,0,1,0,0,0,0,1,89.67924528,95.61904762,85.78125,680,0,0,0,0,0,0,21,2008,32,2745,29200,247,16,32,0.0,0.0,0,0,0.0,0.0,0,0,BruteForce
13951888,21,32,2008,2745,640,0,95.61904762,140.0451628,976,0,85.78125,220.240592,340.6707393000001,3.798769027,268305.5385,731078.2692,2616322,3,11800000,589351.75,1039659.303,2660463,4,14000000,450058.0968,907839.9993,2616322,3,0,0,0,0,680,1032,1.505172633,2.293596394,0,976,88.01851852,189.5902723,35944.47135,0,0,0,1,0,0,0,0,1,89.67924528,95.61904762,85.78125,680,0,0,0,0,0,0,21,2008,32,2745,29200,247,16,32,0.0,0.0,0,0,0.0,0.0,0,0,BruteForce
80,1,1,0,0,0,0,0.0,0.0,0,0,0.0,0.0,0.0,25000.0,80.0,0.0,80,80,0,0.0,0.0,0,0,0,0.0,0.0,0,0,0,0,0,0,32,32,12500.0,12500.0,0,0,0.0,0.0,0.0,0,0,0,0,1,1,0,0,1,0.0,0.0,0.0,32,0,0,0,0,0,0,1,0,1,0,259,247,0,32,0.0,0.0,0,0,0.0,0.0,0,0,BruteForce
66,1,1,0,0,0,0,0.0,0.0,0,0,0.0,0.0,0.0,30303.0303,66.0,0.0,66,66,0,0.0,0.0,0,0,0,0.0,0.0,0,0,0,0,0,0,32,32,15151.51515,15151.51515,0,0,0.0,0.0,0.0,0,0,0,0,1,1,0,0,1,0.0,0.0,0.0,32,0,0,0,0,0,0,1,0,1,0,259,247,0,32,0.0,0.0,0,0,0.0,0.0,0,0,BruteForce
11841871,25,32,2008,2745,640,0,80.32,132.7550125,976,0,85.78125,220.240592,401.3723845,4.813428554,211461.9821,589333.9392,2141522,22,9658626,402442.75,790773.8575,2198645,490,11800000,381993.7419,754731.8461,2141522,47,0,0,0,0,808,1032,2.111152874,2.7022756789999995,0,976,81.94827586,184.19616,33928.22535,0,0,0,1,0,0,0,0,1,83.38596491,80.32,85.78125,808,0,0,0,0,0,0,25,2008,32,2745,29200,247,16,32,0.0,0.0,0,0,0.0,0.0,0,0,BruteForce
82,1,1,0,0,0,0,0.0,0.0,0,0,0.0,0.0,0.0,24390.2439,82.0,0.0,82,82,0,0.0,0.0,0,0,0,0.0,0.0,0,0,0,0,0,0,32,32,12195.12195,12195.12195,0,0,0.0,0.0,0.0,0,0,0,0,1,1,0,0,1,0.0,0.0,0.0,32,0,0,0,0,0,0,1,0,1,0,259,257,0,32,0.0,0.0,0,0,0.0,0.0,0,0,BruteForce
41,1,1,0,0,0,0,0.0,0.0,0,0,0.0,0.0,0.0,48780.4878,41.0,0.0,41,41,0,0.0,0.0,0,0,0,0.0,0.0,0,0,0,0,0,0,32,32,24390.2439,24390.2439,0,0,0.0,0.0,0.0,0,0,0,0,1,1,0,0,1,0.0,0.0,0.0,32,0,0,0,0,0,0,1,0,1,0,259,247,0,32,0.0,0.0,0,0,0.0,0.0,0,0,BruteForce
12051794,21,32,2008,2745,640,0,95.61904762,140.0451628,976,0,85.78125,220.240592,394.3811187,4.397685523,231765.2692,627909.6076,2336022,3,9849314,492465.7,873485.1607,2405772,318,12100000,388763.0968,779282.5364,2336022,3,0,0,0,0,680,1032,1.742479169,2.655206354,0,976,88.01851852,189.5902723,35944.47135,0,0,0,1,0,0,0,0,1,89.67924528,95.61904762,85.78125,680,0,0,0,0,0,0,21,2008,32,2745,29200,247,16,32,0.0,0.0,0,0,0.0,0.0,0,0,BruteForce
12778006,22,32,2008,2745,640,0,91.27272727,138.1821372,976,0,85.78125,220.240592,371.9672694,4.226011476,241094.4528,659461.2161,2337387,3,10500000,498059.2857,908575.5158,2412483,527,12800000,412189.2903,825276.4908,2337387,3,0,0,0,0,712,1032,1.721708379,2.504303097,0,976,86.41818182,188.2012015,35419.69226,0,0,0,1,0,0,0,0,1,88.01851852,91.27272727,85.78125,712,0,0,0,0,0,0,22,2008,32,2745,29200,247,16,32,0.0,0.0,0,0,0.0,0.0,0,0,BruteForce
79,1,1,0,0,0,0,0.0,0.0,0,0,0.0,0.0,0.0,25316.4557,79.0,0.0,79,79,0,0.0,0.0,0,0,0,0.0,0.0,0,0,0,0,0,0,32,32,12658.22785,12658.22785,0,0,0.0,0.0,0.0,0,0,0,0,1,1,0,0,1,0.0,0.0,0.0,32,0,0,0,0,0,0,1,0,1,0,259,247,0,32,0.0,0.0,0,0,0.0,0.0,0,0,BruteForce
76,1,1,0,0,0,0,0.0,0.0,0,0,0.0,0.0,0.0,26315.78947,76.0,0.0,76,76,0,0.0,0.0,0,0,0,0.0,0.0,0,0,0,0,0,0,32,32,13157.89474,13157.89474,0,0,0.0,0.0,0.0,0,0,0,0,1,1,0,0,1,0.0,0.0,0.0,32,0,0,0,0,0,0,1,0,1,0,259,247,0,32,0.0,0.0,0,0,0.0,0.0,0,0,BruteForce
13217492,21,32,2008,2745,640,0,95.61904762,140.0451628,976,0,85.78125,220.240592,359.5992341,4.009837872,254182.5385,699096.3559999999,2788153,44,11300000,565488.85,1013796.069,2832955,559,13200000,426366.4839,868953.5798,2788153,44,0,0,0,0,680,1032,1.588803685,2.421034187,0,976,88.01851852,189.5902723,35944.47135,0,0,0,1,0,0,0,0,1,89.67924528,95.61904762,85.78125,680,0,0,0,0,0,0,21,2008,32,2745,29200,247,16,32,0.0,0.0,0,0,0.0,0.0,0,0,BruteForce
37,1,1,0,0,0,0,0.0,0.0,0,0,0.0,0.0,0.0,54054.05405,37.0,0.0,37,37,0,0.0,0.0,0,0,0,0.0,0.0,0,0,0,0,0,0,32,32,27027.02703,27027.02703,0,0,0.0,0.0,0.0,0,0,0,0,1,1,0,0,1,0.0,0.0,0.0,32,0,0,0,0,0,0,1,0,1,0,259,247,0,32,0.0,0.0,0,0,0.0,0.0,0,0,BruteForce
12644143,21,32,2008,2745,640,0,95.61904762,140.0451628,976,0,85.78125,220.240592,375.9052709,4.1916640769999995,243156.5962,663186.3604,2515813,3,10700000,535838.65,955240.5939,2565632,354,12600000,407870.5806,823622.3452,2515813,3,0,0,0,0,680,1032,1.660848031,2.530816047,0,976,88.01851852,189.5902723,35944.47135,0,0,0,1,0,0,0,0,1,89.67924528,95.61904762,85.78125,680,0,0,0,0,0,0,21,2008,32,2745,29200,247,16,32,0.0,0.0,0,0,0.0,0.0,0,0,BruteForce
12713028,21,32,2008,2745,640,0,95.61904762,140.0451628,976,0,85.78125,220.240592,373.8684442,4.168951723999999,244481.3077,665038.4246,2528190,24,10700000,536396.6,956335.5572,2576596,501,12700000,410094.8065,825698.5515,2528190,26,0,0,0,0,680,1032,1.651848796,2.517102928,0,976,88.01851852,189.5902723,35944.47135,0,0,0,1,0,0,0,0,1,89.67924528,95.61904762,85.78125,680,0,0,0,0,0,0,21,2008,32,2745,29200,247,16,32,0.0,0.0,0,0,0.0,0.0,0,0,BruteForce
44,1,1,0,0,0,0,0.0,0.0,0,0,0.0,0.0,0.0,45454.54545,44.0,0.0,44,44,0,0.0,0.0,0,0,0,0.0,0.0,0,0,0,0,0,0,32,32,22727.27273,22727.27273,0,0,0.0,0.0,0.0,0,0,0,0,1,1,0,0,1,0.0,0.0,0.0,32,0,0,0,0,0,0,1,0,1,0,259,247,0,32,0.0,0.0,0,0,0.0,0.0,0,0,BruteForce
79,1,1,0,0,0,0,0.0,0.0,0,0,0.0,0.0,0.0,25316.4557,79.0,0.0,79,79,0,0.0,0.0,0,0,0,0.0,0.0,0,0,0,0,0,0,32,32,12658.22785,12658.22785,0,0,0.0,0.0,0.0,0,0,0,0,1,1,0,0,1,0.0,0.0,0.0,32,0,0,0,0,0,0,1,0,1,0,259,247,0,32,0.0,0.0,0,0,0.0,0.0,0,0,BruteForce
71,1,1,0,0,0,0,0.0,0.0,0,0,0.0,0.0,0.0,28169.01408,71.0,0.0,71,71,0,0.0,0.0,0,0,0,0.0,0.0,0,0,0,0,0,0,32,32,14084.50704,14084.50704,0,0,0.0,0.0,0.0,0,0,0,0,1,1,0,0,1,0.0,0.0,0.0,32,0,0,0,0,0,0,1,0,1,0,259,247,0,32,0.0,0.0,0,0,0.0,0.0,0,0,BruteForce
12974968,21,31,2008,2745,640,0,95.61904762,140.0451628,976,0,88.5483871,223.315,366.3207493000001,4.007717013,254411.1373,680194.9954,2336634,19,10800000,538594.2,950378.1513,2412057,216,13000000,432495.9667,847431.9609,2336634,19,0,0,0,0,680,1000,1.618501102,2.389215912,0,976,89.67924528,191.0076291,36483.91437,0,0,0,1,0,0,0,0,1,91.40384615,95.61904762,88.5483871,680,0,0,0,0,0,0,21,2008,31,2745,29200,247,16,32,0.0,0.0,0,0,0.0,0.0,0,0,BruteForce
12419047,21,31,2008,2745,640,0,95.61904762,140.0451628,976,0,88.5483871,223.315,382.7185774,4.1871167730000005,243510.7255,655151.098,2531758,3,10200000,510876.6,907977.5151,2578337,404,12400000,413964.5,816825.3087,2531758,3,0,0,0,0,680,1000,1.690951005,2.496165769,0,976,89.67924528,191.0076291,36483.91437,0,0,0,1,0,0,0,0,1,91.40384615,95.61904762,88.5483871,680,0,0,0,0,0,0,21,2008,31,2745,29200,247,16,32,0.0,0.0,0,0,0.0,0.0,0,0,BruteForce
12427505,19,31,2008,2745,640,0,105.6842105,143.76719319999995,976,0,88.5483871,223.315,382.458104,4.023333726000001,253622.551,667986.8459,2530427,45,10400000,575824.3889,954739.7991,2577844,470,12400000,414245.6667,818423.811,2530427,48,0,0,0,0,616,1000,1.528866816,2.49446691,0,976,93.19607843,193.9302988,37608.96078,0,0,0,1,0,0,0,0,1,95.06,105.6842105,88.5483871,616,0,0,0,0,0,0,19,2008,31,2745,29200,247,16,32,0.0,0.0,0,0,0.0,0.0,0,0,BruteForce
13328919,22,32,2008,2745,640,0,91.27272727,138.1821372,976,0,85.78125,220.240592,356.593059,4.0513412980000005,251489.0377,686103.3668,2566757,3,11200000,534585.9524,968358.7927,2641810,274,13300000,429962.0323,858452.2932,2566757,3,0,0,0,0,712,1032,1.650546455,2.400794843,0,976,86.41818182,188.2012015,35419.69226,0,0,0,1,0,0,0,0,1,88.01851852,91.27272727,85.78125,712,0,0,0,0,0,0,22,2008,32,2745,29200,247,16,32,0.0,0.0,0,0,0.0,0.0,0,0,BruteForce
13310055,19,33,2008,2745,640,0,105.6842105,143.76719319999995,976,0,83.18181818,217.2857356,357.0984493,3.906820821,260981.4706,695296.4299,2556349,22,11200000,622601.2222,1022387.568,2630430,819,13300000,415936.3125,844567.7998,2556349,22,0,0,0,0,616,1064,1.4274922230000002,2.479328598,0,976,89.67924528,191.0076291,36483.91437,0,0,0,1,0,0,0,0,1,91.40384615,105.6842105,83.18181818,616,0,0,0,0,0,0,19,2008,33,2745,29200,247,16,32,0.0,0.0,0,0,0.0,0.0,0,0,BruteForce
73,1,1,0,0,0,0,0.0,0.0,0,0,0.0,0.0,0.0,27397.26027,73.0,0.0,73,73,0,0.0,0.0,0,0,0,0.0,0.0,0,0,0,0,0,0,32,32,13698.63014,13698.63014,0,0,0.0,0.0,0.0,0,0,0,0,1,1,0,0,1,0.0,0.0,0.0,32,0,0,0,0,0,0,1,0,1,0,259,247,0,32,0.0,0.0,0,0,0.0,0.0,0,0,BruteForce
65,1,1,0,0,0,0,0.0,0.0,0,0,0.0,0.0,0.0,30769.23077,65.0,0.0,65,65,0,0.0,0.0,0,0,0,0.0,0.0,0,0,0,0,0,0,32,32,15384.61538,15384.61538,0,0,0.0,0.0,0.0,0,0,0,0,1,1,0,0,1,0.0,0.0,0.0,32,0,0,0,0,0,0,1,0,1,0,259,247,0,32,0.0,0.0,0,0,0.0,0.0,0,0,BruteForce
45,1,1,0,0,0,0,0.0,0.0,0,0,0.0,0.0,0.0,44444.44444,45.0,0.0,45,45,0,0.0,0.0,0,0,0,0.0,0.0,0,0,0,0,0,0,32,32,22222.22222,22222.22222,0,0,0.0,0.0,0.0,0,0,0,0,1,1,0,0,1,0.0,0.0,0.0,32,0,0,0,0,0,0,1,0,1,0,259,247,0,32,0.0,0.0,0,0,0.0,0.0,0,0,BruteForce
12930507,23,32,2008,2745,640,0,87.30434783,136.3399611,976,0,85.78125,220.240592,367.5803277,4.253506842,239453.8333,658217.6621,2296162,3,10800000,492174.7273,919912.9643,2353207,510,12900000,417108.871,830031.4794,2296162,3,0,0,0,0,744,1032,1.778739225,2.474767617,0,976,84.875,186.8396554,34909.05682,0,0,0,1,0,0,0,0,1,86.41818182,87.30434783,85.78125,744,0,0,0,0,0,0,23,2008,32,2745,29200,247,16,32,0.0,0.0,0,0,0.0,0.0,0,0,BruteForce
11749463,21,32,2008,2745,640,0,95.61904762,140.0451628,976,0,85.78125,220.240592,404.5291261,4.510844453,225951.2115,613689.0707,2276161,4,9665314,483265.7,863057.4467,2336464,442,11700000,379011.3871,761831.4697,2276161,4,0,0,0,0,680,1032,1.787315727,2.723528726,0,976,88.01851852,189.5902723,35944.47135,0,0,0,1,0,0,0,0,1,89.67924528,95.61904762,85.78125,680,0,0,0,0,0,0,21,2008,32,2745,29200,247,16,32,0.0,0.0,0,0,0.0,0.0,0,0,BruteForce
12792243,22,32,2008,2745,640,0,91.27272727,138.1821372,976,0,85.78125,220.240592,371.5532921,4.221308178999999,241363.0755,658688.5799,2276243,3,11200000,535574.7619,960235.0062,2333122,3,12800000,412649.7097,824194.7332,2276243,3,0,0,0,0,712,1032,1.7197922209999998,2.501515958,0,976,86.41818182,188.2012015,35419.69226,0,0,0,1,0,0,0,0,1,88.01851852,91.27272727,85.78125,712,0,0,0,0,0,0,22,2008,32,2745,29200,247,16,32,0.0,0.0,0,0,0.0,0.0,0,0,BruteForce
82,1,1,0,0,0,0,0.0,0.0,0,0,0.0,0.0,0.0,24390.2439,82.0,0.0,82,82,0,0.0,0.0,0,0,0,0.0,0.0,0,0,0,0,0,0,32,32,12195.12195,12195.12195,0,0,0.0,0.0,0.0,0,0,0,0,1,1,0,0,1,0.0,0.0,0.0,32,0,0,0,0,0,0,1,0,1,0,259,247,0,32,0.0,0.0,0,0,0.0,0.0,0,0,BruteForce
71,1,1,0,0,0,0,0.0,0.0,0,0,0.0,0.0,0.0,28169.01408,71.0,0.0,71,71,0,0.0,0.0,0,0,0,0.0,0.0,0,0,0,0,0,0,32,32,14084.50704,14084.50704,0,0,0.0,0.0,0.0,0,0,0,0,1,1,0,0,1,0.0,0.0,0.0,32,0,0,0,0,0,0,1,0,1,0,259,247,0,32,0.0,0.0,0,0,0.0,0.0,0,0,BruteForce
12013543,21,32,2008,2745,640,0,95.61904762,140.0451628,976,0,85.78125,220.240592,395.6368242,4.411687709,231029.6731,627507.497,2447641,3,10600000,529920.35,936712.515,2519621,799,12000000,387529.6452,778989.4368,2447641,3,0,0,0,0,680,1032,1.748027206,2.663660504,0,976,88.01851852,189.5902723,35944.47135,0,0,0,1,0,0,0,0,1,89.67924528,95.61904762,85.78125,680,0,0,0,0,0,0,21,2008,32,2745,29200,247,16,32,0.0,0.0,0,0,0.0,0.0,0,0,BruteForce
70,1,1,0,0,0,0,0.0,0.0,0,0,0.0,0.0,0.0,28571.42857,70.0,0.0,70,70,0,0.0,0.0,0,0,0,0.0,0.0,0,0,0,0,0,0,32,32,14285.71429,14285.71429,0,0,0.0,0.0,0.0,0,0,0,0,1,1,0,0,1,0.0,0.0,0.0,32,0,0,0,0,0,0,1,0,1,0,259,247,0,32,0.0,0.0,0,0,0.0,0.0,0,0,BruteForce
76,1,1,0,0,0,0,0.0,0.0,0,0,0.0,0.0,0.0,26315.78947,76.0,0.0,76,76,0,0.0,0.0,0,0,0,0.0,0.0,0,0,0,0,0,0,32,32,13157.89474,13157.89474,0,0,0.0,0.0,0.0,0,0,0,0,1,1,0,0,1,0.0,0.0,0.0,32,0,0,0,0,0,0,1,0,1,0,259,247,0,32,0.0,0.0,0,0,0.0,0.0,0,0,BruteForce
12168914,21,32,2008,2745,640,0,95.61904762,140.0451628,976,0,85.78125,220.240592,390.5853883,4.355359895,234017.5769,631050.924,2254364,3,9870757,493537.85,865172.2794,2201214,245,12200000,392543.0,782808.4353,2254364,3,0,0,0,0,680,1032,1.7257086380000002,2.629651257,0,976,88.01851852,189.5902723,35944.47135,0,0,0,1,0,0,0,0,1,89.67924528,95.61904762,85.78125,680,0,0,0,0,0,0,21,2008,32,2745,29200,247,16,32,0.0,0.0,0,0,0.0,0.0,0,0,BruteForce
54,1,1,0,0,0,0,0.0,0.0,0,0,0.0,0.0,0.0,37037.03704,54.0,0.0,54,54,0,0.0,0.0,0,0,0,0.0,0.0,0,0,0,0,0,0,32,32,18518.51852,18518.51852,0,0,0.0,0.0,0.0,0,0,0,0,1,1,0,0,1,0.0,0.0,0.0,32,0,0,0,0,0,0,1,0,1,0,259,247,0,32,0.0,0.0,0,0,0.0,0.0,0,0,BruteForce
16,1,1,0,0,0,0,0.0,0.0,0,0,0.0,0.0,0.0,125000.0,16.0,0.0,16,16,0,0.0,0.0,0,0,0,0.0,0.0,0,0,0,0,0,0,32,32,62500.0,62500.0,0,0,0.0,0.0,0.0,0,0,0,0,1,1,0,0,1,0.0,0.0,0.0,32,0,0,0,0,0,0,1,0,1,0,259,247,0,32,0.0,0.0,0,0,0.0,0.0,0,0,BruteForce
73,1,1,0,0,0,0,0.0,0.0,0,0,0.0,0.0,0.0,27397.26027,73.0,0.0,73,73,0,0.0,0.0,0,0,0,0.0,0.0,0,0,0,0,0,0,32,32,13698.63014,13698.63014,0,0,0.0,0.0,0.0,0,0,0,0,1,1,0,0,1,0.0,0.0,0.0,32,0,0,0,0,0,0,1,0,1,0,259,247,0,32,0.0,0.0,0,0,0.0,0.0,0,0,BruteForce
93,1,1,0,0,0,0,0.0,0.0,0,0,0.0,0.0,0.0,21505.37634,93.0,0.0,93,93,0,0.0,0.0,0,0,0,0.0,0.0,0,0,0,0,0,0,32,32,10752.68817,10752.68817,0,0,0.0,0.0,0.0,0,0,0,0,1,1,0,0,1,0.0,0.0,0.0,32,0,0,0,0,0,0,1,0,1,0,259,247,0,32,0.0,0.0,0,0,0.0,0.0,0,0,BruteForce
12231948,22,32,2008,2745,640,0,91.27272727,138.1821372,976,0,85.78125,220.240592,388.5726133,4.414668865,230791.4717,627929.1039999999,2180112,3,10400000,493737.0952,891106.8984,2232934,311,12200000,394576.2258,785410.0607,2180112,3,0,0,0,0,712,1032,1.798568797,2.616100068,0,976,86.41818182,188.2012015,35419.69226,0,0,0,1,0,0,0,0,1,88.01851852,91.27272727,85.78125,712,0,0,0,0,0,0,22,2008,32,2745,29200,247,16,32,0.0,0.0,0,0,0.0,0.0,0,0,BruteForce
78,1,1,0,0,0,0,0.0,0.0,0,0,0.0,0.0,0.0,25641.02564,78.0,0.0,78,78,0,0.0,0.0,0,0,0,0.0,0.0,0,0,0,0,0,0,32,32,12820.51282,12820.51282,0,0,0.0,0.0,0.0,0,0,0,0,1,1,0,0,1,0.0,0.0,0.0,32,0,0,0,0,0,0,1,0,1,0,259,247,0,32,0.0,0.0,0,0,0.0,0.0,0,0,BruteForce
72,1,1,0,0,0,0,0.0,0.0,0,0,0.0,0.0,0.0,27777.77778,72.0,0.0,72,72,0,0.0,0.0,0,0,0,0.0,0.0,0,0,0,0,0,0,32,32,13888.88889,13888.88889,0,0,0.0,0.0,0.0,0,0,0,0,1,1,0,0,1,0.0,0.0,0.0,32,0,0,0,0,0,0,1,0,1,0,259,247,0,32,0.0,0.0,0,0,0.0,0.0,0,0,BruteForce
70,1,1,0,0,0,0,0.0,0.0,0,0,0.0,0.0,0.0,28571.42857,70.0,0.0,70,70,0,0.0,0.0,0,0,0,0.0,0.0,0,0,0,0,0,0,32,32,14285.71429,14285.71429,0,0,0.0,0.0,0.0,0,0,0,0,1,1,0,0,1,0.0,0.0,0.0,32,0,0,0,0,0,0,1,0,1,0,259,247,0,32,0.0,0.0,0,0,0.0,0.0,0,0,BruteForce
10881782,21,32,2008,2745,640,0,95.61904762,140.0451628,976,0,85.78125,220.240592,436.785078,4.8705258019999995,209265.0385,562498.3306,2023759,3,8875788,443789.4,782979.407,2100991,516,10900000,351023.4194,697542.3365,2023759,3,0,0,0,0,680,1032,1.929830978,2.940694824,0,976,88.01851852,189.5902723,35944.47135,0,0,0,1,0,0,0,0,1,89.67924528,95.61904762,85.78125,680,0,0,0,0,0,0,21,2008,32,2745,29200,247,16,32,0.0,0.0,0,0,0.0,0.0,0,0,BruteForce
40,1,1,0,0,0,0,0.0,0.0,0,0,0.0,0.0,0.0,50000.0,40.0,0.0,40,40,0,0.0,0.0,0,0,0,0.0,0.0,0,0,0,0,0,0,32,32,25000.0,25000.0,0,0,0.0,0.0,0.0,0,0,0,0,1,1,0,0,1,0.0,0.0,0.0,32,0,0,0,0,0,0,1,0,1,0,259,247,0,32,0.0,0.0,0,0,0.0,0.0,0,0,BruteForce
11324534,21,32,2008,2745,640,0,95.61904762,140.0451628,976,0,85.78125,220.240592,419.7082193,4.680104276000001,217779.5,592240.83,2190914,4,9086578,454328.9,806049.8845,2084539,511,11300000,365304.4194,735309.5302,2190914,4,0,0,0,0,680,1032,1.85438094,2.825723337,0,976,88.01851852,189.5902723,35944.47135,0,0,0,1,0,0,0,0,1,89.67924528,95.61904762,85.78125,680,0,0,0,0,0,0,21,2008,32,2745,29200,247,16,32,0.0,0.0,0,0,0.0,0.0,0,0,BruteForce
52,1,1,0,0,0,0,0.0,0.0,0,0,0.0,0.0,0.0,38461.53846,52.0,0.0,52,52,0,0.0,0.0,0,0,0,0.0,0.0,0,0,0,0,0,0,32,32,19230.76923,19230.76923,0,0,0.0,0.0,0.0,0,0,0,0,1,1,0,0,1,0.0,0.0,0.0,32,0,0,0,0,0,0,1,0,1,0,259,247,0,32,0.0,0.0,0,0,0.0,0.0,0,0,BruteForce
12488972,20,33,2008,2745,640,0,100.4,141.91413269999995,976,0,83.18181818,217.2857356,380.5757592,4.2437440010000005,240172.5385,645450.5905,2236231,4,10700000,561032.5263,945956.3572,2281832,497,12500000,390275.3438,790620.7725,2236231,4,0,0,0,0,648,1064,1.60141283,2.64233117,0,976,88.01851852,189.5902723,35944.47135,0,0,0,1,0,0,0,0,1,89.67924528,100.4,83.18181818,648,0,0,0,0,0,0,20,2008,33,2745,29200,247,16,32,0.0,0.0,0,0,0.0,0.0,0,0,BruteForce
12157491,22,32,2008,2745,640,0,91.27272727,138.1821372,976,0,85.78125,220.240592,390.9523766,4.441705941,229386.6226,624123.7242,2212400,3,10600000,506438.4286,912882.1937,2264333,559,12200000,392172.1935,780623.7151,2212400,3,0,0,0,0,712,1032,1.809583902,2.632122039,0,976,86.41818182,188.2012015,35419.69226,0,0,0,1,0,0,0,0,1,88.01851852,91.27272727,85.78125,712,0,0,0,0,0,0,22,2008,32,2745,29200,247,16,32,0.0,0.0,0,0,0.0,0.0,0,0,BruteForce
76,1,1,0,0,0,0,0.0,0.0,0,0,0.0,0.0,0.0,26315.78947,76.0,0.0,76,76,0,0.0,0.0,0,0,0,0.0,0.0,0,0,0,0,0,0,32,32,13157.89474,13157.89474,0,0,0.0,0.0,0.0,0,0,0,0,1,1,0,0,1,0.0,0.0,0.0,32,0,0,0,0,0,0,1,0,1,0,259,257,0,32,0.0,0.0,0,0,0.0,0.0,0,0,BruteForce
11081553,21,33,2008,2745,640,0,95.61904762,140.0451628,976,0,83.18181818,217.2857356,428.91100189999986,4.872963203,209085.9057,567396.822,2115406,3,8957725,447886.25,781966.0979,2164215,234,11100000,346295.875,700830.4324,2115406,3,0,0,0,0,680,1064,1.895041246,2.977921957,0,976,86.41818182,188.2012015,35419.69226,0,0,0,1,0,0,0,0,1,88.01851852,95.61904762,83.18181818,680,0,0,0,0,0,0,21,2008,33,2745,29200,247,16,32,0.0,0.0,0,0,0.0,0.0,0,0,BruteForce
63,1,1,0,0,0,0,0.0,0.0,0,0,0.0,0.0,0.0,31746.03175,63.0,0.0,63,63,0,0.0,0.0,0,0,0,0.0,0.0,0,0,0,0,0,0,32,32,15873.01587,15873.01587,0,0,0.0,0.0,0.0,0,0,0,0,1,1,0,0,1,0.0,0.0,0.0,32,0,0,0,0,0,0,1,0,1,0,259,247,0,32,0.0,0.0,0,0,0.0,0.0,0,0,BruteForce
12249962,23,32,2024,2745,640,0,88.0,136.51240369999996,976,0,85.78125,220.240592,389.30733010000006,4.489809846,226851.1481,623413.9965,2388181,3,10500000,476301.0909,894481.1859,2468026,433,12200000,395156.9677,786130.7379,2388181,3,0,0,0,0,744,1032,1.877556845,2.612253001,0,976,85.16071429,186.8941146,34929.41006,0,0,0,1,0,0,0,0,1,86.70909091,88.0,85.78125,744,0,0,0,0,0,0,23,2024,32,2745,29200,257,16,32,0.0,0.0,0,0,0.0,0.0,0,0,BruteForce
10994338,21,32,2024,2745,640,0,96.38095238,140.1821944,976,0,85.78125,220.240592,433.76872710000015,4.820663145,211429.5769,565380.0758,1940157,4,9051195,452559.75,792720.4227,2000967,581,11000000,354654.1935,700724.8789,1940157,4,0,0,0,0,680,1032,1.910074076,2.910589069,0,976,88.31481481,189.6409541,35963.69147,0,0,0,1,0,0,0,0,1,89.98113208,96.38095238,85.78125,680,0,0,0,0,0,0,21,2024,32,2745,29200,257,16,32,0.0,0.0,0,0,0.0,0.0,0,0,BruteForce
12001324,22,32,2008,2745,640,0,91.27272727,138.1821372,976,0,85.78125,220.240592,396.039637,4.499503555,226440.0755,615012.0744,2372340,3,9588608,456600.381,820583.9334,2161392,419,12000000,387135.4839,769140.1925,2372340,3,0,0,0,0,712,1032,1.833131078,2.666372477,0,976,86.41818182,188.2012015,35419.69226,0,0,0,1,0,0,0,0,1,88.01851852,91.27272727,85.78125,712,0,0,0,0,0,0,22,2008,32,2745,29200,247,16,32,0.0,0.0,0,0,0.0,0.0,0,0,BruteForce
258,2,1,0,0,0,0,0.0,0.0,0,0,0.0,0.0,0.0,11627.90698,129.0,82.02438662,187,71,258,258.0,0.0,258,258,0,0.0,0.0,0,0,0,0,0,0,64,32,7751.937984,3875.968992,0,0,0.0,0.0,0.0,0,0,0,0,1,1,0,0,0,0.0,0.0,0.0,64,0,0,0,0,0,0,2,0,1,0,259,247,0,32,0.0,0.0,0,0,0.0,0.0,0,0,BruteForce
68,1,1,0,0,0,0,0.0,0.0,0,0,0.0,0.0,0.0,29411.764710000003,68.0,0.0,68,68,0,0.0,0.0,0,0,0,0.0,0.0,0,0,0,0,0,0,32,32,14705.88235,14705.88235,0,0,0.0,0.0,0.0,0,0,0,0,1,1,0,0,1,0.0,0.0,0.0,32,0,0,0,0,0,0,1,0,1,0,259,247,0,32,0.0,0.0,0,0,0.0,0.0,0,0,BruteForce
11292946,22,32,2008,2745,640,0,91.27272727,138.1821372,976,0,85.78125,220.240592,420.8822038,4.781746056,213074.4528,576906.5378,2188309,3,9722257,462964.619,839076.3179,2263822,425,11300000,364284.129,721182.2684,2188309,3,0,0,0,0,712,1032,1.948118764,2.833627293,0,976,86.41818182,188.2012015,35419.69226,0,0,0,1,0,0,0,0,1,88.01851852,91.27272727,85.78125,712,0,0,0,0,0,0,22,2008,32,2745,29200,247,16,32,0.0,0.0,0,0,0.0,0.0,0,0,BruteForce
11417606,20,33,2008,2745,640,0,100.4,141.91413269999995,976,0,83.18181818,217.2857356,416.2869169,4.641953839,219569.3462,589458.5424,2056334,4,9319773,490514.3684,829837.1481,2032351,506,11400000,356797.3125,721965.5386,2056334,4,0,0,0,0,648,1064,1.751680694,2.890273145,0,976,88.01851852,189.5902723,35944.47135,0,0,0,1,0,0,0,0,1,89.67924528,100.4,83.18181818,648,0,0,0,0,0,0,20,2008,33,2745,29200,247,16,32,0.0,0.0,0,0,0.0,0.0,0,0,BruteForce
87,1,1,0,0,0,0,0.0,0.0,0,0,0.0,0.0,0.0,22988.50575,87.0,0.0,87,87,0,0.0,0.0,0,0,0,0.0,0.0,0,0,0,0,0,0,32,32,11494.25287,11494.25287,0,0,0.0,0.0,0.0,0,0,0,0,1,1,0,0,1,0.0,0.0,0.0,32,0,0,0,0,0,0,1,0,1,0,259,247,0,32,0.0,0.0,0,0,0.0,0.0,0,0,BruteForce
77,1,1,0,0,0,0,0.0,0.0,0,0,0.0,0.0,0.0,25974.02597,77.0,0.0,77,77,0,0.0,0.0,0,0,0,0.0,0.0,0,0,0,0,0,0,32,32,12987.01299,12987.01299,0,0,0.0,0.0,0.0,0,0,0,0,1,1,0,0,1,0.0,0.0,0.0,32,0,0,0,0,0,0,1,0,1,0,259,247,0,32,0.0,0.0,0,0,0.0,0.0,0,0,BruteForce
10817773,21,32,2024,2745,640,0,96.38095238,140.1821944,976,0,85.78125,220.240592,440.8485924,4.89934481,208034.0962,559631.9062,1920279,3,8889418,444470.9,778913.887,1964521,385,10800000,348956.8065,694040.5762,1920279,3,0,0,0,0,680,1032,1.94124983,2.9580949789999997,0,976,88.31481481,189.6409541,35963.69147,0,0,0,1,0,0,0,0,1,89.98113208,96.38095238,85.78125,680,0,0,0,0,0,0,21,2024,32,2745,29200,257,16,32,0.0,0.0,0,0,0.0,0.0,0,0,BruteForce
80,1,1,0,0,0,0,0.0,0.0,0,0,0.0,0.0,0.0,25000.0,80.0,0.0,80,80,0,0.0,0.0,0,0,0,0.0,0.0,0,0,0,0,0,0,32,32,12500.0,12500.0,0,0,0.0,0.0,0.0,0,0,0,0,1,1,0,0,1,0.0,0.0,0.0,32,0,0,0,0,0,0,1,0,1,0,259,247,0,32,0.0,0.0,0,0,0.0,0.0,0,0,BruteForce
11372774,21,32,2024,2745,640,0,96.38095238,140.1821944,976,0,85.78125,220.240592,419.3348078,4.660252635,218707.1923,594620.6232,2184185,17,9249796,462489.8,822390.3576,2235648,202,11400000,366859.5484,738247.0271,2184185,48,0,0,0,0,680,1032,1.846515195,2.81373744,0,976,88.31481481,189.6409541,35963.69147,0,0,0,1,0,0,0,0,1,89.98113208,96.38095238,85.78125,680,0,0,0,0,0,0,21,2024,32,2745,29200,257,16,32,0.0,0.0,0,0,0.0,0.0,0,0,BruteForce
11512903,21,32,2008,2745,640,0,95.61904762,140.0451628,976,0,85.78125,220.240592,412.8411401,4.603530491,221401.9808,603778.2624,2188397,3,9395347,469767.35,836216.4834,2235375,274,11500000,371379.5484,749845.6363,2188397,3,0,0,0,0,680,1032,1.824040383,2.779490108,0,976,88.01851852,189.5902723,35944.47135,0,0,0,1,0,0,0,0,1,89.67924528,95.61904762,85.78125,680,0,0,0,0,0,0,21,2008,32,2745,29200,247,16,32,0.0,0.0,0,0,0.0,0.0,0,0,BruteForce
77,1,1,0,0,0,0,0.0,0.0,0,0,0.0,0.0,0.0,25974.02597,77.0,0.0,77,77,0,0.0,0.0,0,0,0,0.0,0.0,0,0,0,0,0,0,32,32,12987.01299,12987.01299,0,0,0.0,0.0,0.0,0,0,0,0,1,1,0,0,1,0.0,0.0,0.0,32,0,0,0,0,0,0,1,0,1,0,259,247,0,32,0.0,0.0,0,0,0.0,0.0,0,0,BruteForce
11993962,22,33,2008,2745,640,0,91.27272727,138.1821372,976,0,83.18181818,217.2857356,396.2827296,4.585640675,222110.4074,617549.6529,2531096,31,9848588,468980.381,863486.1065,2575152,373,12000000,374808.8125,770156.5886,2531096,31,0,0,0,0,712,1064,1.83425627,2.751384405,0,976,84.875,186.8396554,34909.05682,0,0,0,1,0,0,0,0,1,86.41818182,91.27272727,83.18181818,712,0,0,0,0,0,0,22,2008,33,2745,29200,247,16,32,0.0,0.0,0,0,0.0,0.0,0,0,BruteForce
12810750,21,32,2008,2745,640,0,95.61904762,140.0451628,976,0,85.78125,220.240592,371.0165291,4.13715044,246360.5769,663078.0947,2528383,3,10700000,536709.25,946949.6793,2588754,313,12800000,413245.3871,822357.8897,2528383,3,0,0,0,0,680,1032,1.639248288,2.497902152,0,976,88.01851852,189.5902723,35944.47135,0,0,0,1,0,0,0,0,1,89.67924528,95.61904762,85.78125,680,0,0,0,0,0,0,21,2008,32,2745,29200,247,16,32,0.0,0.0,0,0,0.0,0.0,0,0,BruteForce
12508719,22,33,2008,2745,640,0,91.27272727,138.1821372,976,0,83.18181818,217.2857356,379.9749599,4.396933051,231642.9444,640374.5194,2532249,4,10200000,487446.0,886861.5211,2576469,403,12500000,390893.6563,798140.646,2532249,4,0,0,0,0,712,1064,1.758773221,2.638159831,0,976,84.875,186.8396554,34909.05682,0,0,0,1,0,0,0,0,1,86.41818182,91.27272727,83.18181818,712,0,0,0,0,0,0,22,2008,33,2745,29200,247,16,32,0.0,0.0,0,0,0.0,0.0,0,0,BruteForce
12815237,22,32,2024,2745,640,0,92.0,138.3384394,976,0,85.78125,220.240592,372.1351388000001,4.213734011000001,241796.9245,658128.0568,2532388,3,10700000,511292.2381,926644.514,2575998,453,12800000,413390.1613,823170.8277,2532388,3,0,0,0,0,712,1032,1.716706449,2.497027562,0,976,86.70909091,188.253835,35439.5064,0,0,0,1,0,0,0,0,1,88.31481481,92.0,85.78125,712,0,0,0,0,0,0,22,2024,32,2745,29200,257,16,32,0.0,0.0,0,0,0.0,0.0,0,0,BruteForce
74,1,1,0,0,0,0,0.0,0.0,0,0,0.0,0.0,0.0,27027.02703,74.0,0.0,74,74,0,0.0,0.0,0,0,0,0.0,0.0,0,0,0,0,0,0,32,32,13513.51351,13513.51351,0,0,0.0,0.0,0.0,0,0,0,0,1,1,0,0,1,0.0,0.0,0.0,32,0,0,0,0,0,0,1,0,1,0,259,247,0,32,0.0,0.0,0,0,0.0,0.0,0,0,BruteForce
11634945,21,32,2008,2745,640,0,95.61904762,140.0451628,976,0,85.78125,220.240592,408.5107407,4.555242848,223748.9423,602223.4531,2158566,4,9537106,476855.3,840343.0041,2209297,289,11600000,375316.9677,746896.1941,2158566,4,0,0,0,0,680,1032,1.804907544,2.750335305,0,976,88.01851852,189.5902723,35944.47135,0,0,0,1,0,0,0,0,1,89.67924528,95.61904762,85.78125,680,0,0,0,0,0,0,21,2008,32,2745,29200,247,16,32,0.0,0.0,0,0,0.0,0.0,0,0,BruteForce
11835690,22,32,2008,2745,640,0,91.27272727,138.1821372,976,0,85.78125,220.240592,401.5819948,4.562471643,223314.9057,606861.0794,2211067,3,10200000,485548.8095,878051.9341,2261797,427,11800000,381794.0645,758935.6763,2211067,3,0,0,0,0,712,1032,1.858784743,2.7036868999999997,0,976,86.41818182,188.2012015,35419.69226,0,0,0,1,0,0,0,0,1,88.01851852,91.27272727,85.78125,712,0,0,0,0,0,0,22,2008,32,2745,29200,247,16,32,0.0,0.0,0,0,0.0,0.0,0,0,BruteForce
42,1,1,0,0,0,0,0.0,0.0,0,0,0.0,0.0,0.0,47619.04762,42.0,0.0,42,42,0,0.0,0.0,0,0,0,0.0,0.0,0,0,0,0,0,0,32,32,23809.52381,23809.52381,0,0,0.0,0.0,0.0,0,0,0,0,1,1,0,0,1,0.0,0.0,0.0,32,0,0,0,0,0,0,1,0,1,0,259,247,0,32,0.0,0.0,0,0,0.0,0.0,0,0,BruteForce
11604072,21,32,2008,2745,640,0,95.61904762,140.0451628,976,0,85.78125,220.240592,409.5975964,4.567362216,223155.2308,603247.7406,2223125,24,9526436,476321.8,846245.9686,2289199,465,11600000,374322.3548,748507.5338,2223125,26,0,0,0,0,680,1032,1.809709557,2.757652658,0,976,88.01851852,189.5902723,35944.47135,0,0,0,1,0,0,0,0,1,89.67924528,95.61904762,85.78125,680,0,0,0,0,0,0,21,2008,32,2745,29200,247,16,32,0.0,0.0,0,0,0.0,0.0,0,0,BruteForce
11942206,22,33,2008,2745,640,0,91.27272727,138.1821372,976,0,83.18181818,217.2857356,398.0001685,4.605514258,221151.963,609326.1043,2243605,19,10300000,490292.2381,884100.9231,2299675,453,11900000,373192.625,759240.512,2243605,19,0,0,0,0,712,1064,1.842205703,2.763308555,0,976,84.875,186.8396554,34909.05682,0,0,0,1,0,0,0,0,1,86.41818182,91.27272727,83.18181818,712,0,0,0,0,0,0,22,2008,33,2745,29200,247,16,32,0.0,0.0,0,0,0.0,0.0,0,0,BruteForce
68,1,1,0,0,0,0,0.0,0.0,0,0,0.0,0.0,0.0,29411.764710000003,68.0,0.0,68,68,0,0.0,0.0,0,0,0,0.0,0.0,0,0,0,0,0,0,32,32,14705.88235,14705.88235,0,0,0.0,0.0,0.0,0,0,0,0,1,1,0,0,1,0.0,0.0,0.0,32,0,0,0,0,0,0,1,0,1,0,259,247,0,32,0.0,0.0,0,0,0.0,0.0,0,0,BruteForce
12097258,21,32,2008,2745,640,0,95.61904762,140.0451628,976,0,85.78125,220.240592,392.8989528,4.38115811,232639.5769,630832.6406,2253454,4,10400000,521188.7,921742.3827,2304495,434,12100000,390230.4194,782980.9212,2253454,4,0,0,0,0,680,1032,1.7359305719999998,2.6452275380000003,0,976,88.01851852,189.5902723,35944.47135,0,0,0,1,0,0,0,0,1,89.67924528,95.61904762,85.78125,680,0,0,0,0,0,0,21,2008,32,2745,29200,247,16,32,0.0,0.0,0,0,0.0,0.0,0,0,BruteForce
12645358,21,32,2008,2745,640,0,95.61904762,140.0451628,976,0,85.78125,220.240592,375.8691529,4.191261331000001,243179.9615,663059.0926,2660298,3,11000000,548964.6,971141.2714,2704941,366,12600000,407911.5484,823441.4666,2660298,3,0,0,0,0,680,1032,1.6606884519999998,2.530572879,0,976,88.01851852,189.5902723,35944.47135,0,0,0,1,0,0,0,0,1,89.67924528,95.61904762,85.78125,680,0,0,0,0,0,0,21,2008,32,2745,29200,247,16,32,0.0,0.0,0,0,0.0,0.0,0,0,BruteForce
74,1,1,0,0,0,0,0.0,0.0,0,0,0.0,0.0,0.0,27027.02703,74.0,0.0,74,74,0,0.0,0.0,0,0,0,0.0,0.0,0,0,0,0,0,0,32,32,13513.51351,13513.51351,0,0,0.0,0.0,0.0,0,0,0,0,1,1,0,0,1,0.0,0.0,0.0,32,0,0,0,0,0,0,1,0,1,0,259,247,0,32,0.0,0.0,0,0,0.0,0.0,0,0,BruteForce
77,1,1,0,0,0,0,0.0,0.0,0,0,0.0,0.0,0.0,25974.02597,77.0,0.0,77,77,0,0.0,0.0,0,0,0,0.0,0.0,0,0,0,0,0,0,32,32,12987.01299,12987.01299,0,0,0.0,0.0,0.0,0,0,0,0,1,1,0,0,1,0.0,0.0,0.0,32,0,0,0,0,0,0,1,0,1,0,259,257,0,32,0.0,0.0,0,0,0.0,0.0,0,0,BruteForce
11911771,21,32,2008,2745,640,0,95.61904762,140.0451628,976,0,85.78125,220.240592,399.0170731,4.449380365,229072.5192,624803.4513,2276356,3,10600000,527513.4,934925.8286,2321784,273,11900000,384246.7419,775966.5221,2276356,3,0,0,0,0,680,1032,1.762962031,2.686418334,0,976,88.01851852,189.5902723,35944.47135,0,0,0,1,0,0,0,0,1,89.67924528,95.61904762,85.78125,680,0,0,0,0,0,0,21,2008,32,2745,29200,247,16,32,0.0,0.0,0,0,0.0,0.0,0,0,BruteForce
160,1,1,0,0,0,0,0.0,0.0,0,0,0.0,0.0,0.0,12500.0,160.0,0.0,160,160,0,0.0,0.0,0,0,0,0.0,0.0,0,0,0,0,0,0,32,32,6250.0,6250.0,0,0,0.0,0.0,0.0,0,0,0,0,1,1,0,0,1,0.0,0.0,0.0,32,0,0,0,0,0,0,1,0,1,0,259,247,0,32,0.0,0.0,0,0,0.0,0.0,0,0,BruteForce
57,1,1,0,0,0,0,0.0,0.0,0,0,0.0,0.0,0.0,35087.7193,57.0,0.0,57,57,0,0.0,0.0,0,0,0,0.0,0.0,0,0,0,0,0,0,32,32,17543.85965,17543.85965,0,0,0.0,0.0,0.0,0,0,0,0,1,1,0,0,1,0.0,0.0,0.0,32,0,0,0,0,0,0,1,0,1,0,259,247,0,32,0.0,0.0,0,0,0.0,0.0,0,0,BruteForce
12078359,21,32,2024,2745,640,0,96.38095238,140.1821944,976,0,85.78125,220.240592,394.8384048,4.388013305,232276.1346,636066.0844,2268338,3,9766354,488317.7,871999.6425,2307523,359,12100000,389619.7419,790271.1723,2268338,3,0,0,0,0,680,1032,1.738646781,2.649366524,0,976,88.31481481,189.6409541,35963.69147,0,0,0,1,0,0,0,0,1,89.98113208,96.38095238,85.78125,680,0,0,0,0,0,0,21,2024,32,2745,29200,257,16,32,0.0,0.0,0,0,0.0,0.0,0,0,BruteForce
87,1,1,0,0,0,0,0.0,0.0,0,0,0.0,0.0,0.0,22988.50575,87.0,0.0,87,87,0,0.0,0.0,0,0,0,0.0,0.0,0,0,0,0,0,0,32,32,11494.25287,11494.25287,0,0,0.0,0.0,0.0,0,0,0,0,1,1,0,0,1,0.0,0.0,0.0,32,0,0,0,0,0,0,1,0,1,0,259,247,0,32,0.0,0.0,0,0,0.0,0.0,0,0,BruteForce
12075258,21,32,2008,2745,640,0,95.61904762,140.0451628,976,0,85.78125,220.240592,393.6147783,4.389140174,232216.5,625820.8324,2228231,1,9976740,498837.0,876606.1159999998,2301309,313,12100000,389520.4516,776259.7936,2228231,1,0,0,0,0,680,1032,1.7390932769999998,2.6500468980000003,0,976,88.01851852,189.5902723,35944.47135,0,0,0,1,0,0,0,0,1,89.67924528,95.61904762,85.78125,680,0,0,0,0,0,0,21,2008,32,2745,29200,247,16,32,0.0,0.0,0,0,0.0,0.0,0,0,BruteForce
54,1,1,0,0,0,0,0.0,0.0,0,0,0.0,0.0,0.0,37037.03704,54.0,0.0,54,54,0,0.0,0.0,0,0,0,0.0,0.0,0,0,0,0,0,0,32,32,18518.51852,18518.51852,0,0,0.0,0.0,0.0,0,0,0,0,1,1,0,0,1,0.0,0.0,0.0,32,0,0,0,0,0,0,1,0,1,0,259,247,0,32,0.0,0.0,0,0,0.0,0.0,0,0,BruteForce
100,1,1,0,0,0,0,0.0,0.0,0,0,0.0,0.0,0.0,20000.0,100.0,0.0,100,100,0,0.0,0.0,0,0,0,0.0,0.0,0,0,0,0,0,0,32,32,10000.0,10000.0,0,0,0.0,0.0,0.0,0,0,0,0,1,1,0,0,1,0.0,0.0,0.0,32,0,0,0,0,0,0,1,0,1,0,259,247,0,32,0.0,0.0,0,0,0.0,0.0,0,0,BruteForce
36,1,1,0,0,0,0,0.0,0.0,0,0,0.0,0.0,0.0,55555.55556,36.0,0.0,36,36,0,0.0,0.0,0,0,0,0.0,0.0,0,0,0,0,0,0,32,32,27777.77778,27777.77778,0,0,0.0,0.0,0.0,0,0,0,0,1,1,0,0,1,0.0,0.0,0.0,32,0,0,0,0,0,0,1,0,1,0,259,247,0,32,0.0,0.0,0,0,0.0,0.0,0,0,BruteForce
12424521,21,32,2008,2745,640,0,95.61904762,140.0451628,976,0,85.78125,220.240592,382.5499591,4.265758012,238933.0962,648639.157,2251660,3,10200000,508558.75,906452.3455,2301108,257,12400000,400787.7419,805173.752,2251660,3,0,0,0,0,680,1032,1.690206005,2.575552007,0,976,88.01851852,189.5902723,35944.47135,0,0,0,1,0,0,0,0,1,89.67924528,95.61904762,85.78125,680,0,0,0,0,0,0,21,2008,32,2745,29200,247,16,32,0.0,0.0,0,0,0.0,0.0,0,0,BruteForce
75,1,1,0,0,0,0,0.0,0.0,0,0,0.0,0.0,0.0,26666.66667,75.0,0.0,75,75,0,0.0,0.0,0,0,0,0.0,0.0,0,0,0,0,0,0,32,32,13333.33333,13333.33333,0,0,0.0,0.0,0.0,0,0,0,0,1,1,0,0,1,0.0,0.0,0.0,32,0,0,0,0,0,0,1,0,1,0,259,257,0,32,0.0,0.0,0,0,0.0,0.0,0,0,BruteForce
76,1,1,0,0,0,0,0.0,0.0,0,0,0.0,0.0,0.0,26315.78947,76.0,0.0,76,76,0,0.0,0.0,0,0,0,0.0,0.0,0,0,0,0,0,0,32,32,13157.89474,13157.89474,0,0,0.0,0.0,0.0,0,0,0,0,1,1,0,0,1,0.0,0.0,0.0,32,0,0,0,0,0,0,1,0,1,0,259,257,0,32,0.0,0.0,0,0,0.0,0.0,0,0,BruteForce
13632957,21,32,2008,2745,640,0,95.61904762,140.0451628,976,0,85.78125,220.240592,348.6404307,3.887637876,262172.25,706152.8715,2446481,45,11500000,575747.95,1013571.361,2512796,389,13600000,439767.5484,875839.4134,2446481,45,0,0,0,0,680,1032,1.540384819,2.347253057,0,976,88.01851852,189.5902723,35944.47135,0,0,0,1,0,0,0,0,1,89.67924528,95.61904762,85.78125,680,0,0,0,0,0,0,21,2008,32,2745,29200,247,16,32,0.0,0.0,0,0,0.0,0.0,0,0,BruteForce
107,1,1,0,0,0,0,0.0,0.0,0,0,0.0,0.0,0.0,18691.58879,107.0,0.0,107,107,0,0.0,0.0,0,0,0,0.0,0.0,0,0,0,0,0,0,32,32,9345.794393,9345.794393,0,0,0.0,0.0,0.0,0,0,0,0,1,1,0,0,1,0.0,0.0,0.0,32,0,0,0,0,0,0,1,0,1,0,259,247,0,32,0.0,0.0,0,0,0.0,0.0,0,0,BruteForce
79,1,1,0,0,0,0,0.0,0.0,0,0,0.0,0.0,0.0,25316.4557,79.0,0.0,79,79,0,0.0,0.0,0,0,0,0.0,0.0,0,0,0,0,0,0,32,32,12658.22785,12658.22785,0,0,0.0,0.0,0.0,0,0,0,0,1,1,0,0,1,0.0,0.0,0.0,32,0,0,0,0,0,0,1,0,1,0,259,247,0,32,0.0,0.0,0,0,0.0,0.0,0,0,BruteForce
76,1,1,0,0,0,0,0.0,0.0,0,0,0.0,0.0,0.0,26315.78947,76.0,0.0,76,76,0,0.0,0.0,0,0,0,0.0,0.0,0,0,0,0,0,0,32,32,13157.89474,13157.89474,0,0,0.0,0.0,0.0,0,0,0,0,1,1,0,0,1,0.0,0.0,0.0,32,0,0,0,0,0,0,1,0,1,0,259,247,0,32,0.0,0.0,0,0,0.0,0.0,0,0,BruteForce
12237458,21,32,2008,2745,640,0,95.61904762,140.0451628,976,0,85.78125,220.240592,388.3976558,4.3309648130000005,235335.7308,649040.5095,2640196,3,10800000,542374.05,971009.7487,2701608,346,12200000,394752.5161,806966.4338,2640196,3,0,0,0,0,680,1032,1.7160426619999998,2.614922151,0,976,88.01851852,189.5902723,35944.47135,0,0,0,1,0,0,0,0,1,89.67924528,95.61904762,85.78125,680,0,0,0,0,0,0,21,2008,32,2745,29200,247,16,32,0.0,0.0,0,0,0.0,0.0,0,0,BruteForce
45,1,1,0,0,0,0,0.0,0.0,0,0,0.0,0.0,0.0,44444.44444,45.0,0.0,45,45,0,0.0,0.0,0,0,0,0.0,0.0,0,0,0,0,0,0,32,32,22222.22222,22222.22222,0,0,0.0,0.0,0.0,0,0,0,0,1,1,0,0,1,0.0,0.0,0.0,32,0,0,0,0,0,0,1,0,1,0,259,257,0,32,0.0,0.0,0,0,0.0,0.0,0,0,BruteForce
75,1,1,0,0,0,0,0.0,0.0,0,0,0.0,0.0,0.0,26666.66667,75.0,0.0,75,75,0,0.0,0.0,0,0,0,0.0,0.0,0,0,0,0,0,0,32,32,13333.33333,13333.33333,0,0,0.0,0.0,0.0,0,0,0,0,1,1,0,0,1,0.0,0.0,0.0,32,0,0,0,0,0,0,1,0,1,0,259,247,0,32,0.0,0.0,0,0,0.0,0.0,0,0,BruteForce
13300164,21,32,2008,2745,640,0,95.61904762,140.0451628,976,0,85.78125,220.240592,357.3640145,3.984913269,255772.3846,705561.4611,2630761,3,10900000,546391.5,984627.2836,2674134,626,13300000,429033.5806,877249.1777,2630761,3,0,0,0,0,680,1032,1.578927899,2.40598537,0,976,88.01851852,189.5902723,35944.47135,0,0,0,1,0,0,0,0,1,89.67924528,95.61904762,85.78125,680,0,0,0,0,0,0,21,2008,32,2745,29200,247,16,32,0.0,0.0,0,0,0.0,0.0,0,0,BruteForce
12912109,21,32,2024,2745,640,0,96.38095238,140.1821944,976,0,85.78125,220.240592,369.3432266,4.104674147,248309.7885,674424.2232,2663585,16,10800000,538601.95,955027.7263,2708642,331,12900000,416515.9032,837228.5027,2663585,16,0,0,0,0,680,1032,1.626380323,2.478293825,0,976,88.31481481,189.6409541,35963.69147,0,0,0,1,0,0,0,0,1,89.98113208,96.38095238,85.78125,680,0,0,0,0,0,0,21,2024,32,2745,29200,257,16,32,0.0,0.0,0,0,0.0,0.0,0,0,BruteForce
12943372,23,32,2024,2745,640,0,88.0,136.51240369999996,976,0,85.78125,220.240592,368.451127,4.24927909,239692.0741,664747.4754,2663454,3,11000000,501190.5909,943405.4521,2708831,431,12900000,417523.6452,839074.1135,2663454,3,0,0,0,0,744,1032,1.776971256,2.472307834,0,976,85.16071429,186.8941146,34929.41006,0,0,0,1,0,0,0,0,1,86.70909091,88.0,85.78125,744,0,0,0,0,0,0,23,2024,32,2745,29200,257,16,32,0.0,0.0,0,0,0.0,0.0,0,0,BruteForce
13289795,23,33,2008,2745,640,0,87.30434783,136.3399611,976,0,83.18181818,217.2857356,357.642838,4.213759505,241632.6364,671118.1379,2663442,4,11400000,516970.5455,964556.9126,2707635,399,13300000,415304.6875,842840.9985,2663442,4,0,0,0,0,744,1064,1.730651225,2.48310828,0,976,83.38596491,185.5048858,34412.06266,0,0,0,1,0,0,0,0,1,84.875,87.30434783,83.18181818,744,0,0,0,0,0,0,23,2008,33,2745,29200,247,16,32,0.0,0.0,0,0,0.0,0.0,0,0,BruteForce
73,1,1,0,0,0,0,0.0,0.0,0,0,0.0,0.0,0.0,27397.26027,73.0,0.0,73,73,0,0.0,0.0,0,0,0,0.0,0.0,0,0,0,0,0,0,32,32,13698.63014,13698.63014,0,0,0.0,0.0,0.0,0,0,0,0,1,1,0,0,1,0.0,0.0,0.0,32,0,0,0,0,0,0,1,0,1,0,259,247,0,32,0.0,0.0,0,0,0.0,0.0,0,0,BruteForce
13337229,21,31,2008,2745,640,0,95.61904762,140.0451628,976,0,88.5483871,223.315,356.3708773,3.89886085,261514.2941,700184.6532,2663325,3,11400000,568079.0,1006396.751,2709235,4,13300000,444571.3333,872499.7905,2663325,3,0,0,0,0,680,1000,1.574539959,2.324320892,0,976,89.67924528,191.0076291,36483.91437,0,0,0,1,0,0,0,0,1,91.40384615,95.61904762,88.5483871,680,0,0,0,0,0,0,21,2008,31,2745,29200,247,16,32,0.0,0.0,0,0,0.0,0.0,0,0,BruteForce
107,1,1,0,0,0,0,0.0,0.0,0,0,0.0,0.0,0.0,18691.58879,107.0,0.0,107,107,0,0.0,0.0,0,0,0,0.0,0.0,0,0,0,0,0,0,32,32,9345.794393,9345.794393,0,0,0.0,0.0,0.0,0,0,0,0,1,1,0,0,1,0.0,0.0,0.0,32,0,0,0,0,0,0,1,0,1,0,259,247,0,32,0.0,0.0,0,0,0.0,0.0,0,0,BruteForce
13528187,19,31,2008,2745,640,0,105.6842105,143.76719319999995,976,0,88.5483871,223.315,351.3405011000001,3.695986757,276085.44899999996,731982.3259,2698370,19,11100000,617613.0556,1037280.723,2764900,249,13500000,450936.8333,897423.7535,2698370,23,0,0,0,0,616,1000,1.4044749680000002,2.291511789,0,976,93.19607843,193.9302988,37608.96078,0,0,0,1,0,0,0,0,1,95.06,105.6842105,88.5483871,616,0,0,0,0,0,0,19,2008,31,2745,29200,247,16,32,0.0,0.0,0,0,0.0,0.0,0,0,BruteForce
43,1,1,0,0,0,0,0.0,0.0,0,0,0.0,0.0,0.0,46511.62791,43.0,0.0,43,43,0,0.0,0.0,0,0,0,0.0,0.0,0,0,0,0,0,0,32,32,23255.81395,23255.81395,0,0,0.0,0.0,0.0,0,0,0,0,1,1,0,0,1,0.0,0.0,0.0,32,0,0,0,0,0,0,1,0,1,0,259,247,0,32,0.0,0.0,0,0,0.0,0.0,0,0,BruteForce
78,1,1,0,0,0,0,0.0,0.0,0,0,0.0,0.0,0.0,25641.02564,78.0,0.0,78,78,0,0.0,0.0,0,0,0,0.0,0.0,0,0,0,0,0,0,32,32,12820.51282,12820.51282,0,0,0.0,0.0,0.0,0,0,0,0,1,1,0,0,1,0.0,0.0,0.0,32,0,0,0,0,0,0,1,0,1,0,259,247,0,32,0.0,0.0,0,0,0.0,0.0,0,0,BruteForce
63,1,1,0,0,0,0,0.0,0.0,0,0,0.0,0.0,0.0,31746.03175,63.0,0.0,63,63,0,0.0,0.0,0,0,0,0.0,0.0,0,0,0,0,0,0,32,32,15873.01587,15873.01587,0,0,0.0,0.0,0.0,0,0,0,0,1,1,0,0,1,0.0,0.0,0.0,32,0,0,0,0,0,0,1,0,1,0,259,247,0,32,0.0,0.0,0,0,0.0,0.0,0,0,BruteForce
13936156,19,31,2008,2745,640,0,105.6842105,143.76719319999995,976,0,88.5483871,223.315,341.0553097,3.5877899189999995,284411.3469,742920.6612,2544278,3,11500000,639381.0556,1049351.355,2588907,446,13900000,464533.1333,909475.194,2544278,3,0,0,0,0,616,1000,1.363360169,2.224429749,0,976,93.19607843,193.9302988,37608.96078,0,0,0,1,0,0,0,0,1,95.06,105.6842105,88.5483871,616,0,0,0,0,0,0,19,2008,31,2745,29200,247,16,32,0.0,0.0,0,0,0.0,0.0,0,0,BruteForce
50,1,1,0,0,0,0,0.0,0.0,0,0,0.0,0.0,0.0,40000.0,50.0,0.0,50,50,0,0.0,0.0,0,0,0,0.0,0.0,0,0,0,0,0,0,32,32,20000.0,20000.0,0,0,0.0,0.0,0.0,0,0,0,0,1,1,0,0,1,0.0,0.0,0.0,32,0,0,0,0,0,0,1,0,1,0,259,247,0,32,0.0,0.0,0,0,0.0,0.0,0,0,BruteForce
107,1,1,0,0,0,0,0.0,0.0,0,0,0.0,0.0,0.0,18691.58879,107.0,0.0,107,107,0,0.0,0.0,0,0,0,0.0,0.0,0,0,0,0,0,0,32,32,9345.794393,9345.794393,0,0,0.0,0.0,0.0,0,0,0,0,1,1,0,0,1,0.0,0.0,0.0,32,0,0,0,0,0,0,1,0,1,0,259,247,0,32,0.0,0.0,0,0,0.0,0.0,0,0,BruteForce
49,1,1,0,0,0,0,0.0,0.0,0,0,0.0,0.0,0.0,40816.32653,49.0,0.0,49,49,0,0.0,0.0,0,0,0,0.0,0.0,0,0,0,0,0,0,32,32,20408.163269999997,20408.163269999997,0,0,0.0,0.0,0.0,0,0,0,0,1,1,0,0,1,0.0,0.0,0.0,32,0,0,0,0,0,0,1,0,1,0,259,247,0,32,0.0,0.0,0,0,0.0,0.0,0,0,BruteForce
99,1,1,0,0,0,0,0.0,0.0,0,0,0.0,0.0,0.0,20202.0202,99.0,0.0,99,99,0,0.0,0.0,0,0,0,0.0,0.0,0,0,0,0,0,0,32,32,10101.0101,10101.0101,0,0,0.0,0.0,0.0,0,0,0,0,1,1,0,0,1,0.0,0.0,0.0,32,0,0,0,0,0,0,1,0,1,0,259,247,0,32,0.0,0.0,0,0,0.0,0.0,0,0,BruteForce
80,1,1,0,0,0,0,0.0,0.0,0,0,0.0,0.0,0.0,25000.0,80.0,0.0,80,80,0,0.0,0.0,0,0,0,0.0,0.0,0,0,0,0,0,0,32,32,12500.0,12500.0,0,0,0.0,0.0,0.0,0,0,0,0,1,1,0,0,1,0.0,0.0,0.0,32,0,0,0,0,0,0,1,0,1,0,259,247,0,32,0.0,0.0,0,0,0.0,0.0,0,0,BruteForce
13922517,22,32,2008,2745,640,0,91.27272727,138.1821372,976,0,85.78125,220.240592,341.3894197,3.878609019,262689.0,719132.9512,2584292,4,11300000,539940.381,981870.2085,2632532,509,13900000,449109.6129,900024.2086,2584292,4,0,0,0,0,712,1032,1.580174045,2.298434974,0,976,86.41818182,188.2012015,35419.69226,0,0,0,1,0,0,0,0,1,88.01851852,91.27272727,85.78125,712,0,0,0,0,0,0,22,2008,32,2745,29200,247,16,32,0.0,0.0,0,0,0.0,0.0,0,0,BruteForce
69,1,1,0,0,0,0,0.0,0.0,0,0,0.0,0.0,0.0,28985.50725,69.0,0.0,69,69,0,0.0,0.0,0,0,0,0.0,0.0,0,0,0,0,0,0,32,32,14492.75362,14492.75362,0,0,0.0,0.0,0.0,0,0,0,0,1,1,0,0,1,0.0,0.0,0.0,32,0,0,0,0,0,0,1,0,1,0,259,247,0,32,0.0,0.0,0,0,0.0,0.0,0,0,BruteForce
84,1,1,0,0,0,0,0.0,0.0,0,0,0.0,0.0,0.0,23809.52381,84.0,0.0,84,84,0,0.0,0.0,0,0,0,0.0,0.0,0,0,0,0,0,0,32,32,11904.7619,11904.7619,0,0,0.0,0.0,0.0,0,0,0,0,1,1,0,0,1,0.0,0.0,0.0,32,0,0,0,0,0,0,1,0,1,0,259,247,0,32,0.0,0.0,0,0,0.0,0.0,0,0,BruteForce
110,1,1,0,0,0,0,0.0,0.0,0,0,0.0,0.0,0.0,18181.81818,110.0,0.0,110,110,0,0.0,0.0,0,0,0,0.0,0.0,0,0,0,0,0,0,32,32,9090.909091,9090.909091,0,0,0.0,0.0,0.0,0,0,0,0,1,1,0,0,1,0.0,0.0,0.0,32,0,0,0,0,0,0,1,0,1,0,259,247,0,32,0.0,0.0,0,0,0.0,0.0,0,0,BruteForce
13440498,19,31,2008,2745,640,0,105.6842105,143.76719319999995,976,0,88.5483871,223.315,353.63273,3.720100252,274295.8776,730415.0301,2737631,3,11100000,617190.3333,1038809.785,2786824,224,13400000,448012.2333,895906.0078,2737631,3,0,0,0,0,616,1000,1.413638096,2.306462156,0,976,93.19607843,193.9302988,37608.96078,0,0,0,1,0,0,0,0,1,95.06,105.6842105,88.5483871,616,0,0,0,0,0,0,19,2008,31,2745,29200,247,16,32,0.0,0.0,0,0,0.0,0.0,0,0,BruteForce
13239137,21,32,2008,2745,640,0,95.61904762,140.0451628,976,0,85.78125,220.240592,359.0113162,4.003282087,254598.7885,697304.8519,2739083,3,10500000,522903.35,930867.1698,2501301,312,13200000,427064.4194,866357.0968,2739083,3,0,0,0,0,680,1032,1.58620611,2.417075977,0,976,88.01851852,189.5902723,35944.47135,0,0,0,1,0,0,0,0,1,89.67924528,95.61904762,85.78125,680,0,0,0,0,0,0,21,2008,32,2745,29200,247,16,32,0.0,0.0,0,0,0.0,0.0,0,0,BruteForce
47,1,1,0,0,0,0,0.0,0.0,0,0,0.0,0.0,0.0,42553.19149,47.0,0.0,47,47,0,0.0,0.0,0,0,0,0.0,0.0,0,0,0,0,0,0,32,32,21276.59574,21276.59574,0,0,0.0,0.0,0.0,0,0,0,0,1,1,0,0,1,0.0,0.0,0.0,32,0,0,0,0,0,0,1,0,1,0,259,247,0,32,0.0,0.0,0,0,0.0,0.0,0,0,BruteForce
69,1,1,0,0,0,0,0.0,0.0,0,0,0.0,0.0,0.0,28985.50725,69.0,0.0,69,69,0,0.0,0.0,0,0,0,0.0,0.0,0,0,0,0,0,0,32,32,14492.75362,14492.75362,0,0,0.0,0.0,0.0,0,0,0,0,1,1,0,0,1,0.0,0.0,0.0,32,0,0,0,0,0,0,1,0,1,0,259,247,0,32,0.0,0.0,0,0,0.0,0.0,0,0,BruteForce
12820980,21,32,1992,2745,640,0,94.85714286,139.995102,976,0,85.78125,220.240592,369.4725364,4.133849363,246557.3077,668491.3009,2447337,3,10500000,522551.9,928002.39,2501174,319,12800000,413575.4194,829703.1024,2447337,3,0,0,0,0,680,1032,1.637940313,2.495909049,0,976,87.72222222,189.5645872,35934.7327,0,0,0,1,0,0,0,0,1,89.37735849,94.85714286,85.78125,680,0,0,0,0,0,0,21,1992,32,2745,29200,247,16,32,0.0,0.0,0,0,0.0,0.0,0,0,BruteForce
47,1,1,0,0,0,0,0.0,0.0,0,0,0.0,0.0,0.0,42553.19149,47.0,0.0,47,47,0,0.0,0.0,0,0,0,0.0,0.0,0,0,0,0,0,0,32,32,21276.59574,21276.59574,0,0,0.0,0.0,0.0,0,0,0,0,1,1,0,0,1,0.0,0.0,0.0,32,0,0,0,0,0,0,1,0,1,0,259,247,0,32,0.0,0.0,0,0,0.0,0.0,0,0,BruteForce
13074927,19,31,1992,2745,640,0,104.8421053,143.7750029,976,0,88.5483871,223.315,362.2964778,3.824113129,266835.2449,698983.9759,2328577,3,11200000,621921.3889,1019286.551,2372855,312,13100000,435829.2,855923.6582,2328577,3,0,0,0,0,616,1000,1.453162989,2.37095014,0,976,92.88235294,193.9122118,37601.94588,0,0,0,1,0,0,0,0,1,94.74,104.8421053,88.5483871,616,0,0,0,0,0,0,19,1992,31,2745,29200,247,16,32,0.0,0.0,0,0,0.0,0.0,0,0,BruteForce
12772155,21,32,2008,2745,640,0,95.61904762,140.0451628,976,0,85.78125,220.240592,372.1376698,4.149652113999999,245618.3654,666972.0322,2480232,20,10700000,533549.0,947361.4184,2532526,529,12800000,412000.5161,827948.6073,2480232,20,0,0,0,0,680,1032,1.644201781,2.505450333,0,976,88.01851852,189.5902723,35944.47135,0,0,0,1,0,0,0,0,1,89.67924528,95.61904762,85.78125,680,0,0,0,0,0,0,21,2008,32,2745,29200,247,16,32,0.0,0.0,0,0,0.0,0.0,0,0,BruteForce
13641356,20,33,2008,2745,640,0,100.4,141.91413269999995,976,0,83.18181818,217.2857356,348.4257723,3.885244253,262333.7692,713787.9269,2796063,3,11600000,608702.6842,1044594.976,2864934,211,13600000,426289.4687,875351.9918,2796063,3,0,0,0,0,648,1064,1.4661299069999998,2.4191143459999997,0,976,88.01851852,189.5902723,35944.47135,0,0,0,1,0,0,0,0,1,89.67924528,100.4,83.18181818,648,0,0,0,0,0,0,20,2008,33,2745,29200,247,16,32,0.0,0.0,0,0,0.0,0.0,0,0,BruteForce
108,1,1,0,0,0,0,0.0,0.0,0,0,0.0,0.0,0.0,18518.51852,108.0,0.0,108,108,0,0.0,0.0,0,0,0,0.0,0.0,0,0,0,0,0,0,32,32,9259.259259,9259.259259,0,0,0.0,0.0,0.0,0,0,0,0,1,1,0,0,1,0.0,0.0,0.0,32,0,0,0,0,0,0,1,0,1,0,259,247,0,32,0.0,0.0,0,0,0.0,0.0,0,0,BruteForce
13193836,24,32,2008,2745,640,0,83.66666667,134.5286996,976,0,85.78125,220.240592,360.2439806000001,4.244406252,239887.9273,676799.8842,2796292,18,11400000,495234.4783,963660.9001,2864752,386,13200000,425604.2258,861978.6819,2796292,18,0,0,0,0,776,1032,1.819031251,2.425375001,0,976,83.38596491,185.5048858,34412.06266,0,0,0,1,0,0,0,0,1,84.875,83.66666667,85.78125,776,0,0,0,0,0,0,24,2008,32,2745,29200,247,16,32,0.0,0.0,0,0,0.0,0.0,0,0,BruteForce
12216563,22,32,2008,2745,640,0,91.27272727,138.1821372,976,0,85.78125,220.240592,389.0619645,4.420228505,230501.1887,630010.8736,2500777,3,10600000,504531.5238,918727.8678,2564346,376,12200000,394078.9355,788396.243,2500777,3,0,0,0,0,712,1032,1.800833835,2.619394669,0,976,86.41818182,188.2012015,35419.69226,0,0,0,1,0,0,0,0,1,88.01851852,91.27272727,85.78125,712,0,0,0,0,0,0,22,2008,32,2745,29200,247,16,32,0.0,0.0,0,0,0.0,0.0,0,0,BruteForce
102,1,1,0,0,0,0,0.0,0.0,0,0,0.0,0.0,0.0,19607.84314,102.0,0.0,102,102,0,0.0,0.0,0,0,0,0.0,0.0,0,0,0,0,0,0,32,32,9803.921569,9803.921569,0,0,0.0,0.0,0.0,0,0,0,0,1,1,0,0,1,0.0,0.0,0.0,32,0,0,0,0,0,0,1,0,1,0,259,247,0,32,0.0,0.0,0,0,0.0,0.0,0,0,BruteForce
13319467,20,33,2008,2745,640,0,100.4,141.91413269999995,976,0,83.18181818,217.2857356,356.846111,3.979138204,256143.5962,696169.8283,2512150,3,10800000,566540.0526,969303.9983,2532419,322,13300000,416228.5625,853619.5603,2512150,3,0,0,0,0,648,1064,1.501561587,2.477576618,0,976,88.01851852,189.5902723,35944.47135,0,0,0,1,0,0,0,0,1,89.67924528,100.4,83.18181818,648,0,0,0,0,0,0,20,2008,33,2745,29200,247,16,32,0.0,0.0,0,0,0.0,0.0,0,0,BruteForce
83,1,1,0,0,0,0,0.0,0.0,0,0,0.0,0.0,0.0,24096.38554,83.0,0.0,83,83,0,0.0,0.0,0,0,0,0.0,0.0,0,0,0,0,0,0,32,32,12048.19277,12048.19277,0,0,0.0,0.0,0.0,0,0,0,0,1,1,0,0,1,0.0,0.0,0.0,32,0,0,0,0,0,0,1,0,1,0,259,247,0,32,0.0,0.0,0,0,0.0,0.0,0,0,BruteForce
79,1,1,0,0,0,0,0.0,0.0,0,0,0.0,0.0,0.0,25316.4557,79.0,0.0,79,79,0,0.0,0.0,0,0,0,0.0,0.0,0,0,0,0,0,0,32,32,12658.22785,12658.22785,0,0,0.0,0.0,0.0,0,0,0,0,1,1,0,0,1,0.0,0.0,0.0,32,0,0,0,0,0,0,1,0,1,0,259,247,0,32,0.0,0.0,0,0,0.0,0.0,0,0,BruteForce
66,1,1,0,0,0,0,0.0,0.0,0,0,0.0,0.0,0.0,30303.0303,66.0,0.0,66,66,0,0.0,0.0,0,0,0,0.0,0.0,0,0,0,0,0,0,32,32,15151.51515,15151.51515,0,0,0.0,0.0,0.0,0,0,0,0,1,1,0,0,1,0.0,0.0,0.0,32,0,0,0,0,0,0,1,0,1,0,259,247,0,32,0.0,0.0,0,0,0.0,0.0,0,0,BruteForce
76,1,1,0,0,0,0,0.0,0.0,0,0,0.0,0.0,0.0,26315.78947,76.0,0.0,76,76,0,0.0,0.0,0,0,0,0.0,0.0,0,0,0,0,0,0,32,32,13157.89474,13157.89474,0,0,0.0,0.0,0.0,0,0,0,0,1,1,0,0,1,0.0,0.0,0.0,32,0,0,0,0,0,0,1,0,1,0,259,247,0,32,0.0,0.0,0,0,0.0,0.0,0,0,BruteForce
107,1,1,0,0,0,0,0.0,0.0,0,0,0.0,0.0,0.0,18691.58879,107.0,0.0,107,107,0,0.0,0.0,0,0,0,0.0,0.0,0,0,0,0,0,0,32,32,9345.794393,9345.794393,0,0,0.0,0.0,0.0,0,0,0,0,1,1,0,0,1,0.0,0.0,0.0,32,0,0,0,0,0,0,1,0,1,0,259,247,0,32,0.0,0.0,0,0,0.0,0.0,0,0,BruteForce
109,1,1,0,0,0,0,0.0,0.0,0,0,0.0,0.0,0.0,18348.62385,109.0,0.0,109,109,0,0.0,0.0,0,0,0,0.0,0.0,0,0,0,0,0,0,32,32,9174.311927,9174.311927,0,0,0.0,0.0,0.0,0,0,0,0,1,1,0,0,1,0.0,0.0,0.0,32,0,0,0,0,0,0,1,0,1,0,259,247,0,32,0.0,0.0,0,0,0.0,0.0,0,0,BruteForce
12389018,21,32,2008,2745,640,0,95.61904762,140.0451628,976,0,85.78125,220.240592,383.646226,4.277982323,238250.3462,645915.757,2416011,3,10400000,518231.9,923190.3918,2481873,60,12400000,399641.5161,801710.7672,2416011,3,0,0,0,0,680,1032,1.6950496,2.5829327230000003,0,976,88.01851852,189.5902723,35944.47135,0,0,0,1,0,0,0,0,1,89.67924528,95.61904762,85.78125,680,0,0,0,0,0,0,21,2008,32,2745,29200,247,16,32,0.0,0.0,0,0,0.0,0.0,0,0,BruteForce
56,1,1,0,0,0,0,0.0,0.0,0,0,0.0,0.0,0.0,35714.285710000004,56.0,0.0,56,56,0,0.0,0.0,0,0,0,0.0,0.0,0,0,0,0,0,0,32,32,17857.14286,17857.14286,0,0,0.0,0.0,0.0,0,0,0,0,1,1,0,0,1,0.0,0.0,0.0,32,0,0,0,0,0,0,1,0,1,0,259,247,0,32,0.0,0.0,0,0,0.0,0.0,0,0,BruteForce
11741901,21,33,2008,2745,640,0,95.61904762,140.0451628,976,0,83.18181818,217.2857356,404.7896503,4.598914605,221545.3019,596259.2684,2128052,3,9742583,487129.15,847043.8846,2186868,3,11700000,366931.25,735885.0241,2128052,3,0,0,0,0,680,1064,1.7884667909999998,2.810447814,0,976,86.41818182,188.2012015,35419.69226,0,0,0,1,0,0,0,0,1,88.01851852,95.61904762,83.18181818,680,0,0,0,0,0,0,21,2008,33,2745,29200,247,16,32,0.0,0.0,0,0,0.0,0.0,0,0,BruteForce
126,1,1,0,0,0,0,0.0,0.0,0,0,0.0,0.0,0.0,15873.01587,126.0,0.0,126,126,0,0.0,0.0,0,0,0,0.0,0.0,0,0,0,0,0,0,32,32,7936.507937,7936.507937,0,0,0.0,0.0,0.0,0,0,0,0,1,1,0,0,1,0.0,0.0,0.0,32,0,0,0,0,0,0,1,0,1,0,259,247,0,32,0.0,0.0,0,0,0.0,0.0,0,0,BruteForce
12256753,21,32,2008,2745,640,0,95.61904762,140.0451628,976,0,85.78125,220.240592,387.7862269,4.32414686,235706.7885,643761.7066,2443795,3,10600000,528034.5,939367.9734,2500942,421,12300000,395374.871,799618.9542,2443795,3,0,0,0,0,680,1032,1.713341209,2.6108056509999997,0,976,88.01851852,189.5902723,35944.47135,0,0,0,1,0,0,0,0,1,89.67924528,95.61904762,85.78125,680,0,0,0,0,0,0,21,2008,32,2745,29200,247,16,32,0.0,0.0,0,0,0.0,0.0,0,0,BruteForce
42,2,1,0,0,0,0,0.0,0.0,0,0,0.0,0.0,0.0,71428.57143,21.0,24.04163056,38,4,4,4.0,0.0,4,4,0,0.0,0.0,0,0,0,0,0,0,64,32,47619.04762,23809.52381,0,0,0.0,0.0,0.0,0,0,0,0,1,1,0,0,0,0.0,0.0,0.0,64,0,0,0,0,0,0,2,0,1,0,259,247,0,32,0.0,0.0,0,0,0.0,0.0,0,0,BruteForce
16029623,27,38,2824,4441,640,0,104.5925926,140.1700229,976,0,116.8684211,268.04337799999996,453.2233852,4.054992435,250462.8594,720388.9604,3911514,1,14000000,538764.0,1034537.356,3952858,1,16000000,433228.5405,909311.4068,3911608,2,0,0,0,0,896,1260,1.6843814730000002,2.370610962,0,976,110.0757576,221.320117,48982.59417,0,0,0,1,0,0,0,0,1,111.7692308,104.5925926,116.8684211,896,0,0,0,0,0,0,27,2824,38,4441,29200,247,19,32,0.0,0.0,0,0,0.0,0.0,0,0,BruteForce
15257424,31,41,2200,3145,640,0,70.96774194,121.1631088,976,0,76.70731707,195.5702232,350.32126,4.719014166,214893.2958,545838.8461,2183218,0,13200000,439176.4667,1072068.553,4978855,1,15300000,381433.675,685520.0891,2183218,18,0,0,0,0,1060,1356,2.031797766,2.6872164,0,976,73.21917808,165.677921,27449.17352,0,0,0,1,0,0,0,0,1,74.23611111,70.96774194,76.70731707,1060,0,0,0,0,0,0,31,2200,41,3145,29200,247,19,32,0.0,0.0,0,0,0.0,0.0,0,0,BruteForce
15275950,30,38,2200,3065,640,0,73.33333333,122.5041402,976,0,80.65789474,202.5203729,344.6594156000001,4.451441645,227999.2537,561251.9464,2164303,1,13200000,455164.1724,1100103.171,5050855,1,15300000,412858.5676,706698.9837,2164303,3,0,0,0,0,1016,1260,1.963871314,2.487570331,0,976,76.30434783,169.7556466,28816.979539999997,0,0,0,1,0,0,0,0,1,77.42647059,73.33333333,80.65789474,1016,0,0,0,0,0,0,30,2200,38,3065,29200,247,19,32,0.0,0.0,0,0,0.0,0.0,0,0,BruteForce
15277691,30,39,2200,3065,640,0,73.33333333,122.5041402,976,0,78.58974359,200.2548006,344.6201393,4.516389289,224671.9265,555804.2127,2148343,1,13200000,455343.8966,1094581.777,5014845,1,15300000,402040.3421,697484.6911,2148343,3,0,0,0,0,1016,1292,1.963647517,2.552741772,0,976,75.21428571,168.76764690000005,28482.51863,0,0,0,1,0,0,0,0,1,76.30434783,73.33333333,78.58974359,1016,0,0,0,0,0,0,30,2200,39,3065,29200,247,19,32,0.0,0.0,0,0,0.0,0.0,0,0,BruteForce
51,1,1,0,0,0,0,0.0,0.0,0,0,0.0,0.0,0.0,39215.68627,51.0,0.0,51,51,0,0.0,0.0,0,0,0,0.0,0.0,0,0,0,0,0,0,32,32,19607.84314,19607.84314,0,0,0.0,0.0,0.0,0,0,0,0,1,1,0,0,1,0.0,0.0,0.0,32,0,0,0,0,0,0,1,0,1,0,259,247,0,32,0.0,0.0,0,0,0.0,0.0,0,0,BruteForce
12251669,23,33,2648,2745,640,0,115.1304348,176.9682314,976,0,83.18181818,217.2857356,440.184925,4.570805822,222757.6182,605483.4523,2356173,2,10600000,483119.5455,871670.7315,2401921,2,12300000,382860.4062,758652.5687,2356173,3,0,0,0,0,744,1076,1.877295249,2.693510574,0,976,94.61403509,199.2286693,39692.06266,0,0,0,1,0,0,0,0,1,96.30357143,115.1304348,83.18181818,744,0,0,0,0,0,0,23,2648,33,2745,29200,247,17,32,0.0,0.0,0,0,0.0,0.0,0,0,BruteForce
96,1,1,0,0,0,0,0.0,0.0,0,0,0.0,0.0,0.0,20833.33333,96.0,0.0,96,96,0,0.0,0.0,0,0,0,0.0,0.0,0,0,0,0,0,0,32,32,10416.66667,10416.66667,0,0,0.0,0.0,0.0,0,0,0,0,1,1,0,0,1,0.0,0.0,0.0,32,0,0,0,0,0,0,1,0,1,0,259,247,0,32,0.0,0.0,0,0,0.0,0.0,0,0,BruteForce
11663550,20,33,2008,2745,640,0,100.4,141.91413269999995,976,0,83.18181818,217.2857356,407.5088631,4.544071059,224299.0385,602825.6112,2320624,1,9298746,489407.6842,820951.8491,2301010,3,11700000,364481.3125,738474.0529,2320624,1,0,0,0,0,648,1064,1.714743796,2.829327263,0,976,88.01851852,189.5902723,35944.47135,0,0,0,1,0,0,0,0,1,89.67924528,100.4,83.18181818,648,0,0,0,0,0,0,20,2008,33,2745,29200,247,16,32,0.0,0.0,0,0,0.0,0.0,0,0,BruteForce
78,1,1,0,0,0,0,0.0,0.0,0,0,0.0,0.0,0.0,25641.02564,78.0,0.0,78,78,0,0.0,0.0,0,0,0,0.0,0.0,0,0,0,0,0,0,32,32,12820.51282,12820.51282,0,0,0.0,0.0,0.0,0,0,0,0,1,1,0,0,1,0.0,0.0,0.0,32,0,0,0,0,0,0,1,0,1,0,259,247,0,32,0.0,0.0,0,0,0.0,0.0,0,0,BruteForce
86,1,1,0,0,0,0,0.0,0.0,0,0,0.0,0.0,0.0,23255.81395,86.0,0.0,86,86,0,0.0,0.0,0,0,0,0.0,0.0,0,0,0,0,0,0,32,32,11627.90698,11627.90698,0,0,0.0,0.0,0.0,0,0,0,0,1,1,0,0,1,0.0,0.0,0.0,32,0,0,0,0,0,0,1,0,1,0,259,247,0,32,0.0,0.0,0,0,0.0,0.0,0,0,BruteForce
11793007,25,32,2008,2745,640,0,80.32,132.7550125,976,0,85.78125,220.240592,403.0354599,4.833372862,210589.4107,585521.7812,2207812,4,9600718,400029.9167,776857.5433,2263876,34,11800000,380416.2258,749804.3162,2207812,4,0,0,0,0,808,1032,2.119900378,2.713472484,0,976,81.94827586,184.19616,33928.22535,0,0,0,1,0,0,0,0,1,83.38596491,80.32,85.78125,808,0,0,0,0,0,0,25,2008,32,2745,29200,247,16,32,0.0,0.0,0,0,0.0,0.0,0,0,BruteForce
11638249,22,32,2008,2745,640,0,91.27272727,138.1821372,976,0,85.78125,220.240592,408.394768,4.639873232,219589.6038,596844.0226,2232218,3,10100000,482558.5238,867635.6472,2292335,3,11600000,375425.4516,746540.5087,2232218,3,0,0,0,0,712,1032,1.890318724,2.749554508,0,976,86.41818182,188.2012015,35419.69226,0,0,0,1,0,0,0,0,1,88.01851852,91.27272727,85.78125,712,0,0,0,0,0,0,22,2008,32,2745,29200,247,16,32,0.0,0.0,0,0,0.0,0.0,0,0,BruteForce
10908235,21,32,2008,2745,640,0,95.61904762,140.0451628,976,0,85.78125,220.240592,435.725853,4.85871454,209773.75,572202.8619,2362083,12,9564384,478219.2,852327.6579999998,2408798,315,10900000,351875.12899999996,710653.8547,2362083,18,0,0,0,0,680,1032,1.925151044,2.933563496,0,976,88.01851852,189.5902723,35944.47135,0,0,0,1,0,0,0,0,1,89.67924528,95.61904762,85.78125,680,0,0,0,0,0,0,21,2008,32,2745,29200,247,16,32,0.0,0.0,0,0,0.0,0.0,0,0,BruteForce
11504076,22,32,2008,2745,640,0,91.27272727,138.1821372,976,0,85.78125,220.240592,413.1579103,4.693988461,217058.0377,584910.4449,2400489,3,9967976,474665.5238,849003.5462,2464303,355,11500000,371094.1935,731139.1154,2400489,3,0,0,0,0,712,1032,1.912365669,2.781622792,0,976,86.41818182,188.2012015,35419.69226,0,0,0,1,0,0,0,0,1,88.01851852,91.27272727,85.78125,712,0,0,0,0,0,0,22,2008,32,2745,29200,247,16,32,0.0,0.0,0,0,0.0,0.0,0,0,BruteForce
25,1,1,0,0,0,0,0.0,0.0,0,0,0.0,0.0,0.0,80000.0,25.0,0.0,25,25,0,0.0,0.0,0,0,0,0.0,0.0,0,0,0,0,0,0,32,32,40000.0,40000.0,0,0,0.0,0.0,0.0,0,0,0,0,1,1,0,0,1,0.0,0.0,0.0,32,0,0,0,0,0,0,1,0,1,0,259,247,0,32,0.0,0.0,0,0,0.0,0.0,0,0,BruteForce
99,1,1,0,0,0,0,0.0,0.0,0,0,0.0,0.0,0.0,20202.0202,99.0,0.0,99,99,0,0.0,0.0,0,0,0,0.0,0.0,0,0,0,0,0,0,32,32,10101.0101,10101.0101,0,0,0.0,0.0,0.0,0,0,0,0,1,1,0,0,1,0.0,0.0,0.0,32,0,0,0,0,0,0,1,0,1,0,259,257,0,32,0.0,0.0,0,0,0.0,0.0,0,0,BruteForce
96,1,1,0,0,0,0,0.0,0.0,0,0,0.0,0.0,0.0,20833.33333,96.0,0.0,96,96,0,0.0,0.0,0,0,0,0.0,0.0,0,0,0,0,0,0,32,32,10416.66667,10416.66667,0,0,0.0,0.0,0.0,0,0,0,0,1,1,0,0,1,0.0,0.0,0.0,32,0,0,0,0,0,0,1,0,1,0,259,247,0,32,0.0,0.0,0,0,0.0,0.0,0,0,BruteForce
37,1,1,0,0,0,0,0.0,0.0,0,0,0.0,0.0,0.0,54054.05405,37.0,0.0,37,37,0,0.0,0.0,0,0,0,0.0,0.0,0,0,0,0,0,0,32,32,27027.02703,27027.02703,0,0,0.0,0.0,0.0,0,0,0,0,1,1,0,0,1,0.0,0.0,0.0,32,0,0,0,0,0,0,1,0,1,0,259,247,0,32,0.0,0.0,0,0,0.0,0.0,0,0,BruteForce
81,1,1,0,0,0,0,0.0,0.0,0,0,0.0,0.0,0.0,24691.35802,81.0,0.0,81,81,0,0.0,0.0,0,0,0,0.0,0.0,0,0,0,0,0,0,32,32,12345.67901,12345.67901,0,0,0.0,0.0,0.0,0,0,0,0,1,1,0,0,1,0.0,0.0,0.0,32,0,0,0,0,0,0,1,0,1,0,259,247,0,32,0.0,0.0,0,0,0.0,0.0,0,0,BruteForce
11575871,21,33,2008,2745,640,0,95.61904762,140.0451628,976,0,83.18181818,217.2857356,410.5954532,4.664875758,218412.6604,597730.5789,2225305,3,9939705,496985.25,877717.7999,2268890,934,11600000,361741.8438,738851.0637,2225305,3,0,0,0,0,680,1064,1.81411835,2.8507574069999997,0,976,86.41818182,188.2012015,35419.69226,0,0,0,1,0,0,0,0,1,88.01851852,95.61904762,83.18181818,680,0,0,0,0,0,0,21,2008,33,2745,29200,247,16,32,0.0,0.0,0,0,0.0,0.0,0,0,BruteForce
11672763,20,33,2008,2745,640,0,100.4,141.91413269999995,976,0,83.18181818,217.2857356,407.1872272,4.540484545,224476.2115,603410.2181,2219931,11,9976706,525089.7895,894710.8751,2298001,970,11700000,364771.7188,739155.2783,2219931,48,0,0,0,0,648,1064,1.713390394,2.8270941510000003,0,976,88.01851852,189.5902723,35944.47135,0,0,0,1,0,0,0,0,1,89.67924528,100.4,83.18181818,648,0,0,0,0,0,0,20,2008,33,2745,29200,247,16,32,0.0,0.0,0,0,0.0,0.0,0,0,BruteForce
11297846,21,32,2008,2745,640,0,95.61904762,140.0451628,976,0,85.78125,220.240592,420.6996626,4.691159713,217266.2692,581420.2637,2090275,3,9345810,467290.5,817872.1253,2143960,25,11300000,364442.5484,720671.1814,2090275,3,0,0,0,0,680,1032,1.858761396,2.832398317,0,976,88.01851852,189.5902723,35944.47135,0,0,0,1,0,0,0,0,1,89.67924528,95.61904762,85.78125,680,0,0,0,0,0,0,21,2008,32,2745,29200,247,16,32,0.0,0.0,0,0,0.0,0.0,0,0,BruteForce
11398813,21,32,2008,2745,640,0,95.61904762,140.0451628,976,0,85.78125,220.240592,416.973241,4.649606937,219207.9423,593558.8776,2284336,3,9702736,485136.8,860318.6096,2338763,210,11400000,367700.4516,736628.9057,2284336,3,0,0,0,0,680,1032,1.842297088,2.8073098489999997,0,976,88.01851852,189.5902723,35944.47135,0,0,0,1,0,0,0,0,1,89.67924528,95.61904762,85.78125,680,0,0,0,0,0,0,21,2008,32,2745,29200,247,16,32,0.0,0.0,0,0,0.0,0.0,0,0,BruteForce
10878215,21,32,2008,2745,640,0,95.61904762,140.0451628,976,0,85.78125,220.240592,436.9283012,4.872122861999999,209196.4423,569837.67,2280255,3,9477674,473883.7,844313.0294,2325383,3,10900000,350905.9677,707629.5234,2280255,4,0,0,0,0,680,1032,1.930463776,2.9416590869999997,0,976,88.01851852,189.5902723,35944.47135,0,0,0,1,0,0,0,0,1,89.67924528,95.61904762,85.78125,680,0,0,0,0,0,0,21,2008,32,2745,29200,247,16,32,0.0,0.0,0,0,0.0,0.0,0,0,BruteForce
11247869,21,32,2008,2745,640,0,95.61904762,140.0451628,976,0,85.78125,220.240592,422.5689328,4.712003669,216305.1731,585272.8107,2150822,4,9970673,498533.65,873462.733,2200910,857,11200000,362828.9677,726298.4074,2150822,4,0,0,0,0,680,1032,1.867020322,2.844983348,0,976,88.01851852,189.5902723,35944.47135,0,0,0,1,0,0,0,0,1,89.67924528,95.61904762,85.78125,680,0,0,0,0,0,0,21,2008,32,2745,29200,247,16,32,0.0,0.0,0,0,0.0,0.0,0,0,BruteForce
11802342,19,31,2008,2745,640,0,105.6842105,143.76719319999995,976,0,88.5483871,223.315,402.7166811,4.236447309,240864.1224,627082.1819,2302601,3,9910349,550574.9444,907146.2828,2365939,189,11800000,393406.8333,767405.3941,2302601,3,0,0,0,0,616,1000,1.609849977,2.626597331,0,976,93.19607843,193.9302988,37608.96078,0,0,0,1,0,0,0,0,1,95.06,105.6842105,88.5483871,616,0,0,0,0,0,0,19,2008,31,2745,29200,247,16,32,0.0,0.0,0,0,0.0,0.0,0,0,BruteForce
11796665,21,32,2008,2745,640,0,95.61904762,140.0451628,976,0,85.78125,220.240592,402.9104836,4.492795209,226858.9423,610388.8705,2299743,4,9906505,495325.25,873172.839,2349753,315,11800000,380533.5161,757010.0037,2299743,4,0,0,0,0,680,1032,1.78016414,2.71263107,0,976,88.01851852,189.5902723,35944.47135,0,0,0,1,0,0,0,0,1,89.67924528,95.61904762,85.78125,680,0,0,0,0,0,0,21,2008,32,2745,29200,247,16,32,0.0,0.0,0,0,0.0,0.0,0,0,BruteForce
11810888,22,33,1992,2745,640,0,90.54545455,138.109938,976,0,83.18181818,217.2857356,401.0706054,4.656720138,218720.1481,595290.2068,2228217,4,10400000,494560.381,884287.141,2297965,931,11800000,369087.625,740983.1898,2228217,4,0,0,0,0,712,1064,1.862688055,2.7940320830000003,0,976,84.58928571,186.8096529,34897.84643,0,0,0,1,0,0,0,0,1,86.12727273,90.54545455,83.18181818,712,0,0,0,0,0,0,22,1992,33,2745,29200,247,16,32,0.0,0.0,0,0,0.0,0.0,0,0,BruteForce
11166999,21,32,2008,2745,640,0,95.61904762,140.0451628,976,0,85.78125,220.240592,425.6291238,4.746127406,214749.9808,578441.4416,2220251,22,9296644,464832.2,823060.0861,2299937,937,11200000,360221.2581,717484.253,2220251,37,0,0,0,0,680,1032,1.880541048,2.865586359,0,976,88.01851852,189.5902723,35944.47135,0,0,0,1,0,0,0,0,1,89.67924528,95.61904762,85.78125,680,0,0,0,0,0,0,21,2008,32,2745,29200,247,16,32,0.0,0.0,0,0,0.0,0.0,0,0,BruteForce
11905357,21,33,2008,2745,640,0,95.61904762,140.0451628,976,0,83.18181818,217.2857356,399.2320432,4.5357732660000005,224629.3774,612100.7418,2240453,3,9857723,492886.15,874845.2947,2301931,3,11900000,372039.5313,756289.057,2240453,17,0,0,0,0,680,1064,1.763911826,2.77186144,0,976,86.41818182,188.2012015,35419.69226,0,0,0,1,0,0,0,0,1,88.01851852,95.61904762,83.18181818,680,0,0,0,0,0,0,21,2008,33,2745,29200,247,16,32,0.0,0.0,0,0,0.0,0.0,0,0,BruteForce
41,1,1,0,0,0,0,0.0,0.0,0,0,0.0,0.0,0.0,48780.4878,41.0,0.0,41,41,0,0.0,0.0,0,0,0,0.0,0.0,0,0,0,0,0,0,32,32,24390.2439,24390.2439,0,0,0.0,0.0,0.0,0,0,0,0,1,1,0,0,1,0.0,0.0,0.0,32,0,0,0,0,0,0,1,0,1,0,259,247,0,32,0.0,0.0,0,0,0.0,0.0,0,0,BruteForce
11166202,21,32,2008,2745,640,0,95.61904762,140.0451628,976,0,85.78125,220.240592,425.6595036000001,4.746466166,214734.6538,587406.2313,2257902,3,9696860,484843.0,869874.5405,2303916,240,11200000,360196.3548,729748.8886,2257902,3,0,0,0,0,680,1032,1.880675273,2.865790893,0,976,88.01851852,189.5902723,35944.47135,0,0,0,1,0,0,0,0,1,89.67924528,95.61904762,85.78125,680,0,0,0,0,0,0,21,2008,32,2745,29200,247,16,32,0.0,0.0,0,0,0.0,0.0,0,0,BruteForce
62,1,1,0,0,0,0,0.0,0.0,0,0,0.0,0.0,0.0,32258.06452,62.0,0.0,62,62,0,0.0,0.0,0,0,0,0.0,0.0,0,0,0,0,0,0,32,32,16129.03226,16129.03226,0,0,0.0,0.0,0.0,0,0,0,0,1,1,0,0,1,0.0,0.0,0.0,32,0,0,0,0,0,0,1,0,1,0,259,247,0,32,0.0,0.0,0,0,0.0,0.0,0,0,BruteForce
11439309,22,32,2008,2745,640,0,91.27272727,138.1821372,976,0,85.78125,220.240592,415.4971249,4.720564852,215836.0189,594525.0287,2260183,15,9978471,475165.2857,870613.7014,2304317,291,11400000,369009.0,744729.7990000001,2260183,16,0,0,0,0,712,1032,1.923193088,2.797371764,0,976,86.41818182,188.2012015,35419.69226,0,0,0,1,0,0,0,0,1,88.01851852,91.27272727,85.78125,712,0,0,0,0,0,0,22,2008,32,2745,29200,247,16,32,0.0,0.0,0,0,0.0,0.0,0,0,BruteForce
44,1,1,0,0,0,0,0.0,0.0,0,0,0.0,0.0,0.0,45454.54545,44.0,0.0,44,44,0,0.0,0.0,0,0,0,0.0,0.0,0,0,0,0,0,0,32,32,22727.27273,22727.27273,0,0,0.0,0.0,0.0,0,0,0,0,1,1,0,0,1,0.0,0.0,0.0,32,0,0,0,0,0,0,1,0,1,0,259,247,0,32,0.0,0.0,0,0,0.0,0.0,0,0,BruteForce
12397815,27,39,2824,5673,640,0,104.5925926,140.1700229,976,0,145.4615385,315.0471014,685.362703,5.323518701,190735.6154,531776.2379,2221182,1,10300000,396578.5385,752122.1476,2264594,1,12400000,326255.6053,666196.5569,2221182,1,0,0,0,0,908,1292,2.177803105,3.145715596,0,976,126.8208955,256.00342830000005,65537.75531000001,0,0,0,1,0,0,0,0,1,128.74242420000002,104.5925926,145.4615385,908,0,0,0,0,0,0,27,2824,39,5673,29200,247,19,32,0.0,0.0,0,0,0.0,0.0,0,0,BruteForce
11583739,26,36,2136,2905,640,0,82.15384615,129.1460235,976,0,80.69444444,208.2262258,435.1790039,5.352330539,189897.3607,523745.0477,2239608,1,9764433,390577.32,802489.3803,2352939,2,11600000,330962.2571,660412.8835,2239608,32,0,0,0,0,864,1184,2.24452571,3.1078048289999995,0,976,80.01587302,176.9381605,31307.11265,0,0,0,1,0,0,0,0,1,81.30645161,82.15384615,80.69444444,864,0,0,0,0,0,0,26,2136,36,2905,29200,247,18,32,0.0,0.0,0,0,0.0,0.0,0,0,BruteForce
84,1,1,0,0,0,0,0.0,0.0,0,0,0.0,0.0,0.0,23809.52381,84.0,0.0,84,84,0,0.0,0.0,0,0,0,0.0,0.0,0,0,0,0,0,0,32,32,11904.7619,11904.7619,0,0,0.0,0.0,0.0,0,0,0,0,1,1,0,0,1,0.0,0.0,0.0,32,0,0,0,0,0,0,1,0,1,0,259,247,0,32,0.0,0.0,0,0,0.0,0.0,0,0,BruteForce
108,1,1,0,0,0,0,0.0,0.0,0,0,0.0,0.0,0.0,18518.51852,108.0,0.0,108,108,0,0.0,0.0,0,0,0,0.0,0.0,0,0,0,0,0,0,32,32,9259.259259,9259.259259,0,0,0.0,0.0,0.0,0,0,0,0,1,1,0,0,1,0.0,0.0,0.0,32,0,0,0,0,0,0,1,0,1,0,259,247,0,32,0.0,0.0,0,0,0.0,0.0,0,0,BruteForce
11937115,20,33,2008,2745,640,0,100.4,141.91413269999995,976,0,83.18181818,217.2857356,398.1699096,4.43993377,229559.9038,615861.2903,2242761,3,10300000,541921.2105,916162.3086,2305928,675,11900000,373030.375,754285.2467,2242761,3,0,0,0,0,648,1064,1.675446706,2.764487064,0,976,88.01851852,189.5902723,35944.47135,0,0,0,1,0,0,0,0,1,89.67924528,100.4,83.18181818,648,0,0,0,0,0,0,20,2008,33,2745,29200,247,16,32,0.0,0.0,0,0,0.0,0.0,0,0,BruteForce
34,1,1,0,0,0,0,0.0,0.0,0,0,0.0,0.0,0.0,58823.52941,34.0,0.0,34,34,0,0.0,0.0,0,0,0,0.0,0.0,0,0,0,0,0,0,32,32,29411.764710000003,29411.764710000003,0,0,0.0,0.0,0.0,0,0,0,0,1,1,0,0,1,0.0,0.0,0.0,32,0,0,0,0,0,0,1,0,1,0,259,247,0,32,0.0,0.0,0,0,0.0,0.0,0,0,BruteForce
83,1,1,0,0,0,0,0.0,0.0,0,0,0.0,0.0,0.0,24096.38554,83.0,0.0,83,83,0,0.0,0.0,0,0,0,0.0,0.0,0,0,0,0,0,0,32,32,12048.19277,12048.19277,0,0,0.0,0.0,0.0,0,0,0,0,1,1,0,0,1,0.0,0.0,0.0,32,0,0,0,0,0,0,1,0,1,0,259,247,0,32,0.0,0.0,0,0,0.0,0.0,0,0,BruteForce
12227720,20,33,2008,2745,640,0,100.4,141.91413269999995,976,0,83.18181818,217.2857356,388.7069707,4.334413938,235148.4615,637372.3263,2444376,3,9806730,516143.6842,882013.9061,2500891,3,12200000,382113.3438,781392.8829999998,2444376,4,0,0,0,0,648,1064,1.635627901,2.698786037,0,976,88.01851852,189.5902723,35944.47135,0,0,0,1,0,0,0,0,1,89.67924528,100.4,83.18181818,648,0,0,0,0,0,0,20,2008,33,2745,29200,247,16,32,0.0,0.0,0,0,0.0,0.0,0,0,BruteForce
13419855,24,33,2168,2745,640,0,90.33333333,132.0759553,976,0,83.18181818,217.2857356,366.0993356,4.247437845,239640.2679,628388.1953,2604184,2,11800000,511468.8261,889630.1177,2664912,2,13400000,419366.5,791604.2756,2604184,2,0,0,0,0,776,1088,1.788394882,2.459042963,0,976,84.70689655,183.5346909,33684.98276,0,0,0,1,0,0,0,0,1,86.19298246,90.33333333,83.18181818,776,0,0,0,0,0,0,24,2168,33,2745,29200,247,18,32,0.0,0.0,0,0,0.0,0.0,0,0,BruteForce
13278112,22,32,2008,2745,640,0,91.27272727,138.1821372,976,0,85.78125,220.240592,357.9575169,4.066843238,250530.4151,683931.3061,2592316,3,11600000,553510.5714,997497.7606,2662821,1065,13300000,428323.5484,855752.2846,2592316,3,0,0,0,0,712,1032,1.65686206,2.409981178,0,976,86.41818182,188.2012015,35419.69226,0,0,0,1,0,0,0,0,1,88.01851852,91.27272727,85.78125,712,0,0,0,0,0,0,22,2008,32,2745,29200,247,16,32,0.0,0.0,0,0,0.0,0.0,0,0,BruteForce
78,1,1,0,0,0,0,0.0,0.0,0,0,0.0,0.0,0.0,25641.02564,78.0,0.0,78,78,0,0.0,0.0,0,0,0,0.0,0.0,0,0,0,0,0,0,32,32,12820.51282,12820.51282,0,0,0.0,0.0,0.0,0,0,0,0,1,1,0,0,1,0.0,0.0,0.0,32,0,0,0,0,0,0,1,0,1,0,259,247,0,32,0.0,0.0,0,0,0.0,0.0,0,0,BruteForce
12556634,21,33,2008,2745,640,0,95.61904762,140.0451628,976,0,83.18181818,217.2857356,378.5250092,4.300515568,236917.6226,657298.1394,2608254,3,9961756,498087.8,895491.9868,2664718,49,12600000,392391.4062,813569.7015,2608254,3,0,0,0,0,680,1064,1.672422721,2.628092847,0,976,86.41818182,188.2012015,35419.69226,0,0,0,1,0,0,0,0,1,88.01851852,95.61904762,83.18181818,680,0,0,0,0,0,0,21,2008,33,2745,29200,247,16,32,0.0,0.0,0,0,0.0,0.0,0,0,BruteForce
66,1,1,0,0,0,0,0.0,0.0,0,0,0.0,0.0,0.0,30303.0303,66.0,0.0,66,66,0,0.0,0.0,0,0,0,0.0,0.0,0,0,0,0,0,0,32,32,15151.51515,15151.51515,0,0,0.0,0.0,0.0,0,0,0,0,1,1,0,0,1,0.0,0.0,0.0,32,0,0,0,0,0,0,1,0,1,0,259,247,0,32,0.0,0.0,0,0,0.0,0.0,0,0,BruteForce
13866883,22,32,2008,2745,640,0,91.27272727,138.1821372,976,0,85.78125,220.240592,342.7590757,3.894170016,261639.3019,718853.2647,2599528,19,11400000,541537.381,986796.4744,2648624,456,13900000,447315.8387,900048.4626,2599528,38,0,0,0,0,712,1032,1.58651371,2.307656306,0,976,86.41818182,188.2012015,35419.69226,0,0,0,1,0,0,0,0,1,88.01851852,91.27272727,85.78125,712,0,0,0,0,0,0,22,2008,32,2745,29200,247,16,32,0.0,0.0,0,0,0.0,0.0,0,0,BruteForce
14264548,22,33,2008,2745,640,0,91.27272727,138.1821372,976,0,83.18181818,217.2857356,333.2036879,3.855712778,264158.2963,725420.3773,2599903,3,11700000,554770.9524,998813.5991,2659923,921,14300000,445764.1875,903519.1113,2599903,3,0,0,0,0,712,1064,1.542285111,2.313427667,0,976,84.875,186.8396554,34909.05682,0,0,0,1,0,0,0,0,1,86.41818182,91.27272727,83.18181818,712,0,0,0,0,0,0,22,2008,33,2745,29200,247,16,32,0.0,0.0,0,0,0.0,0.0,0,0,BruteForce
86,1,1,0,0,0,0,0.0,0.0,0,0,0.0,0.0,0.0,23255.81395,86.0,0.0,86,86,0,0.0,0.0,0,0,0,0.0,0.0,0,0,0,0,0,0,32,32,11627.90698,11627.90698,0,0,0.0,0.0,0.0,0,0,0,0,1,1,0,0,1,0.0,0.0,0.0,32,0,0,0,0,0,0,1,0,1,0,259,247,0,32,0.0,0.0,0,0,0.0,0.0,0,0,BruteForce
76,1,1,0,0,0,0,0.0,0.0,0,0,0.0,0.0,0.0,26315.78947,76.0,0.0,76,76,0,0.0,0.0,0,0,0,0.0,0.0,0,0,0,0,0,0,32,32,13157.89474,13157.89474,0,0,0.0,0.0,0.0,0,0,0,0,1,1,0,0,1,0.0,0.0,0.0,32,0,0,0,0,0,0,1,0,1,0,259,247,0,32,0.0,0.0,0,0,0.0,0.0,0,0,BruteForce
13467074,22,33,2008,2745,640,0,91.27272727,138.1821372,976,0,83.18181818,217.2857356,352.9348691,4.084034883999999,249390.2593,689224.3982,2612271,3,11300000,536367.6667,973577.2006,2657343,3,13500000,420843.1563,859040.0754,2612271,4,0,0,0,0,712,1064,1.633613954,2.45042093,0,976,84.875,186.8396554,34909.05682,0,0,0,1,0,0,0,0,1,86.41818182,91.27272727,83.18181818,712,0,0,0,0,0,0,22,2008,33,2745,29200,247,16,32,0.0,0.0,0,0,0.0,0.0,0,0,BruteForce
13545885,22,33,2008,2745,640,0,91.27272727,138.1821372,976,0,83.18181818,217.2857356,350.881467,4.060273655,250849.7222,687582.5483,2592192,4,11300000,539938.5714,975197.8381,2664099,917,13500000,423306.0313,856322.4121,2592192,4,0,0,0,0,712,1064,1.6241094619999998,2.436164193,0,976,84.875,186.8396554,34909.05682,0,0,0,1,0,0,0,0,1,86.41818182,91.27272727,83.18181818,712,0,0,0,0,0,0,22,2008,33,2745,29200,247,16,32,0.0,0.0,0,0,0.0,0.0,0,0,BruteForce
63,1,1,0,0,0,0,0.0,0.0,0,0,0.0,0.0,0.0,31746.03175,63.0,0.0,63,63,0,0.0,0.0,0,0,0,0.0,0.0,0,0,0,0,0,0,32,32,15873.01587,15873.01587,0,0,0.0,0.0,0.0,0,0,0,0,1,1,0,0,1,0.0,0.0,0.0,32,0,0,0,0,0,0,1,0,1,0,259,247,0,32,0.0,0.0,0,0,0.0,0.0,0,0,BruteForce
58,1,1,0,0,0,0,0.0,0.0,0,0,0.0,0.0,0.0,34482.75862,58.0,0.0,58,58,0,0.0,0.0,0,0,0,0.0,0.0,0,0,0,0,0,0,32,32,17241.37931,17241.37931,0,0,0.0,0.0,0.0,0,0,0,0,1,1,0,0,1,0.0,0.0,0.0,32,0,0,0,0,0,0,1,0,1,0,259,247,0,32,0.0,0.0,0,0,0.0,0.0,0,0,BruteForce
50,1,1,0,0,0,0,0.0,0.0,0,0,0.0,0.0,0.0,40000.0,50.0,0.0,50,50,0,0.0,0.0,0,0,0,0.0,0.0,0,0,0,0,0,0,32,32,20000.0,20000.0,0,0,0.0,0.0,0.0,0,0,0,0,1,1,0,0,1,0.0,0.0,0.0,32,0,0,0,0,0,0,1,0,1,0,259,247,0,32,0.0,0.0,0,0,0.0,0.0,0,0,BruteForce
48,1,1,0,0,0,0,0.0,0.0,0,0,0.0,0.0,0.0,41666.66667,48.0,0.0,48,48,0,0.0,0.0,0,0,0,0.0,0.0,0,0,0,0,0,0,32,32,20833.33333,20833.33333,0,0,0.0,0.0,0.0,0,0,0,0,1,1,0,0,1,0.0,0.0,0.0,32,0,0,0,0,0,0,1,0,1,0,259,247,0,32,0.0,0.0,0,0,0.0,0.0,0,0,BruteForce
78,1,1,0,0,0,0,0.0,0.0,0,0,0.0,0.0,0.0,25641.02564,78.0,0.0,78,78,0,0.0,0.0,0,0,0,0.0,0.0,0,0,0,0,0,0,32,32,12820.51282,12820.51282,0,0,0.0,0.0,0.0,0,0,0,0,1,1,0,0,1,0.0,0.0,0.0,32,0,0,0,0,0,0,1,0,1,0,259,247,0,32,0.0,0.0,0,0,0.0,0.0,0,0,BruteForce
72,1,1,0,0,0,0,0.0,0.0,0,0,0.0,0.0,0.0,27777.77778,72.0,0.0,72,72,0,0.0,0.0,0,0,0,0.0,0.0,0,0,0,0,0,0,32,32,13888.88889,13888.88889,0,0,0.0,0.0,0.0,0,0,0,0,1,1,0,0,1,0.0,0.0,0.0,32,0,0,0,0,0,0,1,0,1,0,259,247,0,32,0.0,0.0,0,0,0.0,0.0,0,0,BruteForce
101,1,1,0,0,0,0,0.0,0.0,0,0,0.0,0.0,0.0,19801.9802,101.0,0.0,101,101,0,0.0,0.0,0,0,0,0.0,0.0,0,0,0,0,0,0,32,32,9900.990099,9900.990099,0,0,0.0,0.0,0.0,0,0,0,0,1,1,0,0,1,0.0,0.0,0.0,32,0,0,0,0,0,0,1,0,1,0,259,247,0,32,0.0,0.0,0,0,0.0,0.0,0,0,BruteForce
113,1,1,0,0,0,0,0.0,0.0,0,0,0.0,0.0,0.0,17699.11504,113.0,0.0,113,113,0,0.0,0.0,0,0,0,0.0,0.0,0,0,0,0,0,0,32,32,8849.557522,8849.557522,0,0,0.0,0.0,0.0,0,0,0,0,1,1,0,0,1,0.0,0.0,0.0,32,0,0,0,0,0,0,1,0,1,0,259,247,0,32,0.0,0.0,0,0,0.0,0.0,0,0,BruteForce
12863786,21,32,2008,2745,640,0,95.61904762,140.0451628,976,0,85.78125,220.240592,369.486868,4.1200934160000005,247380.5,668915.034,2359939,4,11000000,547824.7,964929.1914,2405945,242,12900000,414955.9677,830021.0127,2359939,4,0,0,0,0,680,1032,1.632489844,2.487603572,0,976,88.01851852,189.5902723,35944.47135,0,0,0,1,0,0,0,0,1,89.67924528,95.61904762,85.78125,680,0,0,0,0,0,0,21,2008,32,2745,29200,247,16,32,0.0,0.0,0,0,0.0,0.0,0,0,BruteForce
12829884,20,33,2008,2745,640,0,100.4,141.91413269999995,976,0,83.18181818,217.2857356,370.4632092,4.130980452,246728.5385,664238.5903,2371264,3,10400000,548266.8947,929986.1846,2395909,4,12800000,400932.0938,813762.816,2371264,3,0,0,0,0,648,1064,1.5588605480000002,2.572119904,0,976,88.01851852,189.5902723,35944.47135,0,0,0,1,0,0,0,0,1,89.67924528,100.4,83.18181818,648,0,0,0,0,0,0,20,2008,33,2745,29200,247,16,32,0.0,0.0,0,0,0.0,0.0,0,0,BruteForce
34,1,1,0,0,0,0,0.0,0.0,0,0,0.0,0.0,0.0,58823.52941,34.0,0.0,34,34,0,0.0,0.0,0,0,0,0.0,0.0,0,0,0,0,0,0,32,32,29411.764710000003,29411.764710000003,0,0,0.0,0.0,0.0,0,0,0,0,1,1,0,0,1,0.0,0.0,0.0,32,0,0,0,0,0,0,1,0,1,0,259,247,0,32,0.0,0.0,0,0,0.0,0.0,0,0,BruteForce
47,1,1,0,0,0,0,0.0,0.0,0,0,0.0,0.0,0.0,42553.19149,47.0,0.0,47,47,0,0.0,0.0,0,0,0,0.0,0.0,0,0,0,0,0,0,32,32,21276.59574,21276.59574,0,0,0.0,0.0,0.0,0,0,0,0,1,1,0,0,1,0.0,0.0,0.0,32,0,0,0,0,0,0,1,0,1,0,259,247,0,32,0.0,0.0,0,0,0.0,0.0,0,0,BruteForce
12993073,19,31,2008,2745,640,0,105.6842105,143.76719319999995,976,0,88.5483871,223.315,365.8103052,3.848204347,265164.7551,695355.4304,2514312,3,11000000,611448.0,1009468.103,2560257,312,13000000,433097.8,851575.3622,2514312,3,0,0,0,0,616,1000,1.462317652,2.385886695,0,976,93.19607843,193.9302988,37608.96078,0,0,0,1,0,0,0,0,1,95.06,105.6842105,88.5483871,616,0,0,0,0,0,0,19,2008,31,2745,29200,247,16,32,0.0,0.0,0,0,0.0,0.0,0,0,BruteForce
13157453,21,32,2008,2745,640,0,95.61904762,140.0451628,976,0,85.78125,220.240592,361.2401276,4.028135233,253027.9423,684094.8155,2514526,3,11000000,551737.5,972969.3505,2569361,787,13200000,424428.6129,848828.3940000002,2514526,3,0,0,0,0,680,1032,1.5960535830000002,2.43208165,0,976,88.01851852,189.5902723,35944.47135,0,0,0,1,0,0,0,0,1,89.67924528,95.61904762,85.78125,680,0,0,0,0,0,0,21,2008,32,2745,29200,247,16,32,0.0,0.0,0,0,0.0,0.0,0,0,BruteForce
12429979,22,33,2008,2745,640,0,91.27272727,138.1821372,976,0,83.18181818,217.2857356,382.3819815,4.424786237,230184.7963,630497.5346,2216125,1,10300000,489871.2857,880823.1844,2264154,803,12400000,388433.75,785139.7532,2216125,3,0,0,0,0,712,1064,1.769914495,2.654871742,0,976,84.875,186.8396554,34909.05682,0,0,0,1,0,0,0,0,1,86.41818182,91.27272727,83.18181818,712,0,0,0,0,0,0,22,2008,33,2745,29200,247,16,32,0.0,0.0,0,0,0.0,0.0,0,0,BruteForce
12375623,22,33,2024,2745,640,0,92.0,138.3384394,976,0,83.18181818,217.2857356,385.3543373,4.4442207069999995,229178.2037,625556.0834,2212256,3,10400000,495921.5238,888257.5316,2264415,20,12400000,386734.7187,778828.9645,2212256,3,0,0,0,0,712,1064,1.777688283,2.666532424,0,976,85.16071429,186.8941146,34929.41006,0,0,0,1,0,0,0,0,1,86.70909091,92.0,83.18181818,712,0,0,0,0,0,0,22,2024,33,2745,29200,257,16,32,0.0,0.0,0,0,0.0,0.0,0,0,BruteForce
91,1,1,0,0,0,0,0.0,0.0,0,0,0.0,0.0,0.0,21978.02198,91.0,0.0,91,91,0,0.0,0.0,0,0,0,0.0,0.0,0,0,0,0,0,0,32,32,10989.01099,10989.01099,0,0,0.0,0.0,0.0,0,0,0,0,1,1,0,0,1,0.0,0.0,0.0,32,0,0,0,0,0,0,1,0,1,0,259,247,0,32,0.0,0.0,0,0,0.0,0.0,0,0,BruteForce
13462534,21,33,2008,2745,640,0,95.61904762,140.0451628,976,0,83.18181818,217.2857356,353.0538902,4.011131931,254010.0755,693576.2232,2533165,3,11300000,565992.5,995120.2952,2594059,17,13500000,420701.0,857152.6616,2533165,3,0,0,0,0,680,1064,1.55988464,2.451247291,0,976,86.41818182,188.2012015,35419.69226,0,0,0,1,0,0,0,0,1,88.01851852,95.61904762,83.18181818,680,0,0,0,0,0,0,21,2008,33,2745,29200,247,16,32,0.0,0.0,0,0,0.0,0.0,0,0,BruteForce
14005429,25,35,2200,2745,640,0,88.0,129.57365990000002,976,0,78.42857143,211.7064124,353.0773674,4.284052991,237380.1525,632603.7714,2253139,3,11800000,493274.0,868787.0447,2310179,5,14000000,411921.4706,793412.5011,2253139,3,0,0,0,0,808,1164,1.78502208,2.499030912,0,976,81.06557377,179.5748562,32247.12896,0,0,0,1,0,0,0,0,1,82.41666667,88.0,78.42857143,808,0,0,0,0,0,0,25,2200,35,2745,29200,247,19,32,0.0,0.0,0,0,0.0,0.0,0,0,BruteForce
14053469,28,39,2824,5673,640,0,100.8571429,138.9627486,976,0,145.4615385,315.0471014,604.6194004,4.767506158,212931.3485,580999.568,2240292,1,11900000,440393.5185,829539.855,2285959,1,14100000,369825.1316,730544.1098,2240292,3,0,0,0,0,940,1292,1.992390633,2.775115525,0,976,124.9558824,254.5507857,64796.1025,0,0,0,1,0,0,0,0,1,126.8208955,100.8571429,145.4615385,940,0,0,0,0,0,0,28,2824,39,5673,29200,247,19,32,0.0,0.0,0,0,0.0,0.0,0,0,BruteForce
14047372,27,38,2552,5673,640,0,94.51851852,137.42308909999997,976,0,149.2894737,318.35564910000005,585.5187718,4.62720002,219490.1875,590221.6337,2244103,1,11900000,456988.2308,842585.1458,2297038,1,14000000,379657.027,739879.9786,2244103,3,0,0,0,0,908,1248,1.922067701,2.7051323189999996,0,976,124.6212121,257.3263576,66216.85431,0,0,0,1,0,0,0,0,1,126.5384615,94.51851852,149.2894737,908,0,0,0,0,0,0,27,2552,38,5673,29200,247,18,32,0.0,0.0,0,0,0.0,0.0,0,0,BruteForce
42,1,1,0,0,0,0,0.0,0.0,0,0,0.0,0.0,0.0,47619.04762,42.0,0.0,42,42,0,0.0,0.0,0,0,0,0.0,0.0,0,0,0,0,0,0,32,32,23809.52381,23809.52381,0,0,0.0,0.0,0.0,0,0,0,0,1,1,0,0,1,0.0,0.0,0.0,32,0,0,0,0,0,0,1,0,1,0,259,257,0,32,0.0,0.0,0,0,0.0,0.0,0,0,BruteForce
87,1,1,0,0,0,0,0.0,0.0,0,0,0.0,0.0,0.0,22988.50575,87.0,0.0,87,87,0,0.0,0.0,0,0,0,0.0,0.0,0,0,0,0,0,0,32,32,11494.25287,11494.25287,0,0,0.0,0.0,0.0,0,0,0,0,1,1,0,0,1,0.0,0.0,0.0,32,0,0,0,0,0,0,1,0,1,0,259,247,0,32,0.0,0.0,0,0,0.0,0.0,0,0,BruteForce
13475807,23,33,2672,2745,664,0,116.17391299999998,180.244191,976,0,83.18181818,217.2857356,401.9796365,4.155595283,245014.6727,632177.8076,2260279,1,11900000,540885.1364,904564.2707,2305583,31,13500000,421114.9375,787593.7362,2260279,1,0,0,0,0,744,1076,1.706762348,2.448832934,0,976,95.03508772,200.4236553,40169.6416,0,0,0,1,0,0,0,0,1,96.73214286,116.17391299999998,83.18181818,744,0,0,0,0,0,0,23,2672,33,2745,29200,247,17,32,0.0,0.0,0,0,0.0,0.0,0,0,BruteForce
13526663,27,37,3288,5673,640,0,121.7777778,196.4150498,976,0,153.3243243,321.76044,662.4693762,4.7313960580000005,214708.9365,583144.1919,2264344,2,12000000,459779.1538,856204.7524,2314314,2,13500000,375737.6944,735156.3353,2264344,4,0,0,0,0,908,1216,1.996057712,2.7353383460000003,0,976,137.8615385,272.8598471,74452.49615,0,0,0,1,0,0,0,0,1,140.015625,121.7777778,153.3243243,908,0,0,0,0,0,0,27,3288,37,5673,29200,247,18,32,0.0,0.0,0,0,0.0,0.0,0,0,BruteForce
65,1,1,0,0,0,0,0.0,0.0,0,0,0.0,0.0,0.0,30769.23077,65.0,0.0,65,65,0,0.0,0.0,0,0,0,0.0,0.0,0,0,0,0,0,0,32,32,15384.61538,15384.61538,0,0,0.0,0.0,0.0,0,0,0,0,1,1,0,0,1,0.0,0.0,0.0,32,0,0,0,0,0,0,1,0,1,0,259,247,0,32,0.0,0.0,0,0,0.0,0.0,0,0,BruteForce
94,1,1,0,0,0,0,0.0,0.0,0,0,0.0,0.0,0.0,21276.59574,94.0,0.0,94,94,0,0.0,0.0,0,0,0,0.0,0.0,0,0,0,0,0,0,32,32,10638.29787,10638.29787,0,0,0.0,0.0,0.0,0,0,0,0,1,1,0,0,1,0.0,0.0,0.0,32,0,0,0,0,0,0,1,0,1,0,259,247,0,32,0.0,0.0,0,0,0.0,0.0,0,0,BruteForce
82,1,1,0,0,0,0,0.0,0.0,0,0,0.0,0.0,0.0,24390.2439,82.0,0.0,82,82,0,0.0,0.0,0,0,0,0.0,0.0,0,0,0,0,0,0,32,32,12195.12195,12195.12195,0,0,0.0,0.0,0.0,0,0,0,0,1,1,0,0,1,0.0,0.0,0.0,32,0,0,0,0,0,0,1,0,1,0,259,247,0,32,0.0,0.0,0,0,0.0,0.0,0,0,BruteForce
110,1,1,0,0,0,0,0.0,0.0,0,0,0.0,0.0,0.0,18181.81818,110.0,0.0,110,110,0,0.0,0.0,0,0,0,0.0,0.0,0,0,0,0,0,0,32,32,9090.909091,9090.909091,0,0,0.0,0.0,0.0,0,0,0,0,1,1,0,0,1,0.0,0.0,0.0,32,0,0,0,0,0,0,1,0,1,0,259,247,0,32,0.0,0.0,0,0,0.0,0.0,0,0,BruteForce
46,1,1,0,0,0,0,0.0,0.0,0,0,0.0,0.0,0.0,43478.26087,46.0,0.0,46,46,0,0.0,0.0,0,0,0,0.0,0.0,0,0,0,0,0,0,32,32,21739.13043,21739.13043,0,0,0.0,0.0,0.0,0,0,0,0,1,1,0,0,1,0.0,0.0,0.0,32,0,0,0,0,0,0,1,0,1,0,259,247,0,32,0.0,0.0,0,0,0.0,0.0,0,0,BruteForce
57,1,1,0,0,0,0,0.0,0.0,0,0,0.0,0.0,0.0,35087.7193,57.0,0.0,57,57,0,0.0,0.0,0,0,0,0.0,0.0,0,0,0,0,0,0,32,32,17543.85965,17543.85965,0,0,0.0,0.0,0.0,0,0,0,0,1,1,0,0,1,0.0,0.0,0.0,32,0,0,0,0,0,0,1,0,1,0,259,247,0,32,0.0,0.0,0,0,0.0,0.0,0,0,BruteForce
12394116,22,33,2008,2745,640,0,91.27272727,138.1821372,976,0,83.18181818,217.2857356,383.4884231,4.437589579,229520.6667,635555.4729,2316207,18,10100000,479777.9048,871130.2455,2361942,390,12400000,387313.3438,792169.5752,2316207,18,0,0,0,0,712,1064,1.775035832,2.662553747,0,976,84.875,186.8396554,34909.05682,0,0,0,1,0,0,0,0,1,86.41818182,91.27272727,83.18181818,712,0,0,0,0,0,0,22,2008,33,2745,29200,247,16,32,0.0,0.0,0,0,0.0,0.0,0,0,BruteForce
13499157,22,32,2024,2745,640,0,92.0,138.3384394,976,0,85.78125,220.240592,353.2813197,4.000249793,254701.0755,696689.2534,2436370,17,11200000,532347.9048,965666.6868,2489435,444,13500000,435454.3548,871851.2372,2436370,17,0,0,0,0,712,1032,1.6297313969999998,2.370518396,0,976,86.70909091,188.253835,35439.5064,0,0,0,1,0,0,0,0,1,88.31481481,92.0,85.78125,712,0,0,0,0,0,0,22,2024,32,2745,29200,257,16,32,0.0,0.0,0,0,0.0,0.0,0,0,BruteForce
12369887,22,33,2008,2745,640,0,91.27272727,138.1821372,976,0,83.18181818,217.2857356,384.239565,4.446281522,229071.9815,623862.8261,2472374,4,10300000,490852.3333,879022.2459,2516883,634,12400000,386555.5938,776504.8626,2472374,4,0,0,0,0,712,1064,1.778512609,2.667768913,0,976,84.875,186.8396554,34909.05682,0,0,0,1,0,0,0,0,1,86.41818182,91.27272727,83.18181818,712,0,0,0,0,0,0,22,2008,33,2745,29200,247,16,32,0.0,0.0,0,0,0.0,0.0,0,0,BruteForce
12291297,22,33,2008,2745,640,0,91.27272727,138.1821372,976,0,83.18181818,217.2857356,386.6963755,4.474710846,227616.6111,625612.1928,2473058,4,10200000,487077.5714,884174.4992,2516494,489,12300000,384099.5312,779339.4136,2473058,4,0,0,0,0,712,1064,1.789884338,2.684826508,0,976,84.875,186.8396554,34909.05682,0,0,0,1,0,0,0,0,1,86.41818182,91.27272727,83.18181818,712,0,0,0,0,0,0,22,2008,33,2745,29200,247,16,32,0.0,0.0,0,0,0.0,0.0,0,0,BruteForce
13213812,22,33,2008,2745,640,0,91.27272727,138.1821372,976,0,83.18181818,217.2857356,359.6993812,4.162311375,244700.2222,662718.3389,2464170,3,11300000,540354.4762,956302.0124,2513084,527,13200000,412929.5312,824466.9301,2464170,3,0,0,0,0,712,1064,1.66492455,2.497386825,0,976,84.875,186.8396554,34909.05682,0,0,0,1,0,0,0,0,1,86.41818182,91.27272727,83.18181818,712,0,0,0,0,0,0,22,2008,33,2745,29200,247,16,32,0.0,0.0,0,0,0.0,0.0,0,0,BruteForce
72,1,1,0,0,0,0,0.0,0.0,0,0,0.0,0.0,0.0,27777.77778,72.0,0.0,72,72,0,0.0,0.0,0,0,0,0.0,0.0,0,0,0,0,0,0,32,32,13888.88889,13888.88889,0,0,0.0,0.0,0.0,0,0,0,0,1,1,0,0,1,0.0,0.0,0.0,32,0,0,0,0,0,0,1,0,1,0,259,247,0,32,0.0,0.0,0,0,0.0,0.0,0,0,BruteForce
70,1,1,0,0,0,0,0.0,0.0,0,0,0.0,0.0,0.0,28571.42857,70.0,0.0,70,70,0,0.0,0.0,0,0,0,0.0,0.0,0,0,0,0,0,0,32,32,14285.71429,14285.71429,0,0,0.0,0.0,0.0,0,0,0,0,1,1,0,0,1,0.0,0.0,0.0,32,0,0,0,0,0,0,1,0,1,0,259,247,0,32,0.0,0.0,0,0,0.0,0.0,0,0,BruteForce
72,1,1,0,0,0,0,0.0,0.0,0,0,0.0,0.0,0.0,27777.77778,72.0,0.0,72,72,0,0.0,0.0,0,0,0,0.0,0.0,0,0,0,0,0,0,32,32,13888.88889,13888.88889,0,0,0.0,0.0,0.0,0,0,0,0,1,1,0,0,1,0.0,0.0,0.0,32,0,0,0,0,0,0,1,0,1,0,259,247,0,32,0.0,0.0,0,0,0.0,0.0,0,0,BruteForce
75,1,1,0,0,0,0,0.0,0.0,0,0,0.0,0.0,0.0,26666.66667,75.0,0.0,75,75,0,0.0,0.0,0,0,0,0.0,0.0,0,0,0,0,0,0,32,32,13333.33333,13333.33333,0,0,0.0,0.0,0.0,0,0,0,0,1,1,0,0,1,0.0,0.0,0.0,32,0,0,0,0,0,0,1,0,1,0,259,247,0,32,0.0,0.0,0,0,0.0,0.0,0,0,BruteForce
79,1,1,0,0,0,0,0.0,0.0,0,0,0.0,0.0,0.0,25316.4557,79.0,0.0,79,79,0,0.0,0.0,0,0,0,0.0,0.0,0,0,0,0,0,0,32,32,12658.22785,12658.22785,0,0,0.0,0.0,0.0,0,0,0,0,1,1,0,0,1,0.0,0.0,0.0,32,0,0,0,0,0,0,1,0,1,0,259,247,0,32,0.0,0.0,0,0,0.0,0.0,0,0,BruteForce
13592760,22,33,2008,2745,640,0,91.27272727,138.1821372,976,0,83.18181818,217.2857356,349.67144269999994,4.0462716919999995,251717.7778,621022.8324,2160661,3,11500000,548051.9524,845554.4158,2204181,373,13600000,424769.6563,765966.2338,2160661,3,0,0,0,0,720,1072,1.618508677,2.427763015,0,976,84.875,186.8396554,34909.05682,0,0,0,1,0,0,0,0,1,86.41818182,91.27272727,83.18181818,720,0,0,0,0,0,0,22,2008,33,2745,29200,247,16,32,0.0,0.0,0,0,0.0,0.0,0,0,BruteForce
13609590,22,32,2008,2745,640,0,91.27272727,138.1821372,976,0,85.78125,220.240592,349.2390292,3.96779036,256784.717,646103.2743,2158516,3,11500000,548574.1429,882580.0615,2201615,462,13600000,439014.4516,803407.0732,2158516,3,0,0,0,0,712,1032,1.616507184,2.351283176,0,976,86.41818182,188.2012015,35419.69226,0,0,0,1,0,0,0,0,1,88.01851852,91.27272727,85.78125,712,0,0,0,0,0,0,22,2008,32,2745,29200,247,16,32,0.0,0.0,0,0,0.0,0.0,0,0,BruteForce
13653780,22,33,2008,2745,640,0,91.27272727,138.1821372,976,0,83.18181818,217.2857356,348.1087289,4.0281885310000005,252847.7778,635320.4385,2179059,4,11600000,550847.5238,875265.1505,2232712,393,13700000,426678.1563,788277.5052,2179059,4,0,0,0,0,712,1064,1.611275412,2.416913119,0,976,84.875,186.8396554,34909.05682,0,0,0,1,0,0,0,0,1,86.41818182,91.27272727,83.18181818,712,0,0,0,0,0,0,22,2008,33,2745,29200,247,16,32,0.0,0.0,0,0,0.0,0.0,0,0,BruteForce
13681270,22,33,2008,2745,640,0,91.27272727,138.1821372,976,0,83.18181818,217.2857356,347.4092683,4.020094626000001,253356.8519,636195.3968,2172242,3,11600000,552384.9524,878058.127,2234051,498,13700000,427537.2188,789270.4077,2172242,3,0,0,0,0,712,1064,1.60803785,2.412056775,0,976,84.875,186.8396554,34909.05682,0,0,0,1,0,0,0,0,1,86.41818182,91.27272727,83.18181818,712,0,0,0,0,0,0,22,2008,33,2745,29200,247,16,32,0.0,0.0,0,0,0.0,0.0,0,0,BruteForce
